periodo,cantidad,monto_neto,producto_id,codigo,nombre,categoria
2022-06-06,130.0,3842974.79,1,SPC-DARK,SPC DARK,Pisos SPC
2022-06-13,24.0,709472.27,1,SPC-DARK,SPC DARK,Pisos SPC
2022-06-20,1.0,29561.34,1,SPC-DARK,SPC DARK,Pisos SPC
2022-06-27,0.0,0.0,1,SPC-DARK,SPC DARK,Pisos SPC
2022-07-04,30.0,886840.3300000001,1,SPC-DARK,SPC DARK,Pisos SPC
2022-07-11,0.0,0.0,1,SPC-DARK,SPC DARK,Pisos SPC
2022-07-18,0.0,0.0,1,SPC-DARK,SPC DARK,Pisos SPC
2022-07-25,65.0,1921487.39,1,SPC-DARK,SPC DARK,Pisos SPC
2022-08-01,0.0,0.0,1,SPC-DARK,SPC DARK,Pisos SPC
2022-08-08,4.0,118245.38,1,SPC-DARK,SPC DARK,Pisos SPC
2022-08-15,2.0,59122.69,1,SPC-DARK,SPC DARK,Pisos SPC
2022-08-22,25.0,739033.61,1,SPC-DARK,SPC DARK,Pisos SPC
2022-08-29,2.0,59122.69,1,SPC-DARK,SPC DARK,Pisos SPC
2022-09-05,0.0,0.0,1,SPC-DARK,SPC DARK,Pisos SPC
2022-09-12,0.0,0.0,1,SPC-DARK,SPC DARK,Pisos SPC
2022-09-19,0.0,0.0,1,SPC-DARK,SPC DARK,Pisos SPC
2022-09-26,4.0,118245.38,1,SPC-DARK,SPC DARK,Pisos SPC
2022-10-03,48.0,1418944.53,1,SPC-DARK,SPC DARK,Pisos SPC
2022-10-10,21.0,620788.24,1,SPC-DARK,SPC DARK,Pisos SPC
2022-10-17,0.0,0.0,1,SPC-DARK,SPC DARK,Pisos SPC
2022-10-24,228.0,6739986.55,1,SPC-DARK,SPC DARK,Pisos SPC
2022-10-31,0.0,0.0,1,SPC-DARK,SPC DARK,Pisos SPC
2022-11-07,40.0,1182453.78,1,SPC-DARK,SPC DARK,Pisos SPC
2022-11-14,44.0,1300699.16,1,SPC-DARK,SPC DARK,Pisos SPC
2022-11-21,12.0,354736.13,1,SPC-DARK,SPC DARK,Pisos SPC
2022-11-28,6.0,177368.06,1,SPC-DARK,SPC DARK,Pisos SPC
2022-12-05,3.0,88684.03,1,SPC-DARK,SPC DARK,Pisos SPC
2022-12-12,27.0,798156.3,1,SPC-DARK,SPC DARK,Pisos SPC
2022-12-19,2.0,59122.69,1,SPC-DARK,SPC DARK,Pisos SPC
2022-12-26,53.0,1566751.26,1,SPC-DARK,SPC DARK,Pisos SPC
2023-01-02,130.0,3842974.79,1,SPC-DARK,SPC DARK,Pisos SPC
2023-01-09,19.0,561665.55,1,SPC-DARK,SPC DARK,Pisos SPC
2023-01-16,26.0,768594.96,1,SPC-DARK,SPC DARK,Pisos SPC
2023-01-23,13.0,384297.48,1,SPC-DARK,SPC DARK,Pisos SPC
2023-01-30,8.0,236490.76,1,SPC-DARK,SPC DARK,Pisos SPC
2023-02-06,44.0,1300699.1600000001,1,SPC-DARK,SPC DARK,Pisos SPC
2023-02-13,0.0,0.0,1,SPC-DARK,SPC DARK,Pisos SPC
2023-02-20,18.0,532104.2,1,SPC-DARK,SPC DARK,Pisos SPC
2023-02-27,7.0,206929.41,1,SPC-DARK,SPC DARK,Pisos SPC
2023-03-06,50.0,1478067.23,1,SPC-DARK,SPC DARK,Pisos SPC
2023-03-13,0.0,0.0,1,SPC-DARK,SPC DARK,Pisos SPC
2023-03-20,13.0,384297.48,1,SPC-DARK,SPC DARK,Pisos SPC
2023-03-27,18.0,532104.2,1,SPC-DARK,SPC DARK,Pisos SPC
2023-04-03,130.0,3842974.79,1,SPC-DARK,SPC DARK,Pisos SPC
2023-04-10,0.0,0.0,1,SPC-DARK,SPC DARK,Pisos SPC
2023-04-17,4.0,118245.38,1,SPC-DARK,SPC DARK,Pisos SPC
2023-04-24,7.0,206929.41,1,SPC-DARK,SPC DARK,Pisos SPC
2023-05-01,188.0,5557532.77,1,SPC-DARK,SPC DARK,Pisos SPC
2023-05-08,46.0,1359821.86,1,SPC-DARK,SPC DARK,Pisos SPC
2023-05-15,8.0,236490.76,1,SPC-DARK,SPC DARK,Pisos SPC
2023-05-22,22.0,650349.5800000001,1,SPC-DARK,SPC DARK,Pisos SPC
2023-05-29,0.0,0.0,1,SPC-DARK,SPC DARK,Pisos SPC
2023-06-05,0.0,0.0,1,SPC-DARK,SPC DARK,Pisos SPC
2023-06-12,16.0,472981.51,1,SPC-DARK,SPC DARK,Pisos SPC
2023-06-19,2.0,59122.69,1,SPC-DARK,SPC DARK,Pisos SPC
2023-06-26,0.0,0.0,1,SPC-DARK,SPC DARK,Pisos SPC
2023-07-03,2.0,59122.69,1,SPC-DARK,SPC DARK,Pisos SPC
2023-07-10,0.0,0.0,1,SPC-DARK,SPC DARK,Pisos SPC
2023-07-17,2.0,59122.69,1,SPC-DARK,SPC DARK,Pisos SPC
2023-07-24,8.0,236490.76,1,SPC-DARK,SPC DARK,Pisos SPC
2023-07-31,3.0,88684.03,1,SPC-DARK,SPC DARK,Pisos SPC
2023-08-07,16.0,472981.51,1,SPC-DARK,SPC DARK,Pisos SPC
2023-08-14,0.0,0.0,1,SPC-DARK,SPC DARK,Pisos SPC
2023-08-21,0.0,0.0,1,SPC-DARK,SPC DARK,Pisos SPC
2023-08-28,0.0,0.0,1,SPC-DARK,SPC DARK,Pisos SPC
2023-09-04,7.0,206929.41,1,SPC-DARK,SPC DARK,Pisos SPC
2023-09-11,6.0,177368.07,1,SPC-DARK,SPC DARK,Pisos SPC
2023-09-18,0.0,0.0,1,SPC-DARK,SPC DARK,Pisos SPC
2023-09-25,1.0,29561.34,1,SPC-DARK,SPC DARK,Pisos SPC
2023-10-02,0.0,0.0,1,SPC-DARK,SPC DARK,Pisos SPC
2023-10-09,0.0,0.0,1,SPC-DARK,SPC DARK,Pisos SPC
2023-10-16,0.0,0.0,1,SPC-DARK,SPC DARK,Pisos SPC
2023-10-23,65.0,1921487.39,1,SPC-DARK,SPC DARK,Pisos SPC
2023-10-30,5.0,147806.72,1,SPC-DARK,SPC DARK,Pisos SPC
2023-11-06,0.0,0.0,1,SPC-DARK,SPC DARK,Pisos SPC
2023-11-13,22.0,650349.58,1,SPC-DARK,SPC DARK,Pisos SPC
2023-11-20,1.0,29561.34,1,SPC-DARK,SPC DARK,Pisos SPC
2023-11-27,0.0,0.0,1,SPC-DARK,SPC DARK,Pisos SPC
2023-12-04,0.0,0.0,1,SPC-DARK,SPC DARK,Pisos SPC
2023-12-11,0.0,0.0,1,SPC-DARK,SPC DARK,Pisos SPC
2023-12-18,26.0,768594.96,1,SPC-DARK,SPC DARK,Pisos SPC
2023-12-25,0.0,0.0,1,SPC-DARK,SPC DARK,Pisos SPC
2024-01-01,6.0,177368.06,1,SPC-DARK,SPC DARK,Pisos SPC
2024-01-08,15.0,443420.17,1,SPC-DARK,SPC DARK,Pisos SPC
2024-01-15,0.0,0.0,1,SPC-DARK,SPC DARK,Pisos SPC
2024-01-22,63.0,1862364.7,1,SPC-DARK,SPC DARK,Pisos SPC
2024-01-29,24.0,709472.27,1,SPC-DARK,SPC DARK,Pisos SPC
2024-02-05,33.0,975524.37,1,SPC-DARK,SPC DARK,Pisos SPC
2024-02-12,113.5,3355212.59,1,SPC-DARK,SPC DARK,Pisos SPC
2024-02-19,49.0,1448505.88,1,SPC-DARK,SPC DARK,Pisos SPC
2024-02-26,17.0,502542.83999999997,1,SPC-DARK,SPC DARK,Pisos SPC
2024-03-04,1.0,29561.34,1,SPC-DARK,SPC DARK,Pisos SPC
2024-03-11,65.0,1921487.39,1,SPC-DARK,SPC DARK,Pisos SPC
2024-03-18,22.0,650349.58,1,SPC-DARK,SPC DARK,Pisos SPC
2024-03-25,3.0,88684.03,1,SPC-DARK,SPC DARK,Pisos SPC
2024-04-01,59.0,1744119.33,1,SPC-DARK,SPC DARK,Pisos SPC
2024-04-08,13.0,384297.48,1,SPC-DARK,SPC DARK,Pisos SPC
2024-04-15,35.0,1034647.06,1,SPC-DARK,SPC DARK,Pisos SPC
2024-04-22,0.0,0.0,1,SPC-DARK,SPC DARK,Pisos SPC
2024-04-29,0.0,0.0,1,SPC-DARK,SPC DARK,Pisos SPC
2024-05-06,0.0,0.0,1,SPC-DARK,SPC DARK,Pisos SPC
2024-05-13,0.0,0.0,1,SPC-DARK,SPC DARK,Pisos SPC
2024-05-20,0.0,0.0,1,SPC-DARK,SPC DARK,Pisos SPC
2024-05-27,0.0,0.0,1,SPC-DARK,SPC DARK,Pisos SPC
2024-06-03,65.0,1921487.39,1,SPC-DARK,SPC DARK,Pisos SPC
2024-06-10,27.0,798156.2999999999,1,SPC-DARK,SPC DARK,Pisos SPC
2024-06-17,135.0,3990781.5100000002,1,SPC-DARK,SPC DARK,Pisos SPC
2024-06-24,0.0,0.0,1,SPC-DARK,SPC DARK,Pisos SPC
2024-07-01,34.0,1005085.72,1,SPC-DARK,SPC DARK,Pisos SPC
2024-07-08,26.0,768594.95,1,SPC-DARK,SPC DARK,Pisos SPC
2024-07-15,0.0,0.0,1,SPC-DARK,SPC DARK,Pisos SPC
2024-07-22,3.0,88684.03,1,SPC-DARK,SPC DARK,Pisos SPC
2024-07-29,40.0,1182453.78,1,SPC-DARK,SPC DARK,Pisos SPC
2024-08-05,0.0,0.0,1,SPC-DARK,SPC DARK,Pisos SPC
2024-08-12,9.0,266052.08999999997,1,SPC-DARK,SPC DARK,Pisos SPC
2024-08-19,9.0,266052.10000000003,1,SPC-DARK,SPC DARK,Pisos SPC
2024-08-26,0.0,0.0,1,SPC-DARK,SPC DARK,Pisos SPC
2024-09-02,0.0,0.0,1,SPC-DARK,SPC DARK,Pisos SPC
2024-09-09,0.0,0.0,1,SPC-DARK,SPC DARK,Pisos SPC
2024-09-16,0.0,0.0,1,SPC-DARK,SPC DARK,Pisos SPC
2024-09-23,0.0,0.0,1,SPC-DARK,SPC DARK,Pisos SPC
2024-09-30,0.0,0.0,1,SPC-DARK,SPC DARK,Pisos SPC
2024-10-07,0.0,0.0,1,SPC-DARK,SPC DARK,Pisos SPC
2024-10-14,0.0,0.0,1,SPC-DARK,SPC DARK,Pisos SPC
2024-10-21,0.0,0.0,1,SPC-DARK,SPC DARK,Pisos SPC
2024-10-28,0.0,0.0,1,SPC-DARK,SPC DARK,Pisos SPC
2024-11-04,1.0,29561.34,1,SPC-DARK,SPC DARK,Pisos SPC
2024-11-11,0.0,0.0,1,SPC-DARK,SPC DARK,Pisos SPC
2024-11-18,2.0,59122.69,1,SPC-DARK,SPC DARK,Pisos SPC
2024-11-25,24.0,709472.27,1,SPC-DARK,SPC DARK,Pisos SPC
2024-12-02,0.0,0.0,1,SPC-DARK,SPC DARK,Pisos SPC
2024-12-09,2.0,59122.69,1,SPC-DARK,SPC DARK,Pisos SPC
2024-12-16,8.0,236490.76,1,SPC-DARK,SPC DARK,Pisos SPC
2024-12-23,0.0,0.0,1,SPC-DARK,SPC DARK,Pisos SPC
2024-12-30,0.0,0.0,1,SPC-DARK,SPC DARK,Pisos SPC
2025-01-06,0.0,0.0,1,SPC-DARK,SPC DARK,Pisos SPC
2025-01-13,0.0,0.0,1,SPC-DARK,SPC DARK,Pisos SPC
2025-01-20,0.0,0.0,1,SPC-DARK,SPC DARK,Pisos SPC
2025-01-27,0.0,0.0,1,SPC-DARK,SPC DARK,Pisos SPC
2025-02-03,0.0,0.0,1,SPC-DARK,SPC DARK,Pisos SPC
2025-02-10,56.0,1655435.29,1,SPC-DARK,SPC DARK,Pisos SPC
2025-02-17,61.0,1803242.02,1,SPC-DARK,SPC DARK,Pisos SPC
2025-02-24,2.0,59122.69,1,SPC-DARK,SPC DARK,Pisos SPC
2025-03-03,27.0,798156.3,1,SPC-DARK,SPC DARK,Pisos SPC
2025-03-10,0.0,0.0,1,SPC-DARK,SPC DARK,Pisos SPC
2025-03-17,8.0,236490.75,1,SPC-DARK,SPC DARK,Pisos SPC
2025-03-24,4.0,118245.38,1,SPC-DARK,SPC DARK,Pisos SPC
2025-03-31,85.0,2512714.29,1,SPC-DARK,SPC DARK,Pisos SPC
2025-04-07,2.0,59122.69,1,SPC-DARK,SPC DARK,Pisos SPC
2025-04-14,13.0,384297.48,1,SPC-DARK,SPC DARK,Pisos SPC
2025-04-21,11.0,325174.79,1,SPC-DARK,SPC DARK,Pisos SPC
2025-04-28,27.0,798156.2999999999,1,SPC-DARK,SPC DARK,Pisos SPC
2025-05-05,15.0,443420.17,1,SPC-DARK,SPC DARK,Pisos SPC
2025-05-12,4.0,118245.38,1,SPC-DARK,SPC DARK,Pisos SPC
2025-05-19,4.0,118245.38,1,SPC-DARK,SPC DARK,Pisos SPC
2025-05-26,12.0,354736.13,1,SPC-DARK,SPC DARK,Pisos SPC
2025-06-02,4.0,118245.38,1,SPC-DARK,SPC DARK,Pisos SPC
2025-06-09,38.0,1123331.09,1,SPC-DARK,SPC DARK,Pisos SPC
2025-06-16,13.0,384297.48,1,SPC-DARK,SPC DARK,Pisos SPC
2025-06-23,3.0,88684.03,1,SPC-DARK,SPC DARK,Pisos SPC
2025-06-30,24.0,709472.27,1,SPC-DARK,SPC DARK,Pisos SPC
2025-07-07,12.0,354736.13,1,SPC-DARK,SPC DARK,Pisos SPC
2025-07-14,3.0,88684.03,1,SPC-DARK,SPC DARK,Pisos SPC
2025-07-21,4.0,118245.38,1,SPC-DARK,SPC DARK,Pisos SPC
2025-07-28,8.0,236490.76,1,SPC-DARK,SPC DARK,Pisos SPC
2025-08-04,21.0,620788.23,1,SPC-DARK,SPC DARK,Pisos SPC
2025-08-11,0.0,0.0,1,SPC-DARK,SPC DARK,Pisos SPC
2025-08-18,43.0,1271137.82,1,SPC-DARK,SPC DARK,Pisos SPC
2025-08-25,45.0,1330260.51,1,SPC-DARK,SPC DARK,Pisos SPC
2025-09-01,36.0,1064208.4,1,SPC-DARK,SPC DARK,Pisos SPC
2025-09-08,0.0,0.0,1,SPC-DARK,SPC DARK,Pisos SPC
2025-09-15,0.0,0.0,1,SPC-DARK,SPC DARK,Pisos SPC
2025-09-22,0.0,0.0,1,SPC-DARK,SPC DARK,Pisos SPC
2025-09-29,22.0,650349.58,1,SPC-DARK,SPC DARK,Pisos SPC
2025-10-06,58.0,1714557.9900000002,1,SPC-DARK,SPC DARK,Pisos SPC
2025-10-13,7.0,206929.41,1,SPC-DARK,SPC DARK,Pisos SPC
2025-10-20,12.0,354736.14,1,SPC-DARK,SPC DARK,Pisos SPC
2025-10-27,18.0,532104.2,1,SPC-DARK,SPC DARK,Pisos SPC
2025-11-03,62.0,1832803.36,1,SPC-DARK,SPC DARK,Pisos SPC
2025-11-10,125.0,3695168.07,1,SPC-DARK,SPC DARK,Pisos SPC
2025-11-17,42.0,1241576.47,1,SPC-DARK,SPC DARK,Pisos SPC
2025-11-24,37.0,1093769.75,1,SPC-DARK,SPC DARK,Pisos SPC
2025-12-01,60.0,1773680.67,1,SPC-DARK,SPC DARK,Pisos SPC
2025-12-08,8.0,236490.76,1,SPC-DARK,SPC DARK,Pisos SPC
2025-12-15,0.0,0.0,1,SPC-DARK,SPC DARK,Pisos SPC
2025-12-22,1.0,29561.34,1,SPC-DARK,SPC DARK,Pisos SPC
2025-12-29,1.0,29561.34,1,SPC-DARK,SPC DARK,Pisos SPC
2026-01-05,0.0,0.0,1,SPC-DARK,SPC DARK,Pisos SPC
2026-01-12,0.0,0.0,1,SPC-DARK,SPC DARK,Pisos SPC
2026-01-19,0.0,0.0,1,SPC-DARK,SPC DARK,Pisos SPC
2026-01-26,0.0,0.0,1,SPC-DARK,SPC DARK,Pisos SPC
2026-02-02,0.0,0.0,1,SPC-DARK,SPC DARK,Pisos SPC
2026-02-09,0.0,0.0,1,SPC-DARK,SPC DARK,Pisos SPC
2026-02-16,0.0,0.0,1,SPC-DARK,SPC DARK,Pisos SPC
2026-02-23,289.0,8543228.58,1,SPC-DARK,SPC DARK,Pisos SPC
2026-03-02,62.0,1832803.3699999999,1,SPC-DARK,SPC DARK,Pisos SPC
2026-03-09,50.0,1478067.23,1,SPC-DARK,SPC DARK,Pisos SPC
2026-03-16,52.0,1537189.92,1,SPC-DARK,SPC DARK,Pisos SPC
2026-03-23,0.0,0.0,1,SPC-DARK,SPC DARK,Pisos SPC
2026-03-30,16.0,472981.51,1,SPC-DARK,SPC DARK,Pisos SPC
2026-04-06,32.0,945963.02,1,SPC-DARK,SPC DARK,Pisos SPC
2026-04-13,15.0,443420.17,1,SPC-DARK,SPC DARK,Pisos SPC
2026-04-20,60.0,1773680.67,1,SPC-DARK,SPC DARK,Pisos SPC
2026-04-27,0.0,0.0,1,SPC-DARK,SPC DARK,Pisos SPC
2026-05-04,115.0,3399554.62,1,SPC-DARK,SPC DARK,Pisos SPC
2026-05-11,4.0,118245.38,1,SPC-DARK,SPC DARK,Pisos SPC
2026-05-18,7.0,206929.41,1,SPC-DARK,SPC DARK,Pisos SPC
2026-05-25,15.0,443420.17,1,SPC-DARK,SPC DARK,Pisos SPC
2026-06-01,11.0,325174.79,1,SPC-DARK,SPC DARK,Pisos SPC
2026-06-08,0.0,0.0,1,SPC-DARK,SPC DARK,Pisos SPC
2026-06-15,0.0,0.0,1,SPC-DARK,SPC DARK,Pisos SPC
2026-06-22,0.0,0.0,1,SPC-DARK,SPC DARK,Pisos SPC
2026-06-29,0.0,0.0,1,SPC-DARK,SPC DARK,Pisos SPC
2026-07-06,0.0,0.0,1,SPC-DARK,SPC DARK,Pisos SPC
2022-06-06,130.0,3842974.79,2,SPC-MEDIUM,SPC MEDIUM,Pisos SPC
2022-06-13,7.0,206929.41,2,SPC-MEDIUM,SPC MEDIUM,Pisos SPC
2022-06-20,0.0,0.0,2,SPC-MEDIUM,SPC MEDIUM,Pisos SPC
2022-06-27,0.0,0.0,2,SPC-MEDIUM,SPC MEDIUM,Pisos SPC
2022-07-04,0.0,0.0,2,SPC-MEDIUM,SPC MEDIUM,Pisos SPC
2022-07-11,0.0,0.0,2,SPC-MEDIUM,SPC MEDIUM,Pisos SPC
2022-07-18,0.0,0.0,2,SPC-MEDIUM,SPC MEDIUM,Pisos SPC
2022-07-25,65.0,1921487.39,2,SPC-MEDIUM,SPC MEDIUM,Pisos SPC
2022-08-01,0.0,0.0,2,SPC-MEDIUM,SPC MEDIUM,Pisos SPC
2022-08-08,0.0,0.0,2,SPC-MEDIUM,SPC MEDIUM,Pisos SPC
2022-08-15,0.0,0.0,2,SPC-MEDIUM,SPC MEDIUM,Pisos SPC
2022-08-22,0.0,0.0,2,SPC-MEDIUM,SPC MEDIUM,Pisos SPC
2022-08-29,0.0,0.0,2,SPC-MEDIUM,SPC MEDIUM,Pisos SPC
2022-09-05,0.0,0.0,2,SPC-MEDIUM,SPC MEDIUM,Pisos SPC
2022-09-12,0.0,0.0,2,SPC-MEDIUM,SPC MEDIUM,Pisos SPC
2022-09-19,27.0,798156.3,2,SPC-MEDIUM,SPC MEDIUM,Pisos SPC
2022-09-26,0.0,0.0,2,SPC-MEDIUM,SPC MEDIUM,Pisos SPC
2022-10-03,47.0,1389383.19,2,SPC-MEDIUM,SPC MEDIUM,Pisos SPC
2022-10-10,0.0,0.0,2,SPC-MEDIUM,SPC MEDIUM,Pisos SPC
2022-10-17,0.0,0.0,2,SPC-MEDIUM,SPC MEDIUM,Pisos SPC
2022-10-24,65.0,1921487.39,2,SPC-MEDIUM,SPC MEDIUM,Pisos SPC
2022-10-31,0.0,0.0,2,SPC-MEDIUM,SPC MEDIUM,Pisos SPC
2022-11-07,0.0,0.0,2,SPC-MEDIUM,SPC MEDIUM,Pisos SPC
2022-11-14,36.0,1064208.4,2,SPC-MEDIUM,SPC MEDIUM,Pisos SPC
2022-11-21,0.0,0.0,2,SPC-MEDIUM,SPC MEDIUM,Pisos SPC
2022-11-28,0.0,0.0,2,SPC-MEDIUM,SPC MEDIUM,Pisos SPC
2022-12-05,0.0,0.0,2,SPC-MEDIUM,SPC MEDIUM,Pisos SPC
2022-12-12,3.0,88684.03,2,SPC-MEDIUM,SPC MEDIUM,Pisos SPC
2022-12-19,0.0,0.0,2,SPC-MEDIUM,SPC MEDIUM,Pisos SPC
2022-12-26,0.0,0.0,2,SPC-MEDIUM,SPC MEDIUM,Pisos SPC
2023-01-02,0.0,0.0,2,SPC-MEDIUM,SPC MEDIUM,Pisos SPC
2023-01-09,0.0,0.0,2,SPC-MEDIUM,SPC MEDIUM,Pisos SPC
2023-01-16,0.0,0.0,2,SPC-MEDIUM,SPC MEDIUM,Pisos SPC
2023-01-23,0.0,0.0,2,SPC-MEDIUM,SPC MEDIUM,Pisos SPC
2023-01-30,0.0,0.0,2,SPC-MEDIUM,SPC MEDIUM,Pisos SPC
2023-02-06,13.0,384297.48,2,SPC-MEDIUM,SPC MEDIUM,Pisos SPC
2023-02-13,47.0,1389383.19,2,SPC-MEDIUM,SPC MEDIUM,Pisos SPC
2023-02-20,1.0,29561.34,2,SPC-MEDIUM,SPC MEDIUM,Pisos SPC
2023-02-27,2.0,59122.69,2,SPC-MEDIUM,SPC MEDIUM,Pisos SPC
2023-03-06,0.0,0.0,2,SPC-MEDIUM,SPC MEDIUM,Pisos SPC
2023-03-13,8.0,236490.76,2,SPC-MEDIUM,SPC MEDIUM,Pisos SPC
2023-03-20,69.0,2039732.77,2,SPC-MEDIUM,SPC MEDIUM,Pisos SPC
2023-03-27,0.0,0.0,2,SPC-MEDIUM,SPC MEDIUM,Pisos SPC
2023-04-03,17.0,502542.85000000003,2,SPC-MEDIUM,SPC MEDIUM,Pisos SPC
2023-04-10,7.0,206929.41,2,SPC-MEDIUM,SPC MEDIUM,Pisos SPC
2023-04-17,1.0,29561.34,2,SPC-MEDIUM,SPC MEDIUM,Pisos SPC
2023-04-24,0.0,0.0,2,SPC-MEDIUM,SPC MEDIUM,Pisos SPC
2023-05-01,0.0,0.0,2,SPC-MEDIUM,SPC MEDIUM,Pisos SPC
2023-05-08,0.0,0.0,2,SPC-MEDIUM,SPC MEDIUM,Pisos SPC
2023-05-15,0.0,0.0,2,SPC-MEDIUM,SPC MEDIUM,Pisos SPC
2023-05-22,0.0,0.0,2,SPC-MEDIUM,SPC MEDIUM,Pisos SPC
2023-05-29,34.0,1005085.71,2,SPC-MEDIUM,SPC MEDIUM,Pisos SPC
2023-06-05,0.0,0.0,2,SPC-MEDIUM,SPC MEDIUM,Pisos SPC
2023-06-12,19.0,561665.55,2,SPC-MEDIUM,SPC MEDIUM,Pisos SPC
2023-06-19,0.0,0.0,2,SPC-MEDIUM,SPC MEDIUM,Pisos SPC
2023-06-26,0.0,0.0,2,SPC-MEDIUM,SPC MEDIUM,Pisos SPC
2023-07-03,0.0,0.0,2,SPC-MEDIUM,SPC MEDIUM,Pisos SPC
2023-07-10,0.0,0.0,2,SPC-MEDIUM,SPC MEDIUM,Pisos SPC
2023-07-17,0.0,0.0,2,SPC-MEDIUM,SPC MEDIUM,Pisos SPC
2023-07-24,0.0,0.0,2,SPC-MEDIUM,SPC MEDIUM,Pisos SPC
2023-07-31,0.0,0.0,2,SPC-MEDIUM,SPC MEDIUM,Pisos SPC
2023-08-07,0.0,0.0,2,SPC-MEDIUM,SPC MEDIUM,Pisos SPC
2023-08-14,0.0,0.0,2,SPC-MEDIUM,SPC MEDIUM,Pisos SPC
2023-08-21,0.0,0.0,2,SPC-MEDIUM,SPC MEDIUM,Pisos SPC
2023-08-28,0.0,0.0,2,SPC-MEDIUM,SPC MEDIUM,Pisos SPC
2023-09-04,0.0,0.0,2,SPC-MEDIUM,SPC MEDIUM,Pisos SPC
2023-09-11,0.0,0.0,2,SPC-MEDIUM,SPC MEDIUM,Pisos SPC
2023-09-18,0.0,0.0,2,SPC-MEDIUM,SPC MEDIUM,Pisos SPC
2023-09-25,0.0,0.0,2,SPC-MEDIUM,SPC MEDIUM,Pisos SPC
2023-10-02,0.0,0.0,2,SPC-MEDIUM,SPC MEDIUM,Pisos SPC
2023-10-09,0.0,0.0,2,SPC-MEDIUM,SPC MEDIUM,Pisos SPC
2023-10-16,0.0,0.0,2,SPC-MEDIUM,SPC MEDIUM,Pisos SPC
2023-10-23,76.0,2246662.18,2,SPC-MEDIUM,SPC MEDIUM,Pisos SPC
2023-10-30,0.0,0.0,2,SPC-MEDIUM,SPC MEDIUM,Pisos SPC
2023-11-06,0.0,0.0,2,SPC-MEDIUM,SPC MEDIUM,Pisos SPC
2023-11-13,0.0,0.0,2,SPC-MEDIUM,SPC MEDIUM,Pisos SPC
2023-11-20,0.0,0.0,2,SPC-MEDIUM,SPC MEDIUM,Pisos SPC
2023-11-27,0.0,0.0,2,SPC-MEDIUM,SPC MEDIUM,Pisos SPC
2023-12-04,3.0,88684.03,2,SPC-MEDIUM,SPC MEDIUM,Pisos SPC
2023-12-11,20.0,591226.89,2,SPC-MEDIUM,SPC MEDIUM,Pisos SPC
2023-12-18,0.0,0.0,2,SPC-MEDIUM,SPC MEDIUM,Pisos SPC
2023-12-25,0.0,0.0,2,SPC-MEDIUM,SPC MEDIUM,Pisos SPC
2024-01-01,0.0,0.0,2,SPC-MEDIUM,SPC MEDIUM,Pisos SPC
2024-01-08,0.0,0.0,2,SPC-MEDIUM,SPC MEDIUM,Pisos SPC
2024-01-15,0.0,0.0,2,SPC-MEDIUM,SPC MEDIUM,Pisos SPC
2024-01-22,0.0,0.0,2,SPC-MEDIUM,SPC MEDIUM,Pisos SPC
2024-01-29,7.0,206929.41,2,SPC-MEDIUM,SPC MEDIUM,Pisos SPC
2024-02-05,19.0,561665.55,2,SPC-MEDIUM,SPC MEDIUM,Pisos SPC
2024-02-12,55.0,1625873.95,2,SPC-MEDIUM,SPC MEDIUM,Pisos SPC
2024-02-19,0.0,0.0,2,SPC-MEDIUM,SPC MEDIUM,Pisos SPC
2024-02-26,8.0,236490.76,2,SPC-MEDIUM,SPC MEDIUM,Pisos SPC
2024-03-04,0.0,0.0,2,SPC-MEDIUM,SPC MEDIUM,Pisos SPC
2024-03-11,22.0,650349.5800000001,2,SPC-MEDIUM,SPC MEDIUM,Pisos SPC
2024-03-18,16.0,472981.51,2,SPC-MEDIUM,SPC MEDIUM,Pisos SPC
2024-03-25,1.0,29561.34,2,SPC-MEDIUM,SPC MEDIUM,Pisos SPC
2024-04-01,13.0,384297.48,2,SPC-MEDIUM,SPC MEDIUM,Pisos SPC
2024-04-08,0.0,0.0,2,SPC-MEDIUM,SPC MEDIUM,Pisos SPC
2024-04-15,0.0,0.0,2,SPC-MEDIUM,SPC MEDIUM,Pisos SPC
2024-04-22,0.0,0.0,2,SPC-MEDIUM,SPC MEDIUM,Pisos SPC
2024-04-29,22.0,650349.58,2,SPC-MEDIUM,SPC MEDIUM,Pisos SPC
2024-05-06,0.0,0.0,2,SPC-MEDIUM,SPC MEDIUM,Pisos SPC
2024-05-13,0.0,0.0,2,SPC-MEDIUM,SPC MEDIUM,Pisos SPC
2024-05-20,0.0,0.0,2,SPC-MEDIUM,SPC MEDIUM,Pisos SPC
2024-05-27,0.0,0.0,2,SPC-MEDIUM,SPC MEDIUM,Pisos SPC
2024-06-03,0.0,0.0,2,SPC-MEDIUM,SPC MEDIUM,Pisos SPC
2024-06-10,82.0,2424030.25,2,SPC-MEDIUM,SPC MEDIUM,Pisos SPC
2024-06-17,0.0,0.0,2,SPC-MEDIUM,SPC MEDIUM,Pisos SPC
2024-06-24,6.0,177368.06,2,SPC-MEDIUM,SPC MEDIUM,Pisos SPC
2024-07-01,0.0,0.0,2,SPC-MEDIUM,SPC MEDIUM,Pisos SPC
2024-07-08,0.0,0.0,2,SPC-MEDIUM,SPC MEDIUM,Pisos SPC
2024-07-15,0.0,0.0,2,SPC-MEDIUM,SPC MEDIUM,Pisos SPC
2024-07-22,0.0,0.0,2,SPC-MEDIUM,SPC MEDIUM,Pisos SPC
2024-07-29,0.0,0.0,2,SPC-MEDIUM,SPC MEDIUM,Pisos SPC
2024-08-05,5.0,147806.72,2,SPC-MEDIUM,SPC MEDIUM,Pisos SPC
2024-08-12,0.0,0.0,2,SPC-MEDIUM,SPC MEDIUM,Pisos SPC
2024-08-19,0.0,0.0,2,SPC-MEDIUM,SPC MEDIUM,Pisos SPC
2024-08-26,0.0,0.0,2,SPC-MEDIUM,SPC MEDIUM,Pisos SPC
2024-09-02,0.0,0.0,2,SPC-MEDIUM,SPC MEDIUM,Pisos SPC
2024-09-09,0.0,0.0,2,SPC-MEDIUM,SPC MEDIUM,Pisos SPC
2024-09-16,0.0,0.0,2,SPC-MEDIUM,SPC MEDIUM,Pisos SPC
2024-09-23,0.0,0.0,2,SPC-MEDIUM,SPC MEDIUM,Pisos SPC
2024-09-30,0.0,0.0,2,SPC-MEDIUM,SPC MEDIUM,Pisos SPC
2024-10-07,0.0,0.0,2,SPC-MEDIUM,SPC MEDIUM,Pisos SPC
2024-10-14,0.0,0.0,2,SPC-MEDIUM,SPC MEDIUM,Pisos SPC
2024-10-21,0.0,0.0,2,SPC-MEDIUM,SPC MEDIUM,Pisos SPC
2024-10-28,0.0,0.0,2,SPC-MEDIUM,SPC MEDIUM,Pisos SPC
2024-11-04,12.0,354736.13,2,SPC-MEDIUM,SPC MEDIUM,Pisos SPC
2024-11-11,18.0,532104.2,2,SPC-MEDIUM,SPC MEDIUM,Pisos SPC
2024-11-18,0.0,0.0,2,SPC-MEDIUM,SPC MEDIUM,Pisos SPC
2024-11-25,0.0,0.0,2,SPC-MEDIUM,SPC MEDIUM,Pisos SPC
2024-12-02,15.0,443420.17,2,SPC-MEDIUM,SPC MEDIUM,Pisos SPC
2024-12-09,10.0,295613.44,2,SPC-MEDIUM,SPC MEDIUM,Pisos SPC
2024-12-16,6.0,177368.06,2,SPC-MEDIUM,SPC MEDIUM,Pisos SPC
2024-12-23,0.0,0.0,2,SPC-MEDIUM,SPC MEDIUM,Pisos SPC
2024-12-30,0.0,0.0,2,SPC-MEDIUM,SPC MEDIUM,Pisos SPC
2025-01-06,38.0,1123331.09,2,SPC-MEDIUM,SPC MEDIUM,Pisos SPC
2025-01-13,0.0,0.0,2,SPC-MEDIUM,SPC MEDIUM,Pisos SPC
2025-01-20,0.0,0.0,2,SPC-MEDIUM,SPC MEDIUM,Pisos SPC
2025-01-27,0.0,0.0,2,SPC-MEDIUM,SPC MEDIUM,Pisos SPC
2025-02-03,0.0,0.0,2,SPC-MEDIUM,SPC MEDIUM,Pisos SPC
2025-02-10,0.0,0.0,2,SPC-MEDIUM,SPC MEDIUM,Pisos SPC
2025-02-17,0.0,0.0,2,SPC-MEDIUM,SPC MEDIUM,Pisos SPC
2025-02-24,41.0,1212015.12,2,SPC-MEDIUM,SPC MEDIUM,Pisos SPC
2025-03-03,0.0,0.0,2,SPC-MEDIUM,SPC MEDIUM,Pisos SPC
2025-03-10,3.0,88684.03,2,SPC-MEDIUM,SPC MEDIUM,Pisos SPC
2025-03-17,1.0,29561.34,2,SPC-MEDIUM,SPC MEDIUM,Pisos SPC
2025-03-24,0.0,0.0,2,SPC-MEDIUM,SPC MEDIUM,Pisos SPC
2025-03-31,8.0,236490.76,2,SPC-MEDIUM,SPC MEDIUM,Pisos SPC
2025-04-07,0.0,0.0,2,SPC-MEDIUM,SPC MEDIUM,Pisos SPC
2025-04-14,5.0,147806.72,2,SPC-MEDIUM,SPC MEDIUM,Pisos SPC
2025-04-21,0.0,0.0,2,SPC-MEDIUM,SPC MEDIUM,Pisos SPC
2025-04-28,0.0,0.0,2,SPC-MEDIUM,SPC MEDIUM,Pisos SPC
2025-05-05,0.0,0.0,2,SPC-MEDIUM,SPC MEDIUM,Pisos SPC
2025-05-12,0.0,0.0,2,SPC-MEDIUM,SPC MEDIUM,Pisos SPC
2025-05-19,0.0,0.0,2,SPC-MEDIUM,SPC MEDIUM,Pisos SPC
2025-05-26,0.0,0.0,2,SPC-MEDIUM,SPC MEDIUM,Pisos SPC
2025-06-02,0.0,0.0,2,SPC-MEDIUM,SPC MEDIUM,Pisos SPC
2025-06-09,0.0,0.0,2,SPC-MEDIUM,SPC MEDIUM,Pisos SPC
2025-06-16,10.0,295613.45,2,SPC-MEDIUM,SPC MEDIUM,Pisos SPC
2025-06-23,0.0,0.0,2,SPC-MEDIUM,SPC MEDIUM,Pisos SPC
2025-06-30,65.0,1921487.39,2,SPC-MEDIUM,SPC MEDIUM,Pisos SPC
2025-07-07,4.0,118245.38,2,SPC-MEDIUM,SPC MEDIUM,Pisos SPC
2025-07-14,2.0,59122.69,2,SPC-MEDIUM,SPC MEDIUM,Pisos SPC
2025-07-21,9.0,266052.1,2,SPC-MEDIUM,SPC MEDIUM,Pisos SPC
2025-07-28,0.0,0.0,2,SPC-MEDIUM,SPC MEDIUM,Pisos SPC
2025-08-04,0.0,0.0,2,SPC-MEDIUM,SPC MEDIUM,Pisos SPC
2025-08-11,26.0,768594.96,2,SPC-MEDIUM,SPC MEDIUM,Pisos SPC
2025-08-18,0.0,0.0,2,SPC-MEDIUM,SPC MEDIUM,Pisos SPC
2025-08-25,8.0,236490.75,2,SPC-MEDIUM,SPC MEDIUM,Pisos SPC
2025-09-01,31.0,916401.68,2,SPC-MEDIUM,SPC MEDIUM,Pisos SPC
2025-09-08,6.0,177368.07,2,SPC-MEDIUM,SPC MEDIUM,Pisos SPC
2025-09-15,0.0,0.0,2,SPC-MEDIUM,SPC MEDIUM,Pisos SPC
2025-09-22,1.0,29561.34,2,SPC-MEDIUM,SPC MEDIUM,Pisos SPC
2025-09-29,2.0,59122.69,2,SPC-MEDIUM,SPC MEDIUM,Pisos SPC
2025-10-06,0.0,0.0,2,SPC-MEDIUM,SPC MEDIUM,Pisos SPC
2025-10-13,0.0,0.0,2,SPC-MEDIUM,SPC MEDIUM,Pisos SPC
2025-10-20,0.0,0.0,2,SPC-MEDIUM,SPC MEDIUM,Pisos SPC
2025-10-27,13.0,384297.48,2,SPC-MEDIUM,SPC MEDIUM,Pisos SPC
2025-11-03,25.0,739033.61,2,SPC-MEDIUM,SPC MEDIUM,Pisos SPC
2025-11-10,12.0,354736.14,2,SPC-MEDIUM,SPC MEDIUM,Pisos SPC
2025-11-17,55.0,1625873.95,2,SPC-MEDIUM,SPC MEDIUM,Pisos SPC
2025-11-24,4.0,118245.38,2,SPC-MEDIUM,SPC MEDIUM,Pisos SPC
2025-12-01,0.0,0.0,2,SPC-MEDIUM,SPC MEDIUM,Pisos SPC
2025-12-08,38.0,1123331.09,2,SPC-MEDIUM,SPC MEDIUM,Pisos SPC
2025-12-15,0.0,0.0,2,SPC-MEDIUM,SPC MEDIUM,Pisos SPC
2025-12-22,3.0,88684.03,2,SPC-MEDIUM,SPC MEDIUM,Pisos SPC
2025-12-29,4.0,118245.38,2,SPC-MEDIUM,SPC MEDIUM,Pisos SPC
2026-01-05,10.0,295613.45,2,SPC-MEDIUM,SPC MEDIUM,Pisos SPC
2026-01-12,12.0,354736.14,2,SPC-MEDIUM,SPC MEDIUM,Pisos SPC
2026-01-19,0.0,0.0,2,SPC-MEDIUM,SPC MEDIUM,Pisos SPC
2026-01-26,16.0,472981.51,2,SPC-MEDIUM,SPC MEDIUM,Pisos SPC
2026-02-02,16.0,472981.51,2,SPC-MEDIUM,SPC MEDIUM,Pisos SPC
2026-02-09,10.0,295613.45,2,SPC-MEDIUM,SPC MEDIUM,Pisos SPC
2026-02-16,0.0,0.0,2,SPC-MEDIUM,SPC MEDIUM,Pisos SPC
2026-02-23,5.0,147806.72,2,SPC-MEDIUM,SPC MEDIUM,Pisos SPC
2026-03-02,3.0,88684.03,2,SPC-MEDIUM,SPC MEDIUM,Pisos SPC
2026-03-09,12.0,354736.14,2,SPC-MEDIUM,SPC MEDIUM,Pisos SPC
2026-03-16,5.0,147806.72,2,SPC-MEDIUM,SPC MEDIUM,Pisos SPC
2026-03-23,47.0,1389383.19,2,SPC-MEDIUM,SPC MEDIUM,Pisos SPC
2026-03-30,0.0,0.0,2,SPC-MEDIUM,SPC MEDIUM,Pisos SPC
2026-04-06,10.0,295613.44,2,SPC-MEDIUM,SPC MEDIUM,Pisos SPC
2026-04-13,0.0,0.0,2,SPC-MEDIUM,SPC MEDIUM,Pisos SPC
2026-04-20,0.0,0.0,2,SPC-MEDIUM,SPC MEDIUM,Pisos SPC
2026-04-27,6.0,177368.07,2,SPC-MEDIUM,SPC MEDIUM,Pisos SPC
2026-05-04,0.0,0.0,2,SPC-MEDIUM,SPC MEDIUM,Pisos SPC
2026-05-11,53.0,1566751.25,2,SPC-MEDIUM,SPC MEDIUM,Pisos SPC
2026-05-18,0.0,0.0,2,SPC-MEDIUM,SPC MEDIUM,Pisos SPC
2026-05-25,0.0,0.0,2,SPC-MEDIUM,SPC MEDIUM,Pisos SPC
2026-06-01,0.0,0.0,2,SPC-MEDIUM,SPC MEDIUM,Pisos SPC
2026-06-08,25.0,739033.61,2,SPC-MEDIUM,SPC MEDIUM,Pisos SPC
2026-06-15,0.0,0.0,2,SPC-MEDIUM,SPC MEDIUM,Pisos SPC
2026-06-22,0.0,0.0,2,SPC-MEDIUM,SPC MEDIUM,Pisos SPC
2026-06-29,0.0,0.0,2,SPC-MEDIUM,SPC MEDIUM,Pisos SPC
2026-07-06,0.0,0.0,2,SPC-MEDIUM,SPC MEDIUM,Pisos SPC
2022-06-06,131.0,3872536.13,3,SPC-GREY,SPC GREY,Pisos SPC
2022-06-13,8.0,236490.76,3,SPC-GREY,SPC GREY,Pisos SPC
2022-06-20,0.0,0.0,3,SPC-GREY,SPC GREY,Pisos SPC
2022-06-27,0.0,0.0,3,SPC-GREY,SPC GREY,Pisos SPC
2022-07-04,0.0,0.0,3,SPC-GREY,SPC GREY,Pisos SPC
2022-07-11,0.0,0.0,3,SPC-GREY,SPC GREY,Pisos SPC
2022-07-18,0.0,0.0,3,SPC-GREY,SPC GREY,Pisos SPC
2022-07-25,77.0,2276223.53,3,SPC-GREY,SPC GREY,Pisos SPC
2022-08-01,2.0,59122.69,3,SPC-GREY,SPC GREY,Pisos SPC
2022-08-08,2.0,59122.69,3,SPC-GREY,SPC GREY,Pisos SPC
2022-08-15,0.0,0.0,3,SPC-GREY,SPC GREY,Pisos SPC
2022-08-22,29.0,857278.99,3,SPC-GREY,SPC GREY,Pisos SPC
2022-08-29,0.0,0.0,3,SPC-GREY,SPC GREY,Pisos SPC
2022-09-05,8.0,236490.76,3,SPC-GREY,SPC GREY,Pisos SPC
2022-09-12,0.0,0.0,3,SPC-GREY,SPC GREY,Pisos SPC
2022-09-19,0.0,0.0,3,SPC-GREY,SPC GREY,Pisos SPC
2022-09-26,0.0,0.0,3,SPC-GREY,SPC GREY,Pisos SPC
2022-10-03,10.0,295613.45,3,SPC-GREY,SPC GREY,Pisos SPC
2022-10-10,0.0,0.0,3,SPC-GREY,SPC GREY,Pisos SPC
2022-10-17,1.0,29561.34,3,SPC-GREY,SPC GREY,Pisos SPC
2022-10-24,0.0,0.0,3,SPC-GREY,SPC GREY,Pisos SPC
2022-10-31,0.0,0.0,3,SPC-GREY,SPC GREY,Pisos SPC
2022-11-07,2.0,59122.69,3,SPC-GREY,SPC GREY,Pisos SPC
2022-11-14,0.0,0.0,3,SPC-GREY,SPC GREY,Pisos SPC
2022-11-21,14.0,413858.82,3,SPC-GREY,SPC GREY,Pisos SPC
2022-11-28,0.0,0.0,3,SPC-GREY,SPC GREY,Pisos SPC
2022-12-05,0.0,0.0,3,SPC-GREY,SPC GREY,Pisos SPC
2022-12-12,0.0,0.0,3,SPC-GREY,SPC GREY,Pisos SPC
2022-12-19,0.0,0.0,3,SPC-GREY,SPC GREY,Pisos SPC
2022-12-26,23.0,679910.92,3,SPC-GREY,SPC GREY,Pisos SPC
2023-01-02,0.0,0.0,3,SPC-GREY,SPC GREY,Pisos SPC
2023-01-09,1.0,29561.34,3,SPC-GREY,SPC GREY,Pisos SPC
2023-01-16,10.0,295613.45,3,SPC-GREY,SPC GREY,Pisos SPC
2023-01-23,3.0,88684.03,3,SPC-GREY,SPC GREY,Pisos SPC
2023-01-30,41.0,1212015.1199999999,3,SPC-GREY,SPC GREY,Pisos SPC
2023-02-06,0.0,0.0,3,SPC-GREY,SPC GREY,Pisos SPC
2023-02-13,0.0,0.0,3,SPC-GREY,SPC GREY,Pisos SPC
2023-02-20,0.0,0.0,3,SPC-GREY,SPC GREY,Pisos SPC
2023-02-27,0.0,0.0,3,SPC-GREY,SPC GREY,Pisos SPC
2023-03-06,0.0,0.0,3,SPC-GREY,SPC GREY,Pisos SPC
2023-03-13,2.0,59122.69,3,SPC-GREY,SPC GREY,Pisos SPC
2023-03-20,130.0,3842974.79,3,SPC-GREY,SPC GREY,Pisos SPC
2023-03-27,18.0,532104.2,3,SPC-GREY,SPC GREY,Pisos SPC
2023-04-03,2.0,59122.68,3,SPC-GREY,SPC GREY,Pisos SPC
2023-04-10,4.0,118245.37,3,SPC-GREY,SPC GREY,Pisos SPC
2023-04-17,44.0,1300699.1600000001,3,SPC-GREY,SPC GREY,Pisos SPC
2023-04-24,14.0,413858.82,3,SPC-GREY,SPC GREY,Pisos SPC
2023-05-01,0.0,0.0,3,SPC-GREY,SPC GREY,Pisos SPC
2023-05-08,13.0,384297.48,3,SPC-GREY,SPC GREY,Pisos SPC
2023-05-15,4.0,118245.38,3,SPC-GREY,SPC GREY,Pisos SPC
2023-05-22,4.0,118245.38,3,SPC-GREY,SPC GREY,Pisos SPC
2023-05-29,11.0,325174.79,3,SPC-GREY,SPC GREY,Pisos SPC
2023-06-05,0.0,0.0,3,SPC-GREY,SPC GREY,Pisos SPC
2023-06-12,28.0,827717.65,3,SPC-GREY,SPC GREY,Pisos SPC
2023-06-19,0.0,0.0,3,SPC-GREY,SPC GREY,Pisos SPC
2023-06-26,0.0,0.0,3,SPC-GREY,SPC GREY,Pisos SPC
2023-07-03,40.0,1182453.78,3,SPC-GREY,SPC GREY,Pisos SPC
2023-07-10,14.0,413858.83,3,SPC-GREY,SPC GREY,Pisos SPC
2023-07-17,0.0,0.0,3,SPC-GREY,SPC GREY,Pisos SPC
2023-07-24,11.0,325174.79000000004,3,SPC-GREY,SPC GREY,Pisos SPC
2023-07-31,27.0,798156.3,3,SPC-GREY,SPC GREY,Pisos SPC
2023-08-07,0.0,0.0,3,SPC-GREY,SPC GREY,Pisos SPC
2023-08-14,95.0,2808327.73,3,SPC-GREY,SPC GREY,Pisos SPC
2023-08-21,0.0,0.0,3,SPC-GREY,SPC GREY,Pisos SPC
2023-08-28,0.0,0.0,3,SPC-GREY,SPC GREY,Pisos SPC
2023-09-04,12.0,354736.13,3,SPC-GREY,SPC GREY,Pisos SPC
2023-09-11,40.0,1182453.78,3,SPC-GREY,SPC GREY,Pisos SPC
2023-09-18,0.0,0.0,3,SPC-GREY,SPC GREY,Pisos SPC
2023-09-25,5.0,147806.72,3,SPC-GREY,SPC GREY,Pisos SPC
2023-10-02,9.0,266052.1,3,SPC-GREY,SPC GREY,Pisos SPC
2023-10-09,0.0,0.0,3,SPC-GREY,SPC GREY,Pisos SPC
2023-10-16,0.0,0.0,3,SPC-GREY,SPC GREY,Pisos SPC
2023-10-23,0.0,0.0,3,SPC-GREY,SPC GREY,Pisos SPC
2023-10-30,0.0,0.0,3,SPC-GREY,SPC GREY,Pisos SPC
2023-11-06,0.0,0.0,3,SPC-GREY,SPC GREY,Pisos SPC
2023-11-13,0.0,0.0,3,SPC-GREY,SPC GREY,Pisos SPC
2023-11-20,2.0,59122.69,3,SPC-GREY,SPC GREY,Pisos SPC
2023-11-27,0.0,0.0,3,SPC-GREY,SPC GREY,Pisos SPC
2023-12-04,0.0,0.0,3,SPC-GREY,SPC GREY,Pisos SPC
2023-12-11,0.0,0.0,3,SPC-GREY,SPC GREY,Pisos SPC
2023-12-18,0.0,0.0,3,SPC-GREY,SPC GREY,Pisos SPC
2023-12-25,0.0,0.0,3,SPC-GREY,SPC GREY,Pisos SPC
2024-01-01,5.0,147806.72,3,SPC-GREY,SPC GREY,Pisos SPC
2024-01-08,0.0,0.0,3,SPC-GREY,SPC GREY,Pisos SPC
2024-01-15,16.0,472981.51,3,SPC-GREY,SPC GREY,Pisos SPC
2024-01-22,5.0,147806.72,3,SPC-GREY,SPC GREY,Pisos SPC
2024-01-29,18.0,532104.2,3,SPC-GREY,SPC GREY,Pisos SPC
2024-02-05,42.0,1241576.47,3,SPC-GREY,SPC GREY,Pisos SPC
2024-02-12,150.0,4434201.68,3,SPC-GREY,SPC GREY,Pisos SPC
2024-02-19,26.0,768594.96,3,SPC-GREY,SPC GREY,Pisos SPC
2024-02-26,31.0,916401.68,3,SPC-GREY,SPC GREY,Pisos SPC
2024-03-04,0.0,0.0,3,SPC-GREY,SPC GREY,Pisos SPC
2024-03-11,6.0,177368.07,3,SPC-GREY,SPC GREY,Pisos SPC
2024-03-18,0.0,0.0,3,SPC-GREY,SPC GREY,Pisos SPC
2024-03-25,0.0,0.0,3,SPC-GREY,SPC GREY,Pisos SPC
2024-04-01,0.0,0.0,3,SPC-GREY,SPC GREY,Pisos SPC
2024-04-08,9.0,266052.08999999997,3,SPC-GREY,SPC GREY,Pisos SPC
2024-04-15,12.0,354736.13,3,SPC-GREY,SPC GREY,Pisos SPC
2024-04-22,9.0,266052.1,3,SPC-GREY,SPC GREY,Pisos SPC
2024-04-29,1.0,29561.34,3,SPC-GREY,SPC GREY,Pisos SPC
2024-05-06,2.0,59122.69,3,SPC-GREY,SPC GREY,Pisos SPC
2024-05-13,13.0,384297.48,3,SPC-GREY,SPC GREY,Pisos SPC
2024-05-20,17.0,502542.86,3,SPC-GREY,SPC GREY,Pisos SPC
2024-05-27,9.0,266052.1,3,SPC-GREY,SPC GREY,Pisos SPC
2024-06-03,0.0,0.0,3,SPC-GREY,SPC GREY,Pisos SPC
2024-06-10,9.0,266052.1,3,SPC-GREY,SPC GREY,Pisos SPC
2024-06-17,1.0,29561.34,3,SPC-GREY,SPC GREY,Pisos SPC
2024-06-24,9.0,266052.1,3,SPC-GREY,SPC GREY,Pisos SPC
2024-07-01,6.0,177368.07,3,SPC-GREY,SPC GREY,Pisos SPC
2024-07-08,5.0,147806.72,3,SPC-GREY,SPC GREY,Pisos SPC
2024-07-15,8.0,236490.75,3,SPC-GREY,SPC GREY,Pisos SPC
2024-07-22,2.0,59122.69,3,SPC-GREY,SPC GREY,Pisos SPC
2024-07-29,4.0,118245.37,3,SPC-GREY,SPC GREY,Pisos SPC
2024-08-05,6.0,177368.07,3,SPC-GREY,SPC GREY,Pisos SPC
2024-08-12,4.0,118245.38,3,SPC-GREY,SPC GREY,Pisos SPC
2024-08-19,34.0,1005085.71,3,SPC-GREY,SPC GREY,Pisos SPC
2024-08-26,14.0,413858.83,3,SPC-GREY,SPC GREY,Pisos SPC
2024-09-02,15.0,443420.17,3,SPC-GREY,SPC GREY,Pisos SPC
2024-09-09,9.0,266052.1,3,SPC-GREY,SPC GREY,Pisos SPC
2024-09-16,0.0,0.0,3,SPC-GREY,SPC GREY,Pisos SPC
2024-09-23,0.0,0.0,3,SPC-GREY,SPC GREY,Pisos SPC
2024-09-30,0.0,0.0,3,SPC-GREY,SPC GREY,Pisos SPC
2024-10-07,0.0,0.0,3,SPC-GREY,SPC GREY,Pisos SPC
2024-10-14,0.0,0.0,3,SPC-GREY,SPC GREY,Pisos SPC
2024-10-21,0.0,0.0,3,SPC-GREY,SPC GREY,Pisos SPC
2024-10-28,0.0,0.0,3,SPC-GREY,SPC GREY,Pisos SPC
2024-11-04,14.0,413858.82,3,SPC-GREY,SPC GREY,Pisos SPC
2024-11-11,5.0,147806.72,3,SPC-GREY,SPC GREY,Pisos SPC
2024-11-18,8.0,236490.76,3,SPC-GREY,SPC GREY,Pisos SPC
2024-11-25,40.0,1182453.78,3,SPC-GREY,SPC GREY,Pisos SPC
2024-12-02,2.0,59122.69,3,SPC-GREY,SPC GREY,Pisos SPC
2024-12-09,37.0,1093769.74,3,SPC-GREY,SPC GREY,Pisos SPC
2024-12-16,0.0,0.0,3,SPC-GREY,SPC GREY,Pisos SPC
2024-12-23,43.0,1271137.82,3,SPC-GREY,SPC GREY,Pisos SPC
2024-12-30,11.0,325174.79000000004,3,SPC-GREY,SPC GREY,Pisos SPC
2025-01-06,13.0,384297.48,3,SPC-GREY,SPC GREY,Pisos SPC
2025-01-13,2.0,59122.69,3,SPC-GREY,SPC GREY,Pisos SPC
2025-01-20,5.0,147806.71,3,SPC-GREY,SPC GREY,Pisos SPC
2025-01-27,14.0,413858.83,3,SPC-GREY,SPC GREY,Pisos SPC
2025-02-03,9.0,266052.1,3,SPC-GREY,SPC GREY,Pisos SPC
2025-02-10,7.0,206929.41,3,SPC-GREY,SPC GREY,Pisos SPC
2025-02-17,3.0,88684.03,3,SPC-GREY,SPC GREY,Pisos SPC
2025-02-24,3.0,88684.03,3,SPC-GREY,SPC GREY,Pisos SPC
2025-03-03,1.0,29561.34,3,SPC-GREY,SPC GREY,Pisos SPC
2025-03-10,19.0,561665.55,3,SPC-GREY,SPC GREY,Pisos SPC
2025-03-17,3.0,88684.03,3,SPC-GREY,SPC GREY,Pisos SPC
2025-03-24,18.0,532104.21,3,SPC-GREY,SPC GREY,Pisos SPC
2025-03-31,8.0,236490.75,3,SPC-GREY,SPC GREY,Pisos SPC
2025-04-07,3.0,88684.03,3,SPC-GREY,SPC GREY,Pisos SPC
2025-04-14,0.0,0.0,3,SPC-GREY,SPC GREY,Pisos SPC
2025-04-21,0.0,0.0,3,SPC-GREY,SPC GREY,Pisos SPC
2025-04-28,5.0,147806.72,3,SPC-GREY,SPC GREY,Pisos SPC
2025-05-05,1.0,29561.34,3,SPC-GREY,SPC GREY,Pisos SPC
2025-05-12,0.0,0.0,3,SPC-GREY,SPC GREY,Pisos SPC
2025-05-19,0.0,0.0,3,SPC-GREY,SPC GREY,Pisos SPC
2025-05-26,8.0,236490.75,3,SPC-GREY,SPC GREY,Pisos SPC
2025-06-02,18.0,532104.2,3,SPC-GREY,SPC GREY,Pisos SPC
2025-06-09,11.0,325174.79,3,SPC-GREY,SPC GREY,Pisos SPC
2025-06-16,2.0,59122.69,3,SPC-GREY,SPC GREY,Pisos SPC
2025-06-23,5.0,147806.72,3,SPC-GREY,SPC GREY,Pisos SPC
2025-06-30,66.0,1951048.73,3,SPC-GREY,SPC GREY,Pisos SPC
2025-07-07,9.0,266052.1,3,SPC-GREY,SPC GREY,Pisos SPC
2025-07-14,3.0,88684.03,3,SPC-GREY,SPC GREY,Pisos SPC
2025-07-21,12.0,354736.13,3,SPC-GREY,SPC GREY,Pisos SPC
2025-07-28,13.0,384297.48,3,SPC-GREY,SPC GREY,Pisos SPC
2025-08-04,3.0,88684.03,3,SPC-GREY,SPC GREY,Pisos SPC
2025-08-11,47.0,1389383.19,3,SPC-GREY,SPC GREY,Pisos SPC
2025-08-18,1.0,29561.34,3,SPC-GREY,SPC GREY,Pisos SPC
2025-08-25,3.0,88684.03,3,SPC-GREY,SPC GREY,Pisos SPC
2025-09-01,20.0,591226.89,3,SPC-GREY,SPC GREY,Pisos SPC
2025-09-08,0.0,0.0,3,SPC-GREY,SPC GREY,Pisos SPC
2025-09-15,0.0,0.0,3,SPC-GREY,SPC GREY,Pisos SPC
2025-09-22,1.0,29561.34,3,SPC-GREY,SPC GREY,Pisos SPC
2025-09-29,71.0,2098855.46,3,SPC-GREY,SPC GREY,Pisos SPC
2025-10-06,19.0,561665.5399999999,3,SPC-GREY,SPC GREY,Pisos SPC
2025-10-13,56.0,1655435.2800000003,3,SPC-GREY,SPC GREY,Pisos SPC
2025-10-20,19.0,561665.55,3,SPC-GREY,SPC GREY,Pisos SPC
2025-10-27,0.0,0.0,3,SPC-GREY,SPC GREY,Pisos SPC
2025-11-03,49.0,1448505.88,3,SPC-GREY,SPC GREY,Pisos SPC
2025-11-10,9.0,266052.1,3,SPC-GREY,SPC GREY,Pisos SPC
2025-11-17,47.0,1389383.19,3,SPC-GREY,SPC GREY,Pisos SPC
2025-11-24,11.0,325174.79000000004,3,SPC-GREY,SPC GREY,Pisos SPC
2025-12-01,18.0,532104.2,3,SPC-GREY,SPC GREY,Pisos SPC
2025-12-08,12.0,354736.13,3,SPC-GREY,SPC GREY,Pisos SPC
2025-12-15,3.0,88684.03,3,SPC-GREY,SPC GREY,Pisos SPC
2025-12-22,0.0,0.0,3,SPC-GREY,SPC GREY,Pisos SPC
2025-12-29,0.0,0.0,3,SPC-GREY,SPC GREY,Pisos SPC
2026-01-05,0.0,0.0,3,SPC-GREY,SPC GREY,Pisos SPC
2026-01-12,0.0,0.0,3,SPC-GREY,SPC GREY,Pisos SPC
2026-01-19,0.0,0.0,3,SPC-GREY,SPC GREY,Pisos SPC
2026-01-26,0.0,0.0,3,SPC-GREY,SPC GREY,Pisos SPC
2026-02-02,0.0,0.0,3,SPC-GREY,SPC GREY,Pisos SPC
2026-02-09,0.0,0.0,3,SPC-GREY,SPC GREY,Pisos SPC
2026-02-16,0.0,0.0,3,SPC-GREY,SPC GREY,Pisos SPC
2026-02-23,23.0,679910.92,3,SPC-GREY,SPC GREY,Pisos SPC
2026-03-02,4.0,118245.37,3,SPC-GREY,SPC GREY,Pisos SPC
2026-03-09,4.0,118245.38,3,SPC-GREY,SPC GREY,Pisos SPC
2026-03-16,42.0,1241576.47,3,SPC-GREY,SPC GREY,Pisos SPC
2026-03-23,52.0,1537189.9100000001,3,SPC-GREY,SPC GREY,Pisos SPC
2026-03-30,16.0,472981.51,3,SPC-GREY,SPC GREY,Pisos SPC
2026-04-06,46.0,1359821.85,3,SPC-GREY,SPC GREY,Pisos SPC
2026-04-13,10.0,295613.44,3,SPC-GREY,SPC GREY,Pisos SPC
2026-04-20,0.0,0.0,3,SPC-GREY,SPC GREY,Pisos SPC
2026-04-27,15.0,443420.17,3,SPC-GREY,SPC GREY,Pisos SPC
2026-05-04,7.0,206929.41,3,SPC-GREY,SPC GREY,Pisos SPC
2026-05-11,0.0,0.0,3,SPC-GREY,SPC GREY,Pisos SPC
2026-05-18,11.0,325174.78,3,SPC-GREY,SPC GREY,Pisos SPC
2026-05-25,58.0,1714557.98,3,SPC-GREY,SPC GREY,Pisos SPC
2026-06-01,3.0,88684.03,3,SPC-GREY,SPC GREY,Pisos SPC
2026-06-08,26.0,768594.96,3,SPC-GREY,SPC GREY,Pisos SPC
2026-06-15,0.0,0.0,3,SPC-GREY,SPC GREY,Pisos SPC
2026-06-22,0.0,0.0,3,SPC-GREY,SPC GREY,Pisos SPC
2026-06-29,0.0,0.0,3,SPC-GREY,SPC GREY,Pisos SPC
2026-07-06,0.0,0.0,3,SPC-GREY,SPC GREY,Pisos SPC
2022-06-13,52.0,960907.56,4,TERC-EST-15,Terc Estr 15mm,Terciados
2022-06-20,7.0,129352.94,4,TERC-EST-15,Terc Estr 15mm,Terciados
2022-06-27,3.0,55436.97,4,TERC-EST-15,Terc Estr 15mm,Terciados
2022-07-04,10.0,184789.92,4,TERC-EST-15,Terc Estr 15mm,Terciados
2022-07-11,78.0,1441361.3399999999,4,TERC-EST-15,Terc Estr 15mm,Terciados
2022-07-18,68.0,1256571.42,4,TERC-EST-15,Terc Estr 15mm,Terciados
2022-07-25,45.0,831554.62,4,TERC-EST-15,Terc Estr 15mm,Terciados
2022-08-01,33.0,609806.72,4,TERC-EST-15,Terc Estr 15mm,Terciados
2022-08-08,23.0,425016.80000000005,4,TERC-EST-15,Terc Estr 15mm,Terciados
2022-08-15,15.0,277184.88,4,TERC-EST-15,Terc Estr 15mm,Terciados
2022-08-22,65.0,1201134.45,4,TERC-EST-15,Terc Estr 15mm,Terciados
2022-08-29,86.0,1589193.27,4,TERC-EST-15,Terc Estr 15mm,Terciados
2022-09-05,11.0,203268.91,4,TERC-EST-15,Terc Estr 15mm,Terciados
2022-09-12,60.0,1108739.5,4,TERC-EST-15,Terc Estr 15mm,Terciados
2022-09-19,39.0,720680.68,4,TERC-EST-15,Terc Estr 15mm,Terciados
2022-09-26,5.0,92394.95000000001,4,TERC-EST-15,Terc Estr 15mm,Terciados
2022-10-03,55.0,1016344.53,4,TERC-EST-15,Terc Estr 15mm,Terciados
2022-10-10,18.0,332621.85,4,TERC-EST-15,Terc Estr 15mm,Terciados
2022-10-17,32.0,591327.73,4,TERC-EST-15,Terc Estr 15mm,Terciados
2022-10-24,3.0,55436.97,4,TERC-EST-15,Terc Estr 15mm,Terciados
2022-10-31,33.0,609806.72,4,TERC-EST-15,Terc Estr 15mm,Terciados
2022-11-07,0.0,0.0,4,TERC-EST-15,Terc Estr 15mm,Terciados
2022-11-14,34.0,628285.72,4,TERC-EST-15,Terc Estr 15mm,Terciados
2022-11-21,15.0,277184.87,4,TERC-EST-15,Terc Estr 15mm,Terciados
2022-11-28,24.0,443495.8,4,TERC-EST-15,Terc Estr 15mm,Terciados
2022-12-05,2.0,36957.98,4,TERC-EST-15,Terc Estr 15mm,Terciados
2022-12-12,100.0,1847899.1400000001,4,TERC-EST-15,Terc Estr 15mm,Terciados
2022-12-19,20.0,369579.83,4,TERC-EST-15,Terc Estr 15mm,Terciados
2022-12-26,31.0,572848.74,4,TERC-EST-15,Terc Estr 15mm,Terciados
2023-01-02,30.0,554369.74,4,TERC-EST-15,Terc Estr 15mm,Terciados
2023-01-09,32.0,591327.73,4,TERC-EST-15,Terc Estr 15mm,Terciados
2023-01-16,98.0,1810941.18,4,TERC-EST-15,Terc Estr 15mm,Terciados
2023-01-23,138.0,2550100.84,4,TERC-EST-15,Terc Estr 15mm,Terciados
2023-01-30,98.0,1810941.17,4,TERC-EST-15,Terc Estr 15mm,Terciados
2023-02-06,54.0,997865.54,4,TERC-EST-15,Terc Estr 15mm,Terciados
2023-02-13,60.0,1108739.5,4,TERC-EST-15,Terc Estr 15mm,Terciados
2023-02-20,95.0,1755504.2,4,TERC-EST-15,Terc Estr 15mm,Terciados
2023-02-27,43.0,794596.64,4,TERC-EST-15,Terc Estr 15mm,Terciados
2023-03-06,18.0,332621.85,4,TERC-EST-15,Terc Estr 15mm,Terciados
2023-03-13,2.0,36957.98,4,TERC-EST-15,Terc Estr 15mm,Terciados
2023-03-20,51.0,942428.57,4,TERC-EST-15,Terc Estr 15mm,Terciados
2023-03-27,27.0,498932.76999999996,4,TERC-EST-15,Terc Estr 15mm,Terciados
2023-04-03,1.0,18478.99,4,TERC-EST-15,Terc Estr 15mm,Terciados
2023-04-10,7.0,129352.94,4,TERC-EST-15,Terc Estr 15mm,Terciados
2023-04-17,7.0,129352.94,4,TERC-EST-15,Terc Estr 15mm,Terciados
2023-04-24,30.0,554369.74,4,TERC-EST-15,Terc Estr 15mm,Terciados
2023-05-01,0.0,0.0,4,TERC-EST-15,Terc Estr 15mm,Terciados
2023-05-08,1.0,18478.99,4,TERC-EST-15,Terc Estr 15mm,Terciados
2023-05-15,10.0,184789.92,4,TERC-EST-15,Terc Estr 15mm,Terciados
2023-05-22,15.0,277184.87,4,TERC-EST-15,Terc Estr 15mm,Terciados
2023-05-29,1.0,18478.99,4,TERC-EST-15,Terc Estr 15mm,Terciados
2023-06-05,0.0,0.0,4,TERC-EST-15,Terc Estr 15mm,Terciados
2023-06-12,6.0,110873.95000000001,4,TERC-EST-15,Terc Estr 15mm,Terciados
2023-06-19,0.0,0.0,4,TERC-EST-15,Terc Estr 15mm,Terciados
2023-06-26,0.0,0.0,4,TERC-EST-15,Terc Estr 15mm,Terciados
2023-07-03,0.0,0.0,4,TERC-EST-15,Terc Estr 15mm,Terciados
2023-07-10,0.0,0.0,4,TERC-EST-15,Terc Estr 15mm,Terciados
2023-07-17,3.0,55436.97,4,TERC-EST-15,Terc Estr 15mm,Terciados
2023-07-24,2.0,36957.98,4,TERC-EST-15,Terc Estr 15mm,Terciados
2023-07-31,0.0,0.0,4,TERC-EST-15,Terc Estr 15mm,Terciados
2023-08-07,0.0,0.0,4,TERC-EST-15,Terc Estr 15mm,Terciados
2023-08-14,2.0,36957.98,4,TERC-EST-15,Terc Estr 15mm,Terciados
2023-08-21,14.0,258705.88,4,TERC-EST-15,Terc Estr 15mm,Terciados
2023-08-28,0.0,0.0,4,TERC-EST-15,Terc Estr 15mm,Terciados
2023-09-04,12.0,221747.90000000002,4,TERC-EST-15,Terc Estr 15mm,Terciados
2023-09-11,0.0,0.0,4,TERC-EST-15,Terc Estr 15mm,Terciados
2023-09-18,0.0,0.0,4,TERC-EST-15,Terc Estr 15mm,Terciados
2023-09-25,0.0,0.0,4,TERC-EST-15,Terc Estr 15mm,Terciados
2023-10-02,0.0,0.0,4,TERC-EST-15,Terc Estr 15mm,Terciados
2023-10-09,1.0,18478.99,4,TERC-EST-15,Terc Estr 15mm,Terciados
2023-10-16,0.0,0.0,4,TERC-EST-15,Terc Estr 15mm,Terciados
2023-10-23,2.0,36957.98,4,TERC-EST-15,Terc Estr 15mm,Terciados
2023-10-30,1.0,18478.99,4,TERC-EST-15,Terc Estr 15mm,Terciados
2023-11-06,30.0,554369.75,4,TERC-EST-15,Terc Estr 15mm,Terciados
2023-11-13,3.0,55436.97,4,TERC-EST-15,Terc Estr 15mm,Terciados
2023-11-20,0.0,0.0,4,TERC-EST-15,Terc Estr 15mm,Terciados
2023-11-27,1.0,18478.99,4,TERC-EST-15,Terc Estr 15mm,Terciados
2023-12-04,47.0,868512.61,4,TERC-EST-15,Terc Estr 15mm,Terciados
2023-12-11,0.0,0.0,4,TERC-EST-15,Terc Estr 15mm,Terciados
2023-12-18,2.0,36957.98,4,TERC-EST-15,Terc Estr 15mm,Terciados
2023-12-25,79.0,1459840.34,4,TERC-EST-15,Terc Estr 15mm,Terciados
2024-01-01,67.0,1238092.43,4,TERC-EST-15,Terc Estr 15mm,Terciados
2024-01-08,52.0,960907.5599999999,4,TERC-EST-15,Terc Estr 15mm,Terciados
2024-01-15,84.0,1552235.3,4,TERC-EST-15,Terc Estr 15mm,Terciados
2024-01-22,44.0,813075.62,4,TERC-EST-15,Terc Estr 15mm,Terciados
2024-01-29,19.0,351100.83999999997,4,TERC-EST-15,Terc Estr 15mm,Terciados
2024-02-05,75.0,1385924.3699999999,4,TERC-EST-15,Terc Estr 15mm,Terciados
2024-02-12,49.0,905470.6000000001,4,TERC-EST-15,Terc Estr 15mm,Terciados
2024-02-19,59.0,1090260.51,4,TERC-EST-15,Terc Estr 15mm,Terciados
2024-02-26,152.0,2808806.7199999997,4,TERC-EST-15,Terc Estr 15mm,Terciados
2024-03-04,214.0,3954504.21,4,TERC-EST-15,Terc Estr 15mm,Terciados
2024-03-11,139.0,2568579.84,4,TERC-EST-15,Terc Estr 15mm,Terciados
2024-03-18,48.0,886991.5900000001,4,TERC-EST-15,Terc Estr 15mm,Terciados
2024-03-25,13.0,240226.89,4,TERC-EST-15,Terc Estr 15mm,Terciados
2024-04-01,21.0,388058.82,4,TERC-EST-15,Terc Estr 15mm,Terciados
2024-04-08,59.0,1090260.5,4,TERC-EST-15,Terc Estr 15mm,Terciados
2024-04-15,17.0,314142.86,4,TERC-EST-15,Terc Estr 15mm,Terciados
2024-04-22,0.0,0.0,4,TERC-EST-15,Terc Estr 15mm,Terciados
2024-04-29,0.0,0.0,4,TERC-EST-15,Terc Estr 15mm,Terciados
2024-05-06,0.0,0.0,4,TERC-EST-15,Terc Estr 15mm,Terciados
2024-05-13,0.0,0.0,4,TERC-EST-15,Terc Estr 15mm,Terciados
2024-05-20,2.0,36957.98,4,TERC-EST-15,Terc Estr 15mm,Terciados
2024-05-27,9.0,166310.93,4,TERC-EST-15,Terc Estr 15mm,Terciados
2024-06-03,36.0,665243.7,4,TERC-EST-15,Terc Estr 15mm,Terciados
2024-06-10,2.0,36957.98,4,TERC-EST-15,Terc Estr 15mm,Terciados
2024-06-17,26.0,480453.77999999997,4,TERC-EST-15,Terc Estr 15mm,Terciados
2024-06-24,17.0,314142.85000000003,4,TERC-EST-15,Terc Estr 15mm,Terciados
2024-07-01,28.0,517411.77,4,TERC-EST-15,Terc Estr 15mm,Terciados
2024-07-08,10.0,184789.91,4,TERC-EST-15,Terc Estr 15mm,Terciados
2024-07-15,32.0,591327.73,4,TERC-EST-15,Terc Estr 15mm,Terciados
2024-07-22,8.0,147831.93,4,TERC-EST-15,Terc Estr 15mm,Terciados
2024-07-29,7.0,129352.94,4,TERC-EST-15,Terc Estr 15mm,Terciados
2024-08-05,2.0,36957.98,4,TERC-EST-15,Terc Estr 15mm,Terciados
2024-08-12,3.0,55436.97,4,TERC-EST-15,Terc Estr 15mm,Terciados
2024-08-19,27.0,498932.77,4,TERC-EST-15,Terc Estr 15mm,Terciados
2024-08-26,4.0,73915.96,4,TERC-EST-15,Terc Estr 15mm,Terciados
2024-09-02,11.0,203268.91,4,TERC-EST-15,Terc Estr 15mm,Terciados
2024-09-09,1.0,18478.99,4,TERC-EST-15,Terc Estr 15mm,Terciados
2024-09-16,0.0,0.0,4,TERC-EST-15,Terc Estr 15mm,Terciados
2024-09-23,0.0,0.0,4,TERC-EST-15,Terc Estr 15mm,Terciados
2024-09-30,0.0,0.0,4,TERC-EST-15,Terc Estr 15mm,Terciados
2024-10-07,0.0,0.0,4,TERC-EST-15,Terc Estr 15mm,Terciados
2024-10-14,0.0,0.0,4,TERC-EST-15,Terc Estr 15mm,Terciados
2024-10-21,0.0,0.0,4,TERC-EST-15,Terc Estr 15mm,Terciados
2024-10-28,0.0,0.0,4,TERC-EST-15,Terc Estr 15mm,Terciados
2024-11-04,7.0,129352.94,4,TERC-EST-15,Terc Estr 15mm,Terciados
2024-11-11,14.0,258705.88,4,TERC-EST-15,Terc Estr 15mm,Terciados
2024-11-18,9.0,166310.92,4,TERC-EST-15,Terc Estr 15mm,Terciados
2024-11-25,16.0,295663.87,4,TERC-EST-15,Terc Estr 15mm,Terciados
2024-12-02,8.0,147831.93,4,TERC-EST-15,Terc Estr 15mm,Terciados
2024-12-09,18.0,332621.83999999997,4,TERC-EST-15,Terc Estr 15mm,Terciados
2024-12-16,11.0,203268.91,4,TERC-EST-15,Terc Estr 15mm,Terciados
2024-12-23,12.0,221747.9,4,TERC-EST-15,Terc Estr 15mm,Terciados
2024-12-30,3.0,55436.97,4,TERC-EST-15,Terc Estr 15mm,Terciados
2025-01-06,0.0,0.0,4,TERC-EST-15,Terc Estr 15mm,Terciados
2025-01-13,4.0,73915.96,4,TERC-EST-15,Terc Estr 15mm,Terciados
2025-01-20,7.0,129352.94,4,TERC-EST-15,Terc Estr 15mm,Terciados
2025-01-27,15.0,277184.87,4,TERC-EST-15,Terc Estr 15mm,Terciados
2025-02-03,0.0,0.0,4,TERC-EST-15,Terc Estr 15mm,Terciados
2025-02-10,43.0,794596.63,4,TERC-EST-15,Terc Estr 15mm,Terciados
2025-02-17,0.0,0.0,4,TERC-EST-15,Terc Estr 15mm,Terciados
2025-02-24,3.0,55436.97,4,TERC-EST-15,Terc Estr 15mm,Terciados
2025-03-03,3.0,55436.97,4,TERC-EST-15,Terc Estr 15mm,Terciados
2025-03-10,0.0,0.0,4,TERC-EST-15,Terc Estr 15mm,Terciados
2025-03-17,9.0,166310.91999999998,4,TERC-EST-15,Terc Estr 15mm,Terciados
2025-03-24,6.0,110873.95000000001,4,TERC-EST-15,Terc Estr 15mm,Terciados
2025-03-31,6.0,110873.95000000001,4,TERC-EST-15,Terc Estr 15mm,Terciados
2025-04-07,3.0,55436.97,4,TERC-EST-15,Terc Estr 15mm,Terciados
2025-04-14,22.0,406537.82,4,TERC-EST-15,Terc Estr 15mm,Terciados
2025-04-21,2.0,36957.98,4,TERC-EST-15,Terc Estr 15mm,Terciados
2025-04-28,26.0,480453.78,4,TERC-EST-15,Terc Estr 15mm,Terciados
2025-05-05,35.0,646764.7,4,TERC-EST-15,Terc Estr 15mm,Terciados
2025-05-12,2.0,36957.98,4,TERC-EST-15,Terc Estr 15mm,Terciados
2025-05-19,11.0,203268.90000000002,4,TERC-EST-15,Terc Estr 15mm,Terciados
2025-05-26,6.0,110873.95,4,TERC-EST-15,Terc Estr 15mm,Terciados
2025-06-02,39.0,720680.67,4,TERC-EST-15,Terc Estr 15mm,Terciados
2025-06-09,16.0,295663.87,4,TERC-EST-15,Terc Estr 15mm,Terciados
2025-06-16,6.0,110873.95,4,TERC-EST-15,Terc Estr 15mm,Terciados
2025-06-23,7.0,129352.94,4,TERC-EST-15,Terc Estr 15mm,Terciados
2025-06-30,0.0,0.0,4,TERC-EST-15,Terc Estr 15mm,Terciados
2025-07-07,15.0,264579.82999999996,4,TERC-EST-15,Terc Estr 15mm,Terciados
2025-07-14,1.0,17638.66,4,TERC-EST-15,Terc Estr 15mm,Terciados
2025-07-21,2.0,35277.31,4,TERC-EST-15,Terc Estr 15mm,Terciados
2025-07-28,0.0,0.0,4,TERC-EST-15,Terc Estr 15mm,Terciados
2025-08-04,1.0,17638.66,4,TERC-EST-15,Terc Estr 15mm,Terciados
2025-08-11,0.0,0.0,4,TERC-EST-15,Terc Estr 15mm,Terciados
2025-08-18,3.0,52915.97,4,TERC-EST-15,Terc Estr 15mm,Terciados
2025-08-25,9.0,158747.9,4,TERC-EST-15,Terc Estr 15mm,Terciados
2025-09-01,1.0,17638.66,4,TERC-EST-15,Terc Estr 15mm,Terciados
2025-09-08,19.0,335134.45999999996,4,TERC-EST-15,Terc Estr 15mm,Terciados
2025-09-15,6.0,105831.94,4,TERC-EST-15,Terc Estr 15mm,Terciados
2025-09-22,11.0,194025.21,4,TERC-EST-15,Terc Estr 15mm,Terciados
2025-09-29,0.0,0.0,4,TERC-EST-15,Terc Estr 15mm,Terciados
2025-10-06,10.0,176386.55,4,TERC-EST-15,Terc Estr 15mm,Terciados
2025-10-13,4.0,70554.63,4,TERC-EST-15,Terc Estr 15mm,Terciados
2025-10-20,2.0,35277.32,4,TERC-EST-15,Terc Estr 15mm,Terciados
2025-10-27,9.0,158747.9,4,TERC-EST-15,Terc Estr 15mm,Terciados
2025-11-03,0.0,0.0,4,TERC-EST-15,Terc Estr 15mm,Terciados
2025-11-10,0.0,0.0,4,TERC-EST-15,Terc Estr 15mm,Terciados
2025-11-17,23.0,405689.07999999996,4,TERC-EST-15,Terc Estr 15mm,Terciados
2025-11-24,0.0,0.0,4,TERC-EST-15,Terc Estr 15mm,Terciados
2025-12-01,6.0,105831.93,4,TERC-EST-15,Terc Estr 15mm,Terciados
2025-12-08,0.0,0.0,4,TERC-EST-15,Terc Estr 15mm,Terciados
2025-12-15,0.0,0.0,4,TERC-EST-15,Terc Estr 15mm,Terciados
2025-12-22,0.0,0.0,4,TERC-EST-15,Terc Estr 15mm,Terciados
2025-12-29,0.0,0.0,4,TERC-EST-15,Terc Estr 15mm,Terciados
2026-01-05,0.0,0.0,4,TERC-EST-15,Terc Estr 15mm,Terciados
2026-01-12,0.0,0.0,4,TERC-EST-15,Terc Estr 15mm,Terciados
2026-01-19,0.0,0.0,4,TERC-EST-15,Terc Estr 15mm,Terciados
2026-01-26,0.0,0.0,4,TERC-EST-15,Terc Estr 15mm,Terciados
2026-02-02,0.0,0.0,4,TERC-EST-15,Terc Estr 15mm,Terciados
2026-02-09,0.0,0.0,4,TERC-EST-15,Terc Estr 15mm,Terciados
2026-02-16,0.0,0.0,4,TERC-EST-15,Terc Estr 15mm,Terciados
2026-02-23,5.0,88193.28,4,TERC-EST-15,Terc Estr 15mm,Terciados
2026-03-02,0.0,0.0,4,TERC-EST-15,Terc Estr 15mm,Terciados
2026-03-09,0.0,0.0,4,TERC-EST-15,Terc Estr 15mm,Terciados
2026-03-16,0.0,0.0,4,TERC-EST-15,Terc Estr 15mm,Terciados
2026-03-23,2.0,35277.31,4,TERC-EST-15,Terc Estr 15mm,Terciados
2026-03-30,0.0,0.0,4,TERC-EST-15,Terc Estr 15mm,Terciados
2026-04-06,12.0,211663.86,4,TERC-EST-15,Terc Estr 15mm,Terciados
2026-04-13,0.0,0.0,4,TERC-EST-15,Terc Estr 15mm,Terciados
2026-04-20,0.0,0.0,4,TERC-EST-15,Terc Estr 15mm,Terciados
2026-04-27,3.0,52915.97,4,TERC-EST-15,Terc Estr 15mm,Terciados
2026-05-04,1.0,17638.66,4,TERC-EST-15,Terc Estr 15mm,Terciados
2026-05-11,6.0,105831.93,4,TERC-EST-15,Terc Estr 15mm,Terciados
2026-05-18,3.0,52915.97,4,TERC-EST-15,Terc Estr 15mm,Terciados
2026-05-25,4.0,70554.62,4,TERC-EST-15,Terc Estr 15mm,Terciados
2026-06-01,0.0,0.0,4,TERC-EST-15,Terc Estr 15mm,Terciados
2026-06-08,0.0,0.0,4,TERC-EST-15,Terc Estr 15mm,Terciados
2026-06-15,0.0,0.0,4,TERC-EST-15,Terc Estr 15mm,Terciados
2026-06-22,0.0,0.0,4,TERC-EST-15,Terc Estr 15mm,Terciados
2026-06-29,0.0,0.0,4,TERC-EST-15,Terc Estr 15mm,Terciados
2026-07-06,1.0,17638.66,4,TERC-EST-15,Terc Estr 15mm,Terciados
2022-08-22,8.0,127663.87,5,TERC-EST-15-2DA,Terc Estr 15mm 2da,Terciados
2022-08-29,13.0,207453.78,5,TERC-EST-15-2DA,Terc Estr 15mm 2da,Terciados
2022-09-05,0.0,0.0,5,TERC-EST-15-2DA,Terc Estr 15mm 2da,Terciados
2022-09-12,0.0,0.0,5,TERC-EST-15-2DA,Terc Estr 15mm 2da,Terciados
2022-09-19,14.0,223411.76,5,TERC-EST-15-2DA,Terc Estr 15mm 2da,Terciados
2022-09-26,1.0,15957.98,5,TERC-EST-15-2DA,Terc Estr 15mm 2da,Terciados
2022-10-03,2.0,31915.96,5,TERC-EST-15-2DA,Terc Estr 15mm 2da,Terciados
2022-10-10,1.0,15957.98,5,TERC-EST-15-2DA,Terc Estr 15mm 2da,Terciados
2022-10-17,3.0,47873.95,5,TERC-EST-15-2DA,Terc Estr 15mm 2da,Terciados
2022-10-24,0.0,0.0,5,TERC-EST-15-2DA,Terc Estr 15mm 2da,Terciados
2022-10-31,0.0,0.0,5,TERC-EST-15-2DA,Terc Estr 15mm 2da,Terciados
2022-11-07,0.0,0.0,5,TERC-EST-15-2DA,Terc Estr 15mm 2da,Terciados
2022-11-14,0.0,0.0,5,TERC-EST-15-2DA,Terc Estr 15mm 2da,Terciados
2022-11-21,0.0,0.0,5,TERC-EST-15-2DA,Terc Estr 15mm 2da,Terciados
2022-11-28,1.0,15957.98,5,TERC-EST-15-2DA,Terc Estr 15mm 2da,Terciados
2022-12-05,0.0,0.0,5,TERC-EST-15-2DA,Terc Estr 15mm 2da,Terciados
2022-12-12,6.0,95747.9,5,TERC-EST-15-2DA,Terc Estr 15mm 2da,Terciados
2022-12-19,15.0,239369.75,5,TERC-EST-15-2DA,Terc Estr 15mm 2da,Terciados
2022-12-26,13.0,207453.78,5,TERC-EST-15-2DA,Terc Estr 15mm 2da,Terciados
2023-01-02,0.0,0.0,5,TERC-EST-15-2DA,Terc Estr 15mm 2da,Terciados
2023-01-09,4.0,63831.93,5,TERC-EST-15-2DA,Terc Estr 15mm 2da,Terciados
2023-01-16,5.0,79789.92,5,TERC-EST-15-2DA,Terc Estr 15mm 2da,Terciados
2023-01-23,11.0,175537.82,5,TERC-EST-15-2DA,Terc Estr 15mm 2da,Terciados
2023-01-30,3.0,47873.95,5,TERC-EST-15-2DA,Terc Estr 15mm 2da,Terciados
2023-02-06,3.0,47873.95,5,TERC-EST-15-2DA,Terc Estr 15mm 2da,Terciados
2023-02-13,5.0,79789.92,5,TERC-EST-15-2DA,Terc Estr 15mm 2da,Terciados
2023-02-20,0.0,0.0,5,TERC-EST-15-2DA,Terc Estr 15mm 2da,Terciados
2023-02-27,7.0,111705.89,5,TERC-EST-15-2DA,Terc Estr 15mm 2da,Terciados
2023-03-06,1.0,15957.98,5,TERC-EST-15-2DA,Terc Estr 15mm 2da,Terciados
2023-03-13,3.0,47873.95,5,TERC-EST-15-2DA,Terc Estr 15mm 2da,Terciados
2023-03-20,1.0,15957.98,5,TERC-EST-15-2DA,Terc Estr 15mm 2da,Terciados
2023-03-27,0.0,0.0,5,TERC-EST-15-2DA,Terc Estr 15mm 2da,Terciados
2023-04-03,1.0,15957.98,5,TERC-EST-15-2DA,Terc Estr 15mm 2da,Terciados
2023-04-10,0.0,0.0,5,TERC-EST-15-2DA,Terc Estr 15mm 2da,Terciados
2023-04-17,0.0,0.0,5,TERC-EST-15-2DA,Terc Estr 15mm 2da,Terciados
2023-04-24,4.0,63831.93,5,TERC-EST-15-2DA,Terc Estr 15mm 2da,Terciados
2023-05-01,0.0,0.0,5,TERC-EST-15-2DA,Terc Estr 15mm 2da,Terciados
2023-05-08,0.0,0.0,5,TERC-EST-15-2DA,Terc Estr 15mm 2da,Terciados
2023-05-15,0.0,0.0,5,TERC-EST-15-2DA,Terc Estr 15mm 2da,Terciados
2023-05-22,0.0,0.0,5,TERC-EST-15-2DA,Terc Estr 15mm 2da,Terciados
2023-05-29,0.0,0.0,5,TERC-EST-15-2DA,Terc Estr 15mm 2da,Terciados
2023-06-05,0.0,0.0,5,TERC-EST-15-2DA,Terc Estr 15mm 2da,Terciados
2023-06-12,0.0,0.0,5,TERC-EST-15-2DA,Terc Estr 15mm 2da,Terciados
2023-06-19,0.0,0.0,5,TERC-EST-15-2DA,Terc Estr 15mm 2da,Terciados
2023-06-26,0.0,0.0,5,TERC-EST-15-2DA,Terc Estr 15mm 2da,Terciados
2023-07-03,0.0,0.0,5,TERC-EST-15-2DA,Terc Estr 15mm 2da,Terciados
2023-07-10,0.0,0.0,5,TERC-EST-15-2DA,Terc Estr 15mm 2da,Terciados
2023-07-17,0.0,0.0,5,TERC-EST-15-2DA,Terc Estr 15mm 2da,Terciados
2023-07-24,0.0,0.0,5,TERC-EST-15-2DA,Terc Estr 15mm 2da,Terciados
2023-07-31,0.0,0.0,5,TERC-EST-15-2DA,Terc Estr 15mm 2da,Terciados
2023-08-07,0.0,0.0,5,TERC-EST-15-2DA,Terc Estr 15mm 2da,Terciados
2023-08-14,0.0,0.0,5,TERC-EST-15-2DA,Terc Estr 15mm 2da,Terciados
2023-08-21,0.0,0.0,5,TERC-EST-15-2DA,Terc Estr 15mm 2da,Terciados
2023-08-28,0.0,0.0,5,TERC-EST-15-2DA,Terc Estr 15mm 2da,Terciados
2023-09-04,0.0,0.0,5,TERC-EST-15-2DA,Terc Estr 15mm 2da,Terciados
2023-09-11,0.0,0.0,5,TERC-EST-15-2DA,Terc Estr 15mm 2da,Terciados
2023-09-18,0.0,0.0,5,TERC-EST-15-2DA,Terc Estr 15mm 2da,Terciados
2023-09-25,0.0,0.0,5,TERC-EST-15-2DA,Terc Estr 15mm 2da,Terciados
2023-10-02,0.0,0.0,5,TERC-EST-15-2DA,Terc Estr 15mm 2da,Terciados
2023-10-09,0.0,0.0,5,TERC-EST-15-2DA,Terc Estr 15mm 2da,Terciados
2023-10-16,0.0,0.0,5,TERC-EST-15-2DA,Terc Estr 15mm 2da,Terciados
2023-10-23,0.0,0.0,5,TERC-EST-15-2DA,Terc Estr 15mm 2da,Terciados
2023-10-30,0.0,0.0,5,TERC-EST-15-2DA,Terc Estr 15mm 2da,Terciados
2023-11-06,0.0,0.0,5,TERC-EST-15-2DA,Terc Estr 15mm 2da,Terciados
2023-11-13,0.0,0.0,5,TERC-EST-15-2DA,Terc Estr 15mm 2da,Terciados
2023-11-20,0.0,0.0,5,TERC-EST-15-2DA,Terc Estr 15mm 2da,Terciados
2023-11-27,0.0,0.0,5,TERC-EST-15-2DA,Terc Estr 15mm 2da,Terciados
2023-12-04,0.0,0.0,5,TERC-EST-15-2DA,Terc Estr 15mm 2da,Terciados
2023-12-11,0.0,0.0,5,TERC-EST-15-2DA,Terc Estr 15mm 2da,Terciados
2023-12-18,0.0,0.0,5,TERC-EST-15-2DA,Terc Estr 15mm 2da,Terciados
2023-12-25,0.0,0.0,5,TERC-EST-15-2DA,Terc Estr 15mm 2da,Terciados
2024-01-01,0.0,0.0,5,TERC-EST-15-2DA,Terc Estr 15mm 2da,Terciados
2024-01-08,0.0,0.0,5,TERC-EST-15-2DA,Terc Estr 15mm 2da,Terciados
2024-01-15,0.0,0.0,5,TERC-EST-15-2DA,Terc Estr 15mm 2da,Terciados
2024-01-22,21.0,335117.64,5,TERC-EST-15-2DA,Terc Estr 15mm 2da,Terciados
2024-01-29,6.0,95747.9,5,TERC-EST-15-2DA,Terc Estr 15mm 2da,Terciados
2024-02-05,20.0,319159.66000000003,5,TERC-EST-15-2DA,Terc Estr 15mm 2da,Terciados
2024-02-12,20.0,319159.67,5,TERC-EST-15-2DA,Terc Estr 15mm 2da,Terciados
2024-02-19,0.0,0.0,5,TERC-EST-15-2DA,Terc Estr 15mm 2da,Terciados
2024-02-26,4.0,63831.93,5,TERC-EST-15-2DA,Terc Estr 15mm 2da,Terciados
2024-03-04,0.0,0.0,5,TERC-EST-15-2DA,Terc Estr 15mm 2da,Terciados
2024-03-11,22.0,351075.63,5,TERC-EST-15-2DA,Terc Estr 15mm 2da,Terciados
2024-03-18,40.0,638319.33,5,TERC-EST-15-2DA,Terc Estr 15mm 2da,Terciados
2024-03-25,0.0,0.0,5,TERC-EST-15-2DA,Terc Estr 15mm 2da,Terciados
2024-04-01,0.0,0.0,5,TERC-EST-15-2DA,Terc Estr 15mm 2da,Terciados
2024-04-08,0.0,0.0,5,TERC-EST-15-2DA,Terc Estr 15mm 2da,Terciados
2024-04-15,0.0,0.0,5,TERC-EST-15-2DA,Terc Estr 15mm 2da,Terciados
2024-04-22,0.0,0.0,5,TERC-EST-15-2DA,Terc Estr 15mm 2da,Terciados
2024-04-29,0.0,0.0,5,TERC-EST-15-2DA,Terc Estr 15mm 2da,Terciados
2024-05-06,0.0,0.0,5,TERC-EST-15-2DA,Terc Estr 15mm 2da,Terciados
2024-05-13,0.0,0.0,5,TERC-EST-15-2DA,Terc Estr 15mm 2da,Terciados
2024-05-20,0.0,0.0,5,TERC-EST-15-2DA,Terc Estr 15mm 2da,Terciados
2024-05-27,0.0,0.0,5,TERC-EST-15-2DA,Terc Estr 15mm 2da,Terciados
2024-06-03,0.0,0.0,5,TERC-EST-15-2DA,Terc Estr 15mm 2da,Terciados
2024-06-10,0.0,0.0,5,TERC-EST-15-2DA,Terc Estr 15mm 2da,Terciados
2024-06-17,0.0,0.0,5,TERC-EST-15-2DA,Terc Estr 15mm 2da,Terciados
2024-06-24,0.0,0.0,5,TERC-EST-15-2DA,Terc Estr 15mm 2da,Terciados
2024-07-01,0.0,0.0,5,TERC-EST-15-2DA,Terc Estr 15mm 2da,Terciados
2024-07-08,0.0,0.0,5,TERC-EST-15-2DA,Terc Estr 15mm 2da,Terciados
2024-07-15,0.0,0.0,5,TERC-EST-15-2DA,Terc Estr 15mm 2da,Terciados
2024-07-22,0.0,0.0,5,TERC-EST-15-2DA,Terc Estr 15mm 2da,Terciados
2024-07-29,0.0,0.0,5,TERC-EST-15-2DA,Terc Estr 15mm 2da,Terciados
2024-08-05,5.0,79789.92,5,TERC-EST-15-2DA,Terc Estr 15mm 2da,Terciados
2024-08-12,0.0,0.0,5,TERC-EST-15-2DA,Terc Estr 15mm 2da,Terciados
2024-08-19,0.0,0.0,5,TERC-EST-15-2DA,Terc Estr 15mm 2da,Terciados
2024-08-26,0.0,0.0,5,TERC-EST-15-2DA,Terc Estr 15mm 2da,Terciados
2024-09-02,0.0,0.0,5,TERC-EST-15-2DA,Terc Estr 15mm 2da,Terciados
2024-09-09,0.0,0.0,5,TERC-EST-15-2DA,Terc Estr 15mm 2da,Terciados
2024-09-16,0.0,0.0,5,TERC-EST-15-2DA,Terc Estr 15mm 2da,Terciados
2024-09-23,0.0,0.0,5,TERC-EST-15-2DA,Terc Estr 15mm 2da,Terciados
2024-09-30,0.0,0.0,5,TERC-EST-15-2DA,Terc Estr 15mm 2da,Terciados
2024-10-07,0.0,0.0,5,TERC-EST-15-2DA,Terc Estr 15mm 2da,Terciados
2024-10-14,0.0,0.0,5,TERC-EST-15-2DA,Terc Estr 15mm 2da,Terciados
2024-10-21,0.0,0.0,5,TERC-EST-15-2DA,Terc Estr 15mm 2da,Terciados
2024-10-28,0.0,0.0,5,TERC-EST-15-2DA,Terc Estr 15mm 2da,Terciados
2024-11-04,0.0,0.0,5,TERC-EST-15-2DA,Terc Estr 15mm 2da,Terciados
2024-11-11,0.0,0.0,5,TERC-EST-15-2DA,Terc Estr 15mm 2da,Terciados
2024-11-18,0.0,0.0,5,TERC-EST-15-2DA,Terc Estr 15mm 2da,Terciados
2024-11-25,0.0,0.0,5,TERC-EST-15-2DA,Terc Estr 15mm 2da,Terciados
2024-12-02,0.0,0.0,5,TERC-EST-15-2DA,Terc Estr 15mm 2da,Terciados
2024-12-09,0.0,0.0,5,TERC-EST-15-2DA,Terc Estr 15mm 2da,Terciados
2024-12-16,0.0,0.0,5,TERC-EST-15-2DA,Terc Estr 15mm 2da,Terciados
2024-12-23,0.0,0.0,5,TERC-EST-15-2DA,Terc Estr 15mm 2da,Terciados
2024-12-30,0.0,0.0,5,TERC-EST-15-2DA,Terc Estr 15mm 2da,Terciados
2025-01-06,0.0,0.0,5,TERC-EST-15-2DA,Terc Estr 15mm 2da,Terciados
2025-01-13,0.0,0.0,5,TERC-EST-15-2DA,Terc Estr 15mm 2da,Terciados
2025-01-20,0.0,0.0,5,TERC-EST-15-2DA,Terc Estr 15mm 2da,Terciados
2025-01-27,0.0,0.0,5,TERC-EST-15-2DA,Terc Estr 15mm 2da,Terciados
2025-02-03,1.0,15957.98,5,TERC-EST-15-2DA,Terc Estr 15mm 2da,Terciados
2025-02-10,12.0,191495.8,5,TERC-EST-15-2DA,Terc Estr 15mm 2da,Terciados
2025-02-17,0.0,0.0,5,TERC-EST-15-2DA,Terc Estr 15mm 2da,Terciados
2025-02-24,6.0,95747.9,5,TERC-EST-15-2DA,Terc Estr 15mm 2da,Terciados
2025-03-03,0.0,0.0,5,TERC-EST-15-2DA,Terc Estr 15mm 2da,Terciados
2025-03-10,0.0,0.0,5,TERC-EST-15-2DA,Terc Estr 15mm 2da,Terciados
2025-03-17,0.0,0.0,5,TERC-EST-15-2DA,Terc Estr 15mm 2da,Terciados
2025-03-24,1.0,15957.98,5,TERC-EST-15-2DA,Terc Estr 15mm 2da,Terciados
2025-03-31,24.0,382991.6,5,TERC-EST-15-2DA,Terc Estr 15mm 2da,Terciados
2025-04-07,0.0,0.0,5,TERC-EST-15-2DA,Terc Estr 15mm 2da,Terciados
2025-04-14,0.0,0.0,5,TERC-EST-15-2DA,Terc Estr 15mm 2da,Terciados
2025-04-21,0.0,0.0,5,TERC-EST-15-2DA,Terc Estr 15mm 2da,Terciados
2025-04-28,0.0,0.0,5,TERC-EST-15-2DA,Terc Estr 15mm 2da,Terciados
2025-05-05,0.0,0.0,5,TERC-EST-15-2DA,Terc Estr 15mm 2da,Terciados
2025-05-12,0.0,0.0,5,TERC-EST-15-2DA,Terc Estr 15mm 2da,Terciados
2025-05-19,0.0,0.0,5,TERC-EST-15-2DA,Terc Estr 15mm 2da,Terciados
2025-05-26,0.0,0.0,5,TERC-EST-15-2DA,Terc Estr 15mm 2da,Terciados
2025-06-02,0.0,0.0,5,TERC-EST-15-2DA,Terc Estr 15mm 2da,Terciados
2025-06-09,0.0,0.0,5,TERC-EST-15-2DA,Terc Estr 15mm 2da,Terciados
2025-06-16,0.0,0.0,5,TERC-EST-15-2DA,Terc Estr 15mm 2da,Terciados
2025-06-23,2.0,31915.97,5,TERC-EST-15-2DA,Terc Estr 15mm 2da,Terciados
2025-06-30,0.0,0.0,5,TERC-EST-15-2DA,Terc Estr 15mm 2da,Terciados
2025-07-07,1.0,15957.98,5,TERC-EST-15-2DA,Terc Estr 15mm 2da,Terciados
2025-07-14,0.0,0.0,5,TERC-EST-15-2DA,Terc Estr 15mm 2da,Terciados
2025-07-21,0.0,0.0,5,TERC-EST-15-2DA,Terc Estr 15mm 2da,Terciados
2025-07-28,0.0,0.0,5,TERC-EST-15-2DA,Terc Estr 15mm 2da,Terciados
2025-08-04,6.0,95747.9,5,TERC-EST-15-2DA,Terc Estr 15mm 2da,Terciados
2025-08-11,0.0,0.0,5,TERC-EST-15-2DA,Terc Estr 15mm 2da,Terciados
2025-08-18,0.0,0.0,5,TERC-EST-15-2DA,Terc Estr 15mm 2da,Terciados
2025-08-25,0.0,0.0,5,TERC-EST-15-2DA,Terc Estr 15mm 2da,Terciados
2025-09-01,0.0,0.0,5,TERC-EST-15-2DA,Terc Estr 15mm 2da,Terciados
2025-09-08,0.0,0.0,5,TERC-EST-15-2DA,Terc Estr 15mm 2da,Terciados
2025-09-15,0.0,0.0,5,TERC-EST-15-2DA,Terc Estr 15mm 2da,Terciados
2025-09-22,0.0,0.0,5,TERC-EST-15-2DA,Terc Estr 15mm 2da,Terciados
2025-09-29,0.0,0.0,5,TERC-EST-15-2DA,Terc Estr 15mm 2da,Terciados
2025-10-06,0.0,0.0,5,TERC-EST-15-2DA,Terc Estr 15mm 2da,Terciados
2025-10-13,0.0,0.0,5,TERC-EST-15-2DA,Terc Estr 15mm 2da,Terciados
2025-10-20,0.0,0.0,5,TERC-EST-15-2DA,Terc Estr 15mm 2da,Terciados
2025-10-27,0.0,0.0,5,TERC-EST-15-2DA,Terc Estr 15mm 2da,Terciados
2025-11-03,6.0,95747.9,5,TERC-EST-15-2DA,Terc Estr 15mm 2da,Terciados
2025-11-10,0.0,0.0,5,TERC-EST-15-2DA,Terc Estr 15mm 2da,Terciados
2025-11-17,0.0,0.0,5,TERC-EST-15-2DA,Terc Estr 15mm 2da,Terciados
2025-11-24,0.0,0.0,5,TERC-EST-15-2DA,Terc Estr 15mm 2da,Terciados
2025-12-01,0.0,0.0,5,TERC-EST-15-2DA,Terc Estr 15mm 2da,Terciados
2025-12-08,0.0,0.0,5,TERC-EST-15-2DA,Terc Estr 15mm 2da,Terciados
2025-12-15,0.0,0.0,5,TERC-EST-15-2DA,Terc Estr 15mm 2da,Terciados
2025-12-22,0.0,0.0,5,TERC-EST-15-2DA,Terc Estr 15mm 2da,Terciados
2025-12-29,0.0,0.0,5,TERC-EST-15-2DA,Terc Estr 15mm 2da,Terciados
2026-01-05,0.0,0.0,5,TERC-EST-15-2DA,Terc Estr 15mm 2da,Terciados
2026-01-12,0.0,0.0,5,TERC-EST-15-2DA,Terc Estr 15mm 2da,Terciados
2026-01-19,0.0,0.0,5,TERC-EST-15-2DA,Terc Estr 15mm 2da,Terciados
2026-01-26,0.0,0.0,5,TERC-EST-15-2DA,Terc Estr 15mm 2da,Terciados
2026-02-02,0.0,0.0,5,TERC-EST-15-2DA,Terc Estr 15mm 2da,Terciados
2026-02-09,30.0,478739.49,5,TERC-EST-15-2DA,Terc Estr 15mm 2da,Terciados
2026-02-16,15.0,239369.75,5,TERC-EST-15-2DA,Terc Estr 15mm 2da,Terciados
2026-02-23,0.0,0.0,5,TERC-EST-15-2DA,Terc Estr 15mm 2da,Terciados
2026-03-02,0.0,0.0,5,TERC-EST-15-2DA,Terc Estr 15mm 2da,Terciados
2026-03-09,0.0,0.0,5,TERC-EST-15-2DA,Terc Estr 15mm 2da,Terciados
2026-03-16,0.0,0.0,5,TERC-EST-15-2DA,Terc Estr 15mm 2da,Terciados
2026-03-23,0.0,0.0,5,TERC-EST-15-2DA,Terc Estr 15mm 2da,Terciados
2026-03-30,0.0,0.0,5,TERC-EST-15-2DA,Terc Estr 15mm 2da,Terciados
2026-04-06,0.0,0.0,5,TERC-EST-15-2DA,Terc Estr 15mm 2da,Terciados
2026-04-13,0.0,0.0,5,TERC-EST-15-2DA,Terc Estr 15mm 2da,Terciados
2026-04-20,0.0,0.0,5,TERC-EST-15-2DA,Terc Estr 15mm 2da,Terciados
2026-04-27,0.0,0.0,5,TERC-EST-15-2DA,Terc Estr 15mm 2da,Terciados
2026-05-04,0.0,0.0,5,TERC-EST-15-2DA,Terc Estr 15mm 2da,Terciados
2026-05-11,0.0,0.0,5,TERC-EST-15-2DA,Terc Estr 15mm 2da,Terciados
2026-05-18,0.0,0.0,5,TERC-EST-15-2DA,Terc Estr 15mm 2da,Terciados
2026-05-25,0.0,0.0,5,TERC-EST-15-2DA,Terc Estr 15mm 2da,Terciados
2026-06-01,0.0,0.0,5,TERC-EST-15-2DA,Terc Estr 15mm 2da,Terciados
2026-06-08,0.0,0.0,5,TERC-EST-15-2DA,Terc Estr 15mm 2da,Terciados
2026-06-15,0.0,0.0,5,TERC-EST-15-2DA,Terc Estr 15mm 2da,Terciados
2026-06-22,0.0,0.0,5,TERC-EST-15-2DA,Terc Estr 15mm 2da,Terciados
2026-06-29,0.0,0.0,5,TERC-EST-15-2DA,Terc Estr 15mm 2da,Terciados
2026-07-06,0.0,0.0,5,TERC-EST-15-2DA,Terc Estr 15mm 2da,Terciados
2022-06-06,1.0,19319.33,6,TERC-EST-18N,Terc Estr 18mm N,Terciados
2022-06-13,68.0,1313714.28,6,TERC-EST-18N,Terc Estr 18mm N,Terciados
2022-06-20,104.0,2009210.09,6,TERC-EST-18N,Terc Estr 18mm N,Terciados
2022-06-27,13.0,251151.26,6,TERC-EST-18N,Terc Estr 18mm N,Terciados
2022-07-04,100.0,1931932.78,6,TERC-EST-18N,Terc Estr 18mm N,Terciados
2022-07-11,311.0,6008310.92,6,TERC-EST-18N,Terc Estr 18mm N,Terciados
2022-07-18,63.0,1217117.6500000001,6,TERC-EST-18N,Terc Estr 18mm N,Terciados
2022-07-25,118.0,2279680.67,6,TERC-EST-18N,Terc Estr 18mm N,Terciados
2022-08-01,59.0,1139840.33,6,TERC-EST-18N,Terc Estr 18mm N,Terciados
2022-08-08,49.0,946647.07,6,TERC-EST-18N,Terc Estr 18mm N,Terciados
2022-08-15,27.0,521621.85,6,TERC-EST-18N,Terc Estr 18mm N,Terciados
2022-08-22,62.0,1197798.31,6,TERC-EST-18N,Terc Estr 18mm N,Terciados
2022-08-29,104.0,2009210.08,6,TERC-EST-18N,Terc Estr 18mm N,Terciados
2022-09-05,19.0,367067.23,6,TERC-EST-18N,Terc Estr 18mm N,Terciados
2022-09-12,0.0,0.0,6,TERC-EST-18N,Terc Estr 18mm N,Terciados
2022-09-19,93.0,1796697.48,6,TERC-EST-18N,Terc Estr 18mm N,Terciados
2022-09-26,59.0,1139840.34,6,TERC-EST-18N,Terc Estr 18mm N,Terciados
2022-10-03,98.0,1893294.12,6,TERC-EST-18N,Terc Estr 18mm N,Terciados
2022-10-10,46.0,888689.09,6,TERC-EST-18N,Terc Estr 18mm N,Terciados
2022-10-17,30.0,579579.83,6,TERC-EST-18N,Terc Estr 18mm N,Terciados
2022-10-24,139.0,2685386.55,6,TERC-EST-18N,Terc Estr 18mm N,Terciados
2022-10-31,83.0,1603504.2000000002,6,TERC-EST-18N,Terc Estr 18mm N,Terciados
2022-11-07,13.0,251151.26,6,TERC-EST-18N,Terc Estr 18mm N,Terciados
2022-11-14,118.0,2279680.68,6,TERC-EST-18N,Terc Estr 18mm N,Terciados
2022-11-21,71.0,1371672.2799999998,6,TERC-EST-18N,Terc Estr 18mm N,Terciados
2022-11-28,120.0,2318319.34,6,TERC-EST-18N,Terc Estr 18mm N,Terciados
2022-12-05,0.0,0.0,6,TERC-EST-18N,Terc Estr 18mm N,Terciados
2022-12-12,162.0,3129731.09,6,TERC-EST-18N,Terc Estr 18mm N,Terciados
2022-12-19,61.0,1178478.98,6,TERC-EST-18N,Terc Estr 18mm N,Terciados
2022-12-26,113.0,2183084.0300000003,6,TERC-EST-18N,Terc Estr 18mm N,Terciados
2023-01-02,11.0,212512.61,6,TERC-EST-18N,Terc Estr 18mm N,Terciados
2023-01-09,13.0,251151.26,6,TERC-EST-18N,Terc Estr 18mm N,Terciados
2023-01-16,114.0,2202403.35,6,TERC-EST-18N,Terc Estr 18mm N,Terciados
2023-01-23,32.0,618218.49,6,TERC-EST-18N,Terc Estr 18mm N,Terciados
2023-01-30,1.0,19319.33,6,TERC-EST-18N,Terc Estr 18mm N,Terciados
2023-02-06,57.0,1101201.6800000002,6,TERC-EST-18N,Terc Estr 18mm N,Terciados
2023-02-13,37.0,714815.1399999999,6,TERC-EST-18N,Terc Estr 18mm N,Terciados
2023-02-20,13.0,251151.26,6,TERC-EST-18N,Terc Estr 18mm N,Terciados
2023-02-27,0.0,0.0,6,TERC-EST-18N,Terc Estr 18mm N,Terciados
2023-03-06,32.0,618218.5,6,TERC-EST-18N,Terc Estr 18mm N,Terciados
2023-03-13,10.0,193193.28,6,TERC-EST-18N,Terc Estr 18mm N,Terciados
2023-03-20,6.0,115915.97,6,TERC-EST-18N,Terc Estr 18mm N,Terciados
2023-03-27,35.0,676176.47,6,TERC-EST-18N,Terc Estr 18mm N,Terciados
2023-04-03,9.0,173873.95,6,TERC-EST-18N,Terc Estr 18mm N,Terciados
2023-04-10,3.0,57957.990000000005,6,TERC-EST-18N,Terc Estr 18mm N,Terciados
2023-04-17,0.0,0.0,6,TERC-EST-18N,Terc Estr 18mm N,Terciados
2023-04-24,6.0,115915.97,6,TERC-EST-18N,Terc Estr 18mm N,Terciados
2023-05-01,1.0,19319.33,6,TERC-EST-18N,Terc Estr 18mm N,Terciados
2023-05-08,2.0,38638.66,6,TERC-EST-18N,Terc Estr 18mm N,Terciados
2023-05-15,19.0,367067.23,6,TERC-EST-18N,Terc Estr 18mm N,Terciados
2023-05-22,12.0,231831.93000000002,6,TERC-EST-18N,Terc Estr 18mm N,Terciados
2023-05-29,0.0,0.0,6,TERC-EST-18N,Terc Estr 18mm N,Terciados
2023-06-05,0.0,0.0,6,TERC-EST-18N,Terc Estr 18mm N,Terciados
2023-06-12,0.0,0.0,6,TERC-EST-18N,Terc Estr 18mm N,Terciados
2023-06-19,2.0,38638.66,6,TERC-EST-18N,Terc Estr 18mm N,Terciados
2023-06-26,0.0,0.0,6,TERC-EST-18N,Terc Estr 18mm N,Terciados
2023-07-03,0.0,0.0,6,TERC-EST-18N,Terc Estr 18mm N,Terciados
2023-07-10,0.0,0.0,6,TERC-EST-18N,Terc Estr 18mm N,Terciados
2023-07-17,0.0,0.0,6,TERC-EST-18N,Terc Estr 18mm N,Terciados
2023-07-24,1.0,19319.33,6,TERC-EST-18N,Terc Estr 18mm N,Terciados
2023-07-31,0.0,0.0,6,TERC-EST-18N,Terc Estr 18mm N,Terciados
2023-08-07,8.0,154554.62,6,TERC-EST-18N,Terc Estr 18mm N,Terciados
2023-08-14,0.0,0.0,6,TERC-EST-18N,Terc Estr 18mm N,Terciados
2023-08-21,21.0,405705.88,6,TERC-EST-18N,Terc Estr 18mm N,Terciados
2023-08-28,0.0,0.0,6,TERC-EST-18N,Terc Estr 18mm N,Terciados
2023-09-04,1.0,19319.33,6,TERC-EST-18N,Terc Estr 18mm N,Terciados
2023-09-11,6.0,115915.97,6,TERC-EST-18N,Terc Estr 18mm N,Terciados
2023-09-18,1.0,19319.33,6,TERC-EST-18N,Terc Estr 18mm N,Terciados
2023-09-25,9.0,173873.95,6,TERC-EST-18N,Terc Estr 18mm N,Terciados
2023-10-02,0.0,0.0,6,TERC-EST-18N,Terc Estr 18mm N,Terciados
2023-10-09,0.0,0.0,6,TERC-EST-18N,Terc Estr 18mm N,Terciados
2023-10-16,1.0,19319.33,6,TERC-EST-18N,Terc Estr 18mm N,Terciados
2023-10-23,39.0,753453.7799999999,6,TERC-EST-18N,Terc Estr 18mm N,Terciados
2023-10-30,2.0,38638.66,6,TERC-EST-18N,Terc Estr 18mm N,Terciados
2023-11-06,72.0,1390991.5899999999,6,TERC-EST-18N,Terc Estr 18mm N,Terciados
2023-11-13,30.0,579579.83,6,TERC-EST-18N,Terc Estr 18mm N,Terciados
2023-11-20,28.0,540941.1699999999,6,TERC-EST-18N,Terc Estr 18mm N,Terciados
2023-11-27,105.0,2028529.42,6,TERC-EST-18N,Terc Estr 18mm N,Terciados
2023-12-04,14.0,270470.58999999997,6,TERC-EST-18N,Terc Estr 18mm N,Terciados
2023-12-11,58.0,1120521.01,6,TERC-EST-18N,Terc Estr 18mm N,Terciados
2023-12-18,21.0,405705.88,6,TERC-EST-18N,Terc Estr 18mm N,Terciados
2023-12-25,54.0,1043243.7,6,TERC-EST-18N,Terc Estr 18mm N,Terciados
2024-01-01,36.0,695495.8,6,TERC-EST-18N,Terc Estr 18mm N,Terciados
2024-01-08,157.0,3033134.46,6,TERC-EST-18N,Terc Estr 18mm N,Terciados
2024-01-15,74.0,1429630.25,6,TERC-EST-18N,Terc Estr 18mm N,Terciados
2024-01-22,29.0,560260.5,6,TERC-EST-18N,Terc Estr 18mm N,Terciados
2024-01-29,78.0,1506907.5700000003,6,TERC-EST-18N,Terc Estr 18mm N,Terciados
2024-02-05,100.0,1931932.78,6,TERC-EST-18N,Terc Estr 18mm N,Terciados
2024-02-12,116.0,2241042.01,6,TERC-EST-18N,Terc Estr 18mm N,Terciados
2024-02-19,233.0,4501403.36,6,TERC-EST-18N,Terc Estr 18mm N,Terciados
2024-02-26,223.0,4308210.09,6,TERC-EST-18N,Terc Estr 18mm N,Terciados
2024-03-04,4.0,77277.31,6,TERC-EST-18N,Terc Estr 18mm N,Terciados
2024-03-11,0.0,0.0,6,TERC-EST-18N,Terc Estr 18mm N,Terciados
2024-03-18,0.0,0.0,6,TERC-EST-18N,Terc Estr 18mm N,Terciados
2024-03-25,0.0,0.0,6,TERC-EST-18N,Terc Estr 18mm N,Terciados
2024-04-01,0.0,0.0,6,TERC-EST-18N,Terc Estr 18mm N,Terciados
2024-04-08,0.0,0.0,6,TERC-EST-18N,Terc Estr 18mm N,Terciados
2024-04-15,0.0,0.0,6,TERC-EST-18N,Terc Estr 18mm N,Terciados
2024-04-22,0.0,0.0,6,TERC-EST-18N,Terc Estr 18mm N,Terciados
2024-04-29,0.0,0.0,6,TERC-EST-18N,Terc Estr 18mm N,Terciados
2024-05-06,0.0,0.0,6,TERC-EST-18N,Terc Estr 18mm N,Terciados
2024-05-13,0.0,0.0,6,TERC-EST-18N,Terc Estr 18mm N,Terciados
2024-05-20,6.0,115915.97,6,TERC-EST-18N,Terc Estr 18mm N,Terciados
2024-05-27,59.0,1139840.33,6,TERC-EST-18N,Terc Estr 18mm N,Terciados
2024-06-03,42.0,811411.7700000001,6,TERC-EST-18N,Terc Estr 18mm N,Terciados
2024-06-10,10.0,193193.28,6,TERC-EST-18N,Terc Estr 18mm N,Terciados
2024-06-17,29.0,560260.51,6,TERC-EST-18N,Terc Estr 18mm N,Terciados
2024-06-24,12.0,231831.93,6,TERC-EST-18N,Terc Estr 18mm N,Terciados
2024-07-01,8.0,154554.62,6,TERC-EST-18N,Terc Estr 18mm N,Terciados
2024-07-08,59.0,1139840.35,6,TERC-EST-18N,Terc Estr 18mm N,Terciados
2024-07-15,1.0,19319.33,6,TERC-EST-18N,Terc Estr 18mm N,Terciados
2024-07-22,26.0,502302.52,6,TERC-EST-18N,Terc Estr 18mm N,Terciados
2024-07-29,13.0,251151.26,6,TERC-EST-18N,Terc Estr 18mm N,Terciados
2024-08-05,37.0,714815.13,6,TERC-EST-18N,Terc Estr 18mm N,Terciados
2024-08-12,15.0,289789.92,6,TERC-EST-18N,Terc Estr 18mm N,Terciados
2024-08-19,20.0,386386.55,6,TERC-EST-18N,Terc Estr 18mm N,Terciados
2024-08-26,11.0,212512.61000000002,6,TERC-EST-18N,Terc Estr 18mm N,Terciados
2024-09-02,59.0,1139840.35,6,TERC-EST-18N,Terc Estr 18mm N,Terciados
2024-09-09,26.0,502302.50999999995,6,TERC-EST-18N,Terc Estr 18mm N,Terciados
2024-09-16,0.0,0.0,6,TERC-EST-18N,Terc Estr 18mm N,Terciados
2024-09-23,0.0,0.0,6,TERC-EST-18N,Terc Estr 18mm N,Terciados
2024-09-30,0.0,0.0,6,TERC-EST-18N,Terc Estr 18mm N,Terciados
2024-10-07,0.0,0.0,6,TERC-EST-18N,Terc Estr 18mm N,Terciados
2024-10-14,0.0,0.0,6,TERC-EST-18N,Terc Estr 18mm N,Terciados
2024-10-21,0.0,0.0,6,TERC-EST-18N,Terc Estr 18mm N,Terciados
2024-10-28,0.0,0.0,6,TERC-EST-18N,Terc Estr 18mm N,Terciados
2024-11-04,119.0,2299000.0,6,TERC-EST-18N,Terc Estr 18mm N,Terciados
2024-11-11,55.0,1062563.03,6,TERC-EST-18N,Terc Estr 18mm N,Terciados
2024-11-18,23.0,444344.54,6,TERC-EST-18N,Terc Estr 18mm N,Terciados
2024-11-25,81.0,1564865.5499999998,6,TERC-EST-18N,Terc Estr 18mm N,Terciados
2024-12-02,0.0,0.0,6,TERC-EST-18N,Terc Estr 18mm N,Terciados
2024-12-09,0.0,0.0,6,TERC-EST-18N,Terc Estr 18mm N,Terciados
2024-12-16,2.0,38638.66,6,TERC-EST-18N,Terc Estr 18mm N,Terciados
2024-12-23,0.0,0.0,6,TERC-EST-18N,Terc Estr 18mm N,Terciados
2024-12-30,0.0,0.0,6,TERC-EST-18N,Terc Estr 18mm N,Terciados
2025-01-06,1.0,19319.33,6,TERC-EST-18N,Terc Estr 18mm N,Terciados
2025-01-13,0.0,0.0,6,TERC-EST-18N,Terc Estr 18mm N,Terciados
2025-01-20,0.0,0.0,6,TERC-EST-18N,Terc Estr 18mm N,Terciados
2025-01-27,103.0,1989890.75,6,TERC-EST-18N,Terc Estr 18mm N,Terciados
2025-02-03,34.0,656857.14,6,TERC-EST-18N,Terc Estr 18mm N,Terciados
2025-02-10,93.0,1796697.49,6,TERC-EST-18N,Terc Estr 18mm N,Terciados
2025-02-17,42.0,811411.77,6,TERC-EST-18N,Terc Estr 18mm N,Terciados
2025-02-24,26.0,502302.52,6,TERC-EST-18N,Terc Estr 18mm N,Terciados
2025-03-03,77.0,1487588.24,6,TERC-EST-18N,Terc Estr 18mm N,Terciados
2025-03-10,50.0,965966.38,6,TERC-EST-18N,Terc Estr 18mm N,Terciados
2025-03-17,19.0,367067.23,6,TERC-EST-18N,Terc Estr 18mm N,Terciados
2025-03-24,3.0,57957.990000000005,6,TERC-EST-18N,Terc Estr 18mm N,Terciados
2025-03-31,0.0,0.0,6,TERC-EST-18N,Terc Estr 18mm N,Terciados
2025-04-07,12.0,231831.94,6,TERC-EST-18N,Terc Estr 18mm N,Terciados
2025-04-14,0.0,0.0,6,TERC-EST-18N,Terc Estr 18mm N,Terciados
2025-04-21,0.0,0.0,6,TERC-EST-18N,Terc Estr 18mm N,Terciados
2025-04-28,0.0,0.0,6,TERC-EST-18N,Terc Estr 18mm N,Terciados
2025-05-05,0.0,0.0,6,TERC-EST-18N,Terc Estr 18mm N,Terciados
2025-05-12,0.0,0.0,6,TERC-EST-18N,Terc Estr 18mm N,Terciados
2025-05-19,0.0,0.0,6,TERC-EST-18N,Terc Estr 18mm N,Terciados
2025-05-26,0.0,0.0,6,TERC-EST-18N,Terc Estr 18mm N,Terciados
2025-06-02,0.0,0.0,6,TERC-EST-18N,Terc Estr 18mm N,Terciados
2025-06-09,0.0,0.0,6,TERC-EST-18N,Terc Estr 18mm N,Terciados
2025-06-16,0.0,0.0,6,TERC-EST-18N,Terc Estr 18mm N,Terciados
2025-06-23,0.0,0.0,6,TERC-EST-18N,Terc Estr 18mm N,Terciados
2025-06-30,0.0,0.0,6,TERC-EST-18N,Terc Estr 18mm N,Terciados
2025-07-07,0.0,0.0,6,TERC-EST-18N,Terc Estr 18mm N,Terciados
2025-07-14,0.0,0.0,6,TERC-EST-18N,Terc Estr 18mm N,Terciados
2025-07-21,0.0,0.0,6,TERC-EST-18N,Terc Estr 18mm N,Terciados
2025-07-28,0.0,0.0,6,TERC-EST-18N,Terc Estr 18mm N,Terciados
2025-08-04,0.0,0.0,6,TERC-EST-18N,Terc Estr 18mm N,Terciados
2025-08-11,0.0,0.0,6,TERC-EST-18N,Terc Estr 18mm N,Terciados
2025-08-18,0.0,0.0,6,TERC-EST-18N,Terc Estr 18mm N,Terciados
2025-08-25,0.0,0.0,6,TERC-EST-18N,Terc Estr 18mm N,Terciados
2025-09-01,0.0,0.0,6,TERC-EST-18N,Terc Estr 18mm N,Terciados
2025-09-08,0.0,0.0,6,TERC-EST-18N,Terc Estr 18mm N,Terciados
2025-09-15,0.0,0.0,6,TERC-EST-18N,Terc Estr 18mm N,Terciados
2025-09-22,0.0,0.0,6,TERC-EST-18N,Terc Estr 18mm N,Terciados
2025-09-29,2.0,40319.32,6,TERC-EST-18N,Terc Estr 18mm N,Terciados
2025-10-06,24.0,483831.93,6,TERC-EST-18N,Terc Estr 18mm N,Terciados
2025-10-13,46.0,927344.54,6,TERC-EST-18N,Terc Estr 18mm N,Terciados
2025-10-20,55.0,1108781.5,6,TERC-EST-18N,Terc Estr 18mm N,Terciados
2025-10-27,100.0,2015966.3900000001,6,TERC-EST-18N,Terc Estr 18mm N,Terciados
2025-11-03,124.0,2499798.3200000003,6,TERC-EST-18N,Terc Estr 18mm N,Terciados
2025-11-10,78.0,1572453.77,6,TERC-EST-18N,Terc Estr 18mm N,Terciados
2025-11-17,95.0,1915168.07,6,TERC-EST-18N,Terc Estr 18mm N,Terciados
2025-11-24,163.0,3286025.1999999997,6,TERC-EST-18N,Terc Estr 18mm N,Terciados
2025-12-01,80.0,1612773.1099999999,6,TERC-EST-18N,Terc Estr 18mm N,Terciados
2025-12-08,44.0,887025.21,6,TERC-EST-18N,Terc Estr 18mm N,Terciados
2025-12-15,129.0,2600596.6399999997,6,TERC-EST-18N,Terc Estr 18mm N,Terciados
2025-12-22,0.0,0.0,6,TERC-EST-18N,Terc Estr 18mm N,Terciados
2025-12-29,0.0,0.0,6,TERC-EST-18N,Terc Estr 18mm N,Terciados
2026-01-05,0.0,0.0,6,TERC-EST-18N,Terc Estr 18mm N,Terciados
2026-01-12,0.0,0.0,6,TERC-EST-18N,Terc Estr 18mm N,Terciados
2026-01-19,0.0,0.0,6,TERC-EST-18N,Terc Estr 18mm N,Terciados
2026-01-26,244.0,4918957.98,6,TERC-EST-18N,Terc Estr 18mm N,Terciados
2026-02-02,88.0,1774050.42,6,TERC-EST-18N,Terc Estr 18mm N,Terciados
2026-02-09,182.0,3669058.83,6,TERC-EST-18N,Terc Estr 18mm N,Terciados
2026-02-16,28.0,564470.58,6,TERC-EST-18N,Terc Estr 18mm N,Terciados
2026-02-23,36.0,725747.8999999999,6,TERC-EST-18N,Terc Estr 18mm N,Terciados
2026-03-02,64.0,1290218.48,6,TERC-EST-18N,Terc Estr 18mm N,Terciados
2026-03-09,25.0,503991.58999999997,6,TERC-EST-18N,Terc Estr 18mm N,Terciados
2026-03-16,19.0,383033.61,6,TERC-EST-18N,Terc Estr 18mm N,Terciados
2026-03-23,6.0,120957.98,6,TERC-EST-18N,Terc Estr 18mm N,Terciados
2026-03-30,0.0,0.0,6,TERC-EST-18N,Terc Estr 18mm N,Terciados
2026-04-06,0.0,0.0,6,TERC-EST-18N,Terc Estr 18mm N,Terciados
2026-04-13,0.0,0.0,6,TERC-EST-18N,Terc Estr 18mm N,Terciados
2026-04-20,0.0,0.0,6,TERC-EST-18N,Terc Estr 18mm N,Terciados
2026-04-27,0.0,0.0,6,TERC-EST-18N,Terc Estr 18mm N,Terciados
2026-05-04,0.0,0.0,6,TERC-EST-18N,Terc Estr 18mm N,Terciados
2026-05-11,0.0,0.0,6,TERC-EST-18N,Terc Estr 18mm N,Terciados
2026-05-18,0.0,0.0,6,TERC-EST-18N,Terc Estr 18mm N,Terciados
2026-05-25,0.0,0.0,6,TERC-EST-18N,Terc Estr 18mm N,Terciados
2026-06-01,0.0,0.0,6,TERC-EST-18N,Terc Estr 18mm N,Terciados
2026-06-08,0.0,0.0,6,TERC-EST-18N,Terc Estr 18mm N,Terciados
2026-06-15,0.0,0.0,6,TERC-EST-18N,Terc Estr 18mm N,Terciados
2026-06-22,0.0,0.0,6,TERC-EST-18N,Terc Estr 18mm N,Terciados
2026-06-29,0.0,0.0,6,TERC-EST-18N,Terc Estr 18mm N,Terciados
2026-07-06,0.0,0.0,6,TERC-EST-18N,Terc Estr 18mm N,Terciados
2022-05-30,14.0,258705.88,7,TERC-EST-18-2DA,Terc Estr 18mm 2da,Terciados
2022-06-06,20.0,369579.83,7,TERC-EST-18-2DA,Terc Estr 18mm 2da,Terciados
2022-06-13,25.0,461974.79000000004,7,TERC-EST-18-2DA,Terc Estr 18mm 2da,Terciados
2022-06-20,0.0,0.0,7,TERC-EST-18-2DA,Terc Estr 18mm 2da,Terciados
2022-06-27,0.0,0.0,7,TERC-EST-18-2DA,Terc Estr 18mm 2da,Terciados
2022-07-04,6.0,110873.95,7,TERC-EST-18-2DA,Terc Estr 18mm 2da,Terciados
2022-07-11,52.0,960907.5599999999,7,TERC-EST-18-2DA,Terc Estr 18mm 2da,Terciados
2022-07-18,14.0,258705.88,7,TERC-EST-18-2DA,Terc Estr 18mm 2da,Terciados
2022-07-25,11.0,203268.91,7,TERC-EST-18-2DA,Terc Estr 18mm 2da,Terciados
2022-08-01,0.0,0.0,7,TERC-EST-18-2DA,Terc Estr 18mm 2da,Terciados
2022-08-08,6.0,110873.95,7,TERC-EST-18-2DA,Terc Estr 18mm 2da,Terciados
2022-08-15,15.0,277184.87,7,TERC-EST-18-2DA,Terc Estr 18mm 2da,Terciados
2022-08-22,14.0,258705.88,7,TERC-EST-18-2DA,Terc Estr 18mm 2da,Terciados
2022-08-29,16.0,295663.87,7,TERC-EST-18-2DA,Terc Estr 18mm 2da,Terciados
2022-09-05,2.0,36957.98,7,TERC-EST-18-2DA,Terc Estr 18mm 2da,Terciados
2022-09-12,8.0,147831.93,7,TERC-EST-18-2DA,Terc Estr 18mm 2da,Terciados
2022-09-19,2.0,36957.98,7,TERC-EST-18-2DA,Terc Estr 18mm 2da,Terciados
2022-09-26,0.0,0.0,7,TERC-EST-18-2DA,Terc Estr 18mm 2da,Terciados
2022-10-03,16.0,295663.87,7,TERC-EST-18-2DA,Terc Estr 18mm 2da,Terciados
2022-10-10,0.0,0.0,7,TERC-EST-18-2DA,Terc Estr 18mm 2da,Terciados
2022-10-17,4.0,73915.97,7,TERC-EST-18-2DA,Terc Estr 18mm 2da,Terciados
2022-10-24,14.0,258705.88,7,TERC-EST-18-2DA,Terc Estr 18mm 2da,Terciados
2022-10-31,8.0,147831.93,7,TERC-EST-18-2DA,Terc Estr 18mm 2da,Terciados
2022-11-07,17.0,314142.85,7,TERC-EST-18-2DA,Terc Estr 18mm 2da,Terciados
2022-11-14,26.0,480453.78,7,TERC-EST-18-2DA,Terc Estr 18mm 2da,Terciados
2022-11-21,16.0,295663.86,7,TERC-EST-18-2DA,Terc Estr 18mm 2da,Terciados
2022-11-28,0.0,0.0,7,TERC-EST-18-2DA,Terc Estr 18mm 2da,Terciados
2022-12-05,0.0,0.0,7,TERC-EST-18-2DA,Terc Estr 18mm 2da,Terciados
2022-12-12,3.0,55436.97,7,TERC-EST-18-2DA,Terc Estr 18mm 2da,Terciados
2022-12-19,61.0,1127218.49,7,TERC-EST-18-2DA,Terc Estr 18mm 2da,Terciados
2022-12-26,12.0,221747.9,7,TERC-EST-18-2DA,Terc Estr 18mm 2da,Terciados
2023-01-02,0.0,0.0,7,TERC-EST-18-2DA,Terc Estr 18mm 2da,Terciados
2023-01-09,3.0,55436.97,7,TERC-EST-18-2DA,Terc Estr 18mm 2da,Terciados
2023-01-16,27.0,498932.77,7,TERC-EST-18-2DA,Terc Estr 18mm 2da,Terciados
2023-01-23,0.0,0.0,7,TERC-EST-18-2DA,Terc Estr 18mm 2da,Terciados
2023-01-30,0.0,0.0,7,TERC-EST-18-2DA,Terc Estr 18mm 2da,Terciados
2023-02-06,12.0,221747.9,7,TERC-EST-18-2DA,Terc Estr 18mm 2da,Terciados
2023-02-13,0.0,0.0,7,TERC-EST-18-2DA,Terc Estr 18mm 2da,Terciados
2023-02-20,0.0,0.0,7,TERC-EST-18-2DA,Terc Estr 18mm 2da,Terciados
2023-02-27,0.0,0.0,7,TERC-EST-18-2DA,Terc Estr 18mm 2da,Terciados
2023-03-06,0.0,0.0,7,TERC-EST-18-2DA,Terc Estr 18mm 2da,Terciados
2023-03-13,0.0,0.0,7,TERC-EST-18-2DA,Terc Estr 18mm 2da,Terciados
2023-03-20,0.0,0.0,7,TERC-EST-18-2DA,Terc Estr 18mm 2da,Terciados
2023-03-27,1.0,18478.99,7,TERC-EST-18-2DA,Terc Estr 18mm 2da,Terciados
2023-04-03,6.0,110873.95,7,TERC-EST-18-2DA,Terc Estr 18mm 2da,Terciados
2023-04-10,0.0,0.0,7,TERC-EST-18-2DA,Terc Estr 18mm 2da,Terciados
2023-04-17,0.0,0.0,7,TERC-EST-18-2DA,Terc Estr 18mm 2da,Terciados
2023-04-24,0.0,0.0,7,TERC-EST-18-2DA,Terc Estr 18mm 2da,Terciados
2023-05-01,0.0,0.0,7,TERC-EST-18-2DA,Terc Estr 18mm 2da,Terciados
2023-05-08,0.0,0.0,7,TERC-EST-18-2DA,Terc Estr 18mm 2da,Terciados
2023-05-15,0.0,0.0,7,TERC-EST-18-2DA,Terc Estr 18mm 2da,Terciados
2023-05-22,0.0,0.0,7,TERC-EST-18-2DA,Terc Estr 18mm 2da,Terciados
2023-05-29,0.0,0.0,7,TERC-EST-18-2DA,Terc Estr 18mm 2da,Terciados
2023-06-05,0.0,0.0,7,TERC-EST-18-2DA,Terc Estr 18mm 2da,Terciados
2023-06-12,0.0,0.0,7,TERC-EST-18-2DA,Terc Estr 18mm 2da,Terciados
2023-06-19,0.0,0.0,7,TERC-EST-18-2DA,Terc Estr 18mm 2da,Terciados
2023-06-26,0.0,0.0,7,TERC-EST-18-2DA,Terc Estr 18mm 2da,Terciados
2023-07-03,0.0,0.0,7,TERC-EST-18-2DA,Terc Estr 18mm 2da,Terciados
2023-07-10,0.0,0.0,7,TERC-EST-18-2DA,Terc Estr 18mm 2da,Terciados
2023-07-17,0.0,0.0,7,TERC-EST-18-2DA,Terc Estr 18mm 2da,Terciados
2023-07-24,0.0,0.0,7,TERC-EST-18-2DA,Terc Estr 18mm 2da,Terciados
2023-07-31,0.0,0.0,7,TERC-EST-18-2DA,Terc Estr 18mm 2da,Terciados
2023-08-07,0.0,0.0,7,TERC-EST-18-2DA,Terc Estr 18mm 2da,Terciados
2023-08-14,0.0,0.0,7,TERC-EST-18-2DA,Terc Estr 18mm 2da,Terciados
2023-08-21,0.0,0.0,7,TERC-EST-18-2DA,Terc Estr 18mm 2da,Terciados
2023-08-28,0.0,0.0,7,TERC-EST-18-2DA,Terc Estr 18mm 2da,Terciados
2023-09-04,0.0,0.0,7,TERC-EST-18-2DA,Terc Estr 18mm 2da,Terciados
2023-09-11,0.0,0.0,7,TERC-EST-18-2DA,Terc Estr 18mm 2da,Terciados
2023-09-18,0.0,0.0,7,TERC-EST-18-2DA,Terc Estr 18mm 2da,Terciados
2023-09-25,0.0,0.0,7,TERC-EST-18-2DA,Terc Estr 18mm 2da,Terciados
2023-10-02,0.0,0.0,7,TERC-EST-18-2DA,Terc Estr 18mm 2da,Terciados
2023-10-09,0.0,0.0,7,TERC-EST-18-2DA,Terc Estr 18mm 2da,Terciados
2023-10-16,0.0,0.0,7,TERC-EST-18-2DA,Terc Estr 18mm 2da,Terciados
2023-10-23,0.0,0.0,7,TERC-EST-18-2DA,Terc Estr 18mm 2da,Terciados
2023-10-30,0.0,0.0,7,TERC-EST-18-2DA,Terc Estr 18mm 2da,Terciados
2023-11-06,0.0,0.0,7,TERC-EST-18-2DA,Terc Estr 18mm 2da,Terciados
2023-11-13,0.0,0.0,7,TERC-EST-18-2DA,Terc Estr 18mm 2da,Terciados
2023-11-20,0.0,0.0,7,TERC-EST-18-2DA,Terc Estr 18mm 2da,Terciados
2023-11-27,0.0,0.0,7,TERC-EST-18-2DA,Terc Estr 18mm 2da,Terciados
2023-12-04,0.0,0.0,7,TERC-EST-18-2DA,Terc Estr 18mm 2da,Terciados
2023-12-11,2.0,36957.98,7,TERC-EST-18-2DA,Terc Estr 18mm 2da,Terciados
2023-12-18,0.0,0.0,7,TERC-EST-18-2DA,Terc Estr 18mm 2da,Terciados
2023-12-25,0.0,0.0,7,TERC-EST-18-2DA,Terc Estr 18mm 2da,Terciados
2024-01-01,0.0,0.0,7,TERC-EST-18-2DA,Terc Estr 18mm 2da,Terciados
2024-01-08,0.0,0.0,7,TERC-EST-18-2DA,Terc Estr 18mm 2da,Terciados
2024-01-15,6.0,110873.95,7,TERC-EST-18-2DA,Terc Estr 18mm 2da,Terciados
2024-01-22,20.0,369579.83,7,TERC-EST-18-2DA,Terc Estr 18mm 2da,Terciados
2024-01-29,17.0,314142.85,7,TERC-EST-18-2DA,Terc Estr 18mm 2da,Terciados
2024-02-05,94.0,1737025.21,7,TERC-EST-18-2DA,Terc Estr 18mm 2da,Terciados
2024-02-12,7.0,129352.94,7,TERC-EST-18-2DA,Terc Estr 18mm 2da,Terciados
2024-02-19,48.0,886991.6,7,TERC-EST-18-2DA,Terc Estr 18mm 2da,Terciados
2024-02-26,23.0,425016.81,7,TERC-EST-18-2DA,Terc Estr 18mm 2da,Terciados
2024-03-04,29.0,535890.76,7,TERC-EST-18-2DA,Terc Estr 18mm 2da,Terciados
2024-03-11,0.0,0.0,7,TERC-EST-18-2DA,Terc Estr 18mm 2da,Terciados
2024-03-18,0.0,0.0,7,TERC-EST-18-2DA,Terc Estr 18mm 2da,Terciados
2024-03-25,0.0,0.0,7,TERC-EST-18-2DA,Terc Estr 18mm 2da,Terciados
2024-04-01,0.0,0.0,7,TERC-EST-18-2DA,Terc Estr 18mm 2da,Terciados
2024-04-08,0.0,0.0,7,TERC-EST-18-2DA,Terc Estr 18mm 2da,Terciados
2024-04-15,0.0,0.0,7,TERC-EST-18-2DA,Terc Estr 18mm 2da,Terciados
2024-04-22,0.0,0.0,7,TERC-EST-18-2DA,Terc Estr 18mm 2da,Terciados
2024-04-29,0.0,0.0,7,TERC-EST-18-2DA,Terc Estr 18mm 2da,Terciados
2024-05-06,0.0,0.0,7,TERC-EST-18-2DA,Terc Estr 18mm 2da,Terciados
2024-05-13,0.0,0.0,7,TERC-EST-18-2DA,Terc Estr 18mm 2da,Terciados
2024-05-20,0.0,0.0,7,TERC-EST-18-2DA,Terc Estr 18mm 2da,Terciados
2024-05-27,0.0,0.0,7,TERC-EST-18-2DA,Terc Estr 18mm 2da,Terciados
2024-06-03,0.0,0.0,7,TERC-EST-18-2DA,Terc Estr 18mm 2da,Terciados
2024-06-10,0.0,0.0,7,TERC-EST-18-2DA,Terc Estr 18mm 2da,Terciados
2024-06-17,0.0,0.0,7,TERC-EST-18-2DA,Terc Estr 18mm 2da,Terciados
2024-06-24,0.0,0.0,7,TERC-EST-18-2DA,Terc Estr 18mm 2da,Terciados
2024-07-01,0.0,0.0,7,TERC-EST-18-2DA,Terc Estr 18mm 2da,Terciados
2024-07-08,0.0,0.0,7,TERC-EST-18-2DA,Terc Estr 18mm 2da,Terciados
2024-07-15,0.0,0.0,7,TERC-EST-18-2DA,Terc Estr 18mm 2da,Terciados
2024-07-22,0.0,0.0,7,TERC-EST-18-2DA,Terc Estr 18mm 2da,Terciados
2024-07-29,0.0,0.0,7,TERC-EST-18-2DA,Terc Estr 18mm 2da,Terciados
2024-08-05,14.0,258705.88,7,TERC-EST-18-2DA,Terc Estr 18mm 2da,Terciados
2024-08-12,0.0,0.0,7,TERC-EST-18-2DA,Terc Estr 18mm 2da,Terciados
2024-08-19,2.0,36957.98,7,TERC-EST-18-2DA,Terc Estr 18mm 2da,Terciados
2024-08-26,0.0,0.0,7,TERC-EST-18-2DA,Terc Estr 18mm 2da,Terciados
2024-09-02,14.0,258705.88,7,TERC-EST-18-2DA,Terc Estr 18mm 2da,Terciados
2024-09-09,0.0,0.0,7,TERC-EST-18-2DA,Terc Estr 18mm 2da,Terciados
2024-09-16,0.0,0.0,7,TERC-EST-18-2DA,Terc Estr 18mm 2da,Terciados
2024-09-23,0.0,0.0,7,TERC-EST-18-2DA,Terc Estr 18mm 2da,Terciados
2024-09-30,0.0,0.0,7,TERC-EST-18-2DA,Terc Estr 18mm 2da,Terciados
2024-10-07,0.0,0.0,7,TERC-EST-18-2DA,Terc Estr 18mm 2da,Terciados
2024-10-14,0.0,0.0,7,TERC-EST-18-2DA,Terc Estr 18mm 2da,Terciados
2024-10-21,0.0,0.0,7,TERC-EST-18-2DA,Terc Estr 18mm 2da,Terciados
2024-10-28,0.0,0.0,7,TERC-EST-18-2DA,Terc Estr 18mm 2da,Terciados
2024-11-04,5.0,92394.96,7,TERC-EST-18-2DA,Terc Estr 18mm 2da,Terciados
2024-11-11,3.0,55436.97,7,TERC-EST-18-2DA,Terc Estr 18mm 2da,Terciados
2024-11-18,0.0,0.0,7,TERC-EST-18-2DA,Terc Estr 18mm 2da,Terciados
2024-11-25,0.0,0.0,7,TERC-EST-18-2DA,Terc Estr 18mm 2da,Terciados
2024-12-02,0.0,0.0,7,TERC-EST-18-2DA,Terc Estr 18mm 2da,Terciados
2024-12-09,0.0,0.0,7,TERC-EST-18-2DA,Terc Estr 18mm 2da,Terciados
2024-12-16,0.0,0.0,7,TERC-EST-18-2DA,Terc Estr 18mm 2da,Terciados
2024-12-23,0.0,0.0,7,TERC-EST-18-2DA,Terc Estr 18mm 2da,Terciados
2024-12-30,0.0,0.0,7,TERC-EST-18-2DA,Terc Estr 18mm 2da,Terciados
2025-01-06,0.0,0.0,7,TERC-EST-18-2DA,Terc Estr 18mm 2da,Terciados
2025-01-13,0.0,0.0,7,TERC-EST-18-2DA,Terc Estr 18mm 2da,Terciados
2025-01-20,0.0,0.0,7,TERC-EST-18-2DA,Terc Estr 18mm 2da,Terciados
2025-01-27,8.0,147831.93,7,TERC-EST-18-2DA,Terc Estr 18mm 2da,Terciados
2025-02-03,0.0,0.0,7,TERC-EST-18-2DA,Terc Estr 18mm 2da,Terciados
2025-02-10,7.0,129352.94,7,TERC-EST-18-2DA,Terc Estr 18mm 2da,Terciados
2025-02-17,0.0,0.0,7,TERC-EST-18-2DA,Terc Estr 18mm 2da,Terciados
2025-02-24,10.0,184789.92,7,TERC-EST-18-2DA,Terc Estr 18mm 2da,Terciados
2025-03-03,3.0,55436.97,7,TERC-EST-18-2DA,Terc Estr 18mm 2da,Terciados
2025-03-10,0.0,0.0,7,TERC-EST-18-2DA,Terc Estr 18mm 2da,Terciados
2025-03-17,0.0,0.0,7,TERC-EST-18-2DA,Terc Estr 18mm 2da,Terciados
2025-03-24,29.0,535890.76,7,TERC-EST-18-2DA,Terc Estr 18mm 2da,Terciados
2025-03-31,0.0,0.0,7,TERC-EST-18-2DA,Terc Estr 18mm 2da,Terciados
2025-04-07,0.0,0.0,7,TERC-EST-18-2DA,Terc Estr 18mm 2da,Terciados
2025-04-14,0.0,0.0,7,TERC-EST-18-2DA,Terc Estr 18mm 2da,Terciados
2025-04-21,0.0,0.0,7,TERC-EST-18-2DA,Terc Estr 18mm 2da,Terciados
2025-04-28,0.0,0.0,7,TERC-EST-18-2DA,Terc Estr 18mm 2da,Terciados
2025-05-05,0.0,0.0,7,TERC-EST-18-2DA,Terc Estr 18mm 2da,Terciados
2025-05-12,0.0,0.0,7,TERC-EST-18-2DA,Terc Estr 18mm 2da,Terciados
2025-05-19,0.0,0.0,7,TERC-EST-18-2DA,Terc Estr 18mm 2da,Terciados
2025-05-26,0.0,0.0,7,TERC-EST-18-2DA,Terc Estr 18mm 2da,Terciados
2025-06-02,0.0,0.0,7,TERC-EST-18-2DA,Terc Estr 18mm 2da,Terciados
2025-06-09,0.0,0.0,7,TERC-EST-18-2DA,Terc Estr 18mm 2da,Terciados
2025-06-16,0.0,0.0,7,TERC-EST-18-2DA,Terc Estr 18mm 2da,Terciados
2025-06-23,0.0,0.0,7,TERC-EST-18-2DA,Terc Estr 18mm 2da,Terciados
2025-06-30,0.0,0.0,7,TERC-EST-18-2DA,Terc Estr 18mm 2da,Terciados
2025-07-07,0.0,0.0,7,TERC-EST-18-2DA,Terc Estr 18mm 2da,Terciados
2025-07-14,0.0,0.0,7,TERC-EST-18-2DA,Terc Estr 18mm 2da,Terciados
2025-07-21,0.0,0.0,7,TERC-EST-18-2DA,Terc Estr 18mm 2da,Terciados
2025-07-28,0.0,0.0,7,TERC-EST-18-2DA,Terc Estr 18mm 2da,Terciados
2025-08-04,0.0,0.0,7,TERC-EST-18-2DA,Terc Estr 18mm 2da,Terciados
2025-08-11,0.0,0.0,7,TERC-EST-18-2DA,Terc Estr 18mm 2da,Terciados
2025-08-18,0.0,0.0,7,TERC-EST-18-2DA,Terc Estr 18mm 2da,Terciados
2025-08-25,0.0,0.0,7,TERC-EST-18-2DA,Terc Estr 18mm 2da,Terciados
2025-09-01,0.0,0.0,7,TERC-EST-18-2DA,Terc Estr 18mm 2da,Terciados
2025-09-08,0.0,0.0,7,TERC-EST-18-2DA,Terc Estr 18mm 2da,Terciados
2025-09-15,0.0,0.0,7,TERC-EST-18-2DA,Terc Estr 18mm 2da,Terciados
2025-09-22,0.0,0.0,7,TERC-EST-18-2DA,Terc Estr 18mm 2da,Terciados
2025-09-29,0.0,0.0,7,TERC-EST-18-2DA,Terc Estr 18mm 2da,Terciados
2025-10-06,0.0,0.0,7,TERC-EST-18-2DA,Terc Estr 18mm 2da,Terciados
2025-10-13,1.0,18478.99,7,TERC-EST-18-2DA,Terc Estr 18mm 2da,Terciados
2025-10-20,0.0,0.0,7,TERC-EST-18-2DA,Terc Estr 18mm 2da,Terciados
2025-10-27,0.0,0.0,7,TERC-EST-18-2DA,Terc Estr 18mm 2da,Terciados
2025-11-03,0.0,0.0,7,TERC-EST-18-2DA,Terc Estr 18mm 2da,Terciados
2025-11-10,0.0,0.0,7,TERC-EST-18-2DA,Terc Estr 18mm 2da,Terciados
2025-11-17,0.0,0.0,7,TERC-EST-18-2DA,Terc Estr 18mm 2da,Terciados
2025-11-24,0.0,0.0,7,TERC-EST-18-2DA,Terc Estr 18mm 2da,Terciados
2025-12-01,0.0,0.0,7,TERC-EST-18-2DA,Terc Estr 18mm 2da,Terciados
2025-12-08,0.0,0.0,7,TERC-EST-18-2DA,Terc Estr 18mm 2da,Terciados
2025-12-15,0.0,0.0,7,TERC-EST-18-2DA,Terc Estr 18mm 2da,Terciados
2025-12-22,0.0,0.0,7,TERC-EST-18-2DA,Terc Estr 18mm 2da,Terciados
2025-12-29,0.0,0.0,7,TERC-EST-18-2DA,Terc Estr 18mm 2da,Terciados
2026-01-05,0.0,0.0,7,TERC-EST-18-2DA,Terc Estr 18mm 2da,Terciados
2026-01-12,0.0,0.0,7,TERC-EST-18-2DA,Terc Estr 18mm 2da,Terciados
2026-01-19,0.0,0.0,7,TERC-EST-18-2DA,Terc Estr 18mm 2da,Terciados
2026-01-26,0.0,0.0,7,TERC-EST-18-2DA,Terc Estr 18mm 2da,Terciados
2026-02-02,0.0,0.0,7,TERC-EST-18-2DA,Terc Estr 18mm 2da,Terciados
2026-02-09,0.0,0.0,7,TERC-EST-18-2DA,Terc Estr 18mm 2da,Terciados
2026-02-16,0.0,0.0,7,TERC-EST-18-2DA,Terc Estr 18mm 2da,Terciados
2026-02-23,0.0,0.0,7,TERC-EST-18-2DA,Terc Estr 18mm 2da,Terciados
2026-03-02,0.0,0.0,7,TERC-EST-18-2DA,Terc Estr 18mm 2da,Terciados
2026-03-09,0.0,0.0,7,TERC-EST-18-2DA,Terc Estr 18mm 2da,Terciados
2026-03-16,0.0,0.0,7,TERC-EST-18-2DA,Terc Estr 18mm 2da,Terciados
2026-03-23,2.0,36957.98,7,TERC-EST-18-2DA,Terc Estr 18mm 2da,Terciados
2026-03-30,11.0,203268.91,7,TERC-EST-18-2DA,Terc Estr 18mm 2da,Terciados
2026-04-06,4.0,73915.97,7,TERC-EST-18-2DA,Terc Estr 18mm 2da,Terciados
2026-04-13,0.0,0.0,7,TERC-EST-18-2DA,Terc Estr 18mm 2da,Terciados
2026-04-20,0.0,0.0,7,TERC-EST-18-2DA,Terc Estr 18mm 2da,Terciados
2026-04-27,0.0,0.0,7,TERC-EST-18-2DA,Terc Estr 18mm 2da,Terciados
2026-05-04,0.0,0.0,7,TERC-EST-18-2DA,Terc Estr 18mm 2da,Terciados
2026-05-11,0.0,0.0,7,TERC-EST-18-2DA,Terc Estr 18mm 2da,Terciados
2026-05-18,1.0,18478.99,7,TERC-EST-18-2DA,Terc Estr 18mm 2da,Terciados
2026-05-25,0.0,0.0,7,TERC-EST-18-2DA,Terc Estr 18mm 2da,Terciados
2026-06-01,0.0,0.0,7,TERC-EST-18-2DA,Terc Estr 18mm 2da,Terciados
2026-06-08,0.0,0.0,7,TERC-EST-18-2DA,Terc Estr 18mm 2da,Terciados
2026-06-15,0.0,0.0,7,TERC-EST-18-2DA,Terc Estr 18mm 2da,Terciados
2026-06-22,0.0,0.0,7,TERC-EST-18-2DA,Terc Estr 18mm 2da,Terciados
2026-06-29,0.0,0.0,7,TERC-EST-18-2DA,Terc Estr 18mm 2da,Terciados
2026-07-06,0.0,0.0,7,TERC-EST-18-2DA,Terc Estr 18mm 2da,Terciados
2024-10-28,6.0,100789.92,9,TERC-RAN-9,Terc Ran 9mm,Terciados
2024-11-04,15.0,251974.78999999998,9,TERC-RAN-9,Terc Ran 9mm,Terciados
2024-11-11,0.0,0.0,9,TERC-RAN-9,Terc Ran 9mm,Terciados
2024-11-18,0.0,0.0,9,TERC-RAN-9,Terc Ran 9mm,Terciados
2024-11-25,0.0,0.0,9,TERC-RAN-9,Terc Ran 9mm,Terciados
2024-12-02,0.0,0.0,9,TERC-RAN-9,Terc Ran 9mm,Terciados
2024-12-09,0.0,0.0,9,TERC-RAN-9,Terc Ran 9mm,Terciados
2024-12-16,0.0,0.0,9,TERC-RAN-9,Terc Ran 9mm,Terciados
2024-12-23,0.0,0.0,9,TERC-RAN-9,Terc Ran 9mm,Terciados
2024-12-30,0.0,0.0,9,TERC-RAN-9,Terc Ran 9mm,Terciados
2025-01-06,0.0,0.0,9,TERC-RAN-9,Terc Ran 9mm,Terciados
2025-01-13,0.0,0.0,9,TERC-RAN-9,Terc Ran 9mm,Terciados
2025-01-20,0.0,0.0,9,TERC-RAN-9,Terc Ran 9mm,Terciados
2025-01-27,0.0,0.0,9,TERC-RAN-9,Terc Ran 9mm,Terciados
2025-02-03,0.0,0.0,9,TERC-RAN-9,Terc Ran 9mm,Terciados
2025-02-10,0.0,0.0,9,TERC-RAN-9,Terc Ran 9mm,Terciados
2025-02-17,0.0,0.0,9,TERC-RAN-9,Terc Ran 9mm,Terciados
2025-02-24,0.0,0.0,9,TERC-RAN-9,Terc Ran 9mm,Terciados
2025-03-03,0.0,0.0,9,TERC-RAN-9,Terc Ran 9mm,Terciados
2025-03-10,0.0,0.0,9,TERC-RAN-9,Terc Ran 9mm,Terciados
2025-03-17,0.0,0.0,9,TERC-RAN-9,Terc Ran 9mm,Terciados
2025-03-24,0.0,0.0,9,TERC-RAN-9,Terc Ran 9mm,Terciados
2025-03-31,0.0,0.0,9,TERC-RAN-9,Terc Ran 9mm,Terciados
2025-04-07,0.0,0.0,9,TERC-RAN-9,Terc Ran 9mm,Terciados
2025-04-14,0.0,0.0,9,TERC-RAN-9,Terc Ran 9mm,Terciados
2025-04-21,0.0,0.0,9,TERC-RAN-9,Terc Ran 9mm,Terciados
2025-04-28,0.0,0.0,9,TERC-RAN-9,Terc Ran 9mm,Terciados
2025-05-05,0.0,0.0,9,TERC-RAN-9,Terc Ran 9mm,Terciados
2025-05-12,0.0,0.0,9,TERC-RAN-9,Terc Ran 9mm,Terciados
2025-05-19,0.0,0.0,9,TERC-RAN-9,Terc Ran 9mm,Terciados
2025-05-26,0.0,0.0,9,TERC-RAN-9,Terc Ran 9mm,Terciados
2025-06-02,0.0,0.0,9,TERC-RAN-9,Terc Ran 9mm,Terciados
2025-06-09,0.0,0.0,9,TERC-RAN-9,Terc Ran 9mm,Terciados
2025-06-16,0.0,0.0,9,TERC-RAN-9,Terc Ran 9mm,Terciados
2025-06-23,0.0,0.0,9,TERC-RAN-9,Terc Ran 9mm,Terciados
2025-06-30,0.0,0.0,9,TERC-RAN-9,Terc Ran 9mm,Terciados
2025-07-07,0.0,0.0,9,TERC-RAN-9,Terc Ran 9mm,Terciados
2025-07-14,0.0,0.0,9,TERC-RAN-9,Terc Ran 9mm,Terciados
2025-07-21,0.0,0.0,9,TERC-RAN-9,Terc Ran 9mm,Terciados
2025-07-28,0.0,0.0,9,TERC-RAN-9,Terc Ran 9mm,Terciados
2025-08-04,0.0,0.0,9,TERC-RAN-9,Terc Ran 9mm,Terciados
2025-08-11,0.0,0.0,9,TERC-RAN-9,Terc Ran 9mm,Terciados
2025-08-18,0.0,0.0,9,TERC-RAN-9,Terc Ran 9mm,Terciados
2025-08-25,0.0,0.0,9,TERC-RAN-9,Terc Ran 9mm,Terciados
2025-09-01,0.0,0.0,9,TERC-RAN-9,Terc Ran 9mm,Terciados
2025-09-08,0.0,0.0,9,TERC-RAN-9,Terc Ran 9mm,Terciados
2025-09-15,0.0,0.0,9,TERC-RAN-9,Terc Ran 9mm,Terciados
2025-09-22,0.0,0.0,9,TERC-RAN-9,Terc Ran 9mm,Terciados
2025-09-29,0.0,0.0,9,TERC-RAN-9,Terc Ran 9mm,Terciados
2025-10-06,0.0,0.0,9,TERC-RAN-9,Terc Ran 9mm,Terciados
2025-10-13,0.0,0.0,9,TERC-RAN-9,Terc Ran 9mm,Terciados
2025-10-20,0.0,0.0,9,TERC-RAN-9,Terc Ran 9mm,Terciados
2025-10-27,0.0,0.0,9,TERC-RAN-9,Terc Ran 9mm,Terciados
2025-11-03,0.0,0.0,9,TERC-RAN-9,Terc Ran 9mm,Terciados
2025-11-10,0.0,0.0,9,TERC-RAN-9,Terc Ran 9mm,Terciados
2025-11-17,0.0,0.0,9,TERC-RAN-9,Terc Ran 9mm,Terciados
2025-11-24,0.0,0.0,9,TERC-RAN-9,Terc Ran 9mm,Terciados
2025-12-01,0.0,0.0,9,TERC-RAN-9,Terc Ran 9mm,Terciados
2025-12-08,0.0,0.0,9,TERC-RAN-9,Terc Ran 9mm,Terciados
2025-12-15,0.0,0.0,9,TERC-RAN-9,Terc Ran 9mm,Terciados
2025-12-22,0.0,0.0,9,TERC-RAN-9,Terc Ran 9mm,Terciados
2025-12-29,0.0,0.0,9,TERC-RAN-9,Terc Ran 9mm,Terciados
2026-01-05,0.0,0.0,9,TERC-RAN-9,Terc Ran 9mm,Terciados
2026-01-12,0.0,0.0,9,TERC-RAN-9,Terc Ran 9mm,Terciados
2026-01-19,0.0,0.0,9,TERC-RAN-9,Terc Ran 9mm,Terciados
2026-01-26,0.0,0.0,9,TERC-RAN-9,Terc Ran 9mm,Terciados
2026-02-02,0.0,0.0,9,TERC-RAN-9,Terc Ran 9mm,Terciados
2026-02-09,0.0,0.0,9,TERC-RAN-9,Terc Ran 9mm,Terciados
2026-02-16,0.0,0.0,9,TERC-RAN-9,Terc Ran 9mm,Terciados
2026-02-23,0.0,0.0,9,TERC-RAN-9,Terc Ran 9mm,Terciados
2026-03-02,0.0,0.0,9,TERC-RAN-9,Terc Ran 9mm,Terciados
2026-03-09,0.0,0.0,9,TERC-RAN-9,Terc Ran 9mm,Terciados
2026-03-16,0.0,0.0,9,TERC-RAN-9,Terc Ran 9mm,Terciados
2026-03-23,0.0,0.0,9,TERC-RAN-9,Terc Ran 9mm,Terciados
2026-03-30,0.0,0.0,9,TERC-RAN-9,Terc Ran 9mm,Terciados
2026-04-06,0.0,0.0,9,TERC-RAN-9,Terc Ran 9mm,Terciados
2026-04-13,0.0,0.0,9,TERC-RAN-9,Terc Ran 9mm,Terciados
2026-04-20,0.0,0.0,9,TERC-RAN-9,Terc Ran 9mm,Terciados
2026-04-27,0.0,0.0,9,TERC-RAN-9,Terc Ran 9mm,Terciados
2026-05-04,0.0,0.0,9,TERC-RAN-9,Terc Ran 9mm,Terciados
2026-05-11,0.0,0.0,9,TERC-RAN-9,Terc Ran 9mm,Terciados
2026-05-18,0.0,0.0,9,TERC-RAN-9,Terc Ran 9mm,Terciados
2026-05-25,0.0,0.0,9,TERC-RAN-9,Terc Ran 9mm,Terciados
2026-06-01,0.0,0.0,9,TERC-RAN-9,Terc Ran 9mm,Terciados
2026-06-08,0.0,0.0,9,TERC-RAN-9,Terc Ran 9mm,Terciados
2026-06-15,0.0,0.0,9,TERC-RAN-9,Terc Ran 9mm,Terciados
2026-06-22,0.0,0.0,9,TERC-RAN-9,Terc Ran 9mm,Terciados
2026-06-29,0.0,0.0,9,TERC-RAN-9,Terc Ran 9mm,Terciados
2026-07-06,0.0,0.0,9,TERC-RAN-9,Terc Ran 9mm,Terciados
2022-12-12,216.0,3265411.77,10,PANEL-CIPRES,PANEL CIPRES,Paneles exteriores
2022-12-19,48.0,725647.06,10,PANEL-CIPRES,PANEL CIPRES,Paneles exteriores
2022-12-26,100.0,1511764.7,10,PANEL-CIPRES,PANEL CIPRES,Paneles exteriores
2023-01-02,136.0,2056000.0,10,PANEL-CIPRES,PANEL CIPRES,Paneles exteriores
2023-01-09,82.0,1239647.06,10,PANEL-CIPRES,PANEL CIPRES,Paneles exteriores
2023-01-16,172.0,2600235.31,10,PANEL-CIPRES,PANEL CIPRES,Paneles exteriores
2023-01-23,0.0,0.0,10,PANEL-CIPRES,PANEL CIPRES,Paneles exteriores
2023-01-30,0.0,0.0,10,PANEL-CIPRES,PANEL CIPRES,Paneles exteriores
2023-02-06,0.0,0.0,10,PANEL-CIPRES,PANEL CIPRES,Paneles exteriores
2023-02-13,0.0,0.0,10,PANEL-CIPRES,PANEL CIPRES,Paneles exteriores
2023-02-20,4.0,60470.59,10,PANEL-CIPRES,PANEL CIPRES,Paneles exteriores
2023-02-27,8.0,120941.18,10,PANEL-CIPRES,PANEL CIPRES,Paneles exteriores
2023-03-06,1.0,15117.65,10,PANEL-CIPRES,PANEL CIPRES,Paneles exteriores
2023-03-13,0.0,0.0,10,PANEL-CIPRES,PANEL CIPRES,Paneles exteriores
2023-03-20,0.0,0.0,10,PANEL-CIPRES,PANEL CIPRES,Paneles exteriores
2023-03-27,29.0,438411.76,10,PANEL-CIPRES,PANEL CIPRES,Paneles exteriores
2023-04-03,120.0,1814117.65,10,PANEL-CIPRES,PANEL CIPRES,Paneles exteriores
2023-04-10,213.0,3220058.8300000005,10,PANEL-CIPRES,PANEL CIPRES,Paneles exteriores
2023-04-17,47.0,710529.4199999999,10,PANEL-CIPRES,PANEL CIPRES,Paneles exteriores
2023-04-24,240.0,3628235.29,10,PANEL-CIPRES,PANEL CIPRES,Paneles exteriores
2023-05-01,136.0,2056000.0,10,PANEL-CIPRES,PANEL CIPRES,Paneles exteriores
2023-05-08,85.0,1285000.0,10,PANEL-CIPRES,PANEL CIPRES,Paneles exteriores
2023-05-15,94.0,1421058.83,10,PANEL-CIPRES,PANEL CIPRES,Paneles exteriores
2023-05-22,110.0,1662941.1800000002,10,PANEL-CIPRES,PANEL CIPRES,Paneles exteriores
2023-05-29,0.0,0.0,10,PANEL-CIPRES,PANEL CIPRES,Paneles exteriores
2023-06-05,0.0,0.0,10,PANEL-CIPRES,PANEL CIPRES,Paneles exteriores
2023-06-12,0.0,0.0,10,PANEL-CIPRES,PANEL CIPRES,Paneles exteriores
2023-06-19,0.0,0.0,10,PANEL-CIPRES,PANEL CIPRES,Paneles exteriores
2023-06-26,0.0,0.0,10,PANEL-CIPRES,PANEL CIPRES,Paneles exteriores
2023-07-03,0.0,0.0,10,PANEL-CIPRES,PANEL CIPRES,Paneles exteriores
2023-07-10,16.0,241882.35,10,PANEL-CIPRES,PANEL CIPRES,Paneles exteriores
2023-07-17,32.0,483764.69999999995,10,PANEL-CIPRES,PANEL CIPRES,Paneles exteriores
2023-07-24,67.0,1012882.3500000001,10,PANEL-CIPRES,PANEL CIPRES,Paneles exteriores
2023-07-31,2.0,30235.29,10,PANEL-CIPRES,PANEL CIPRES,Paneles exteriores
2023-08-07,2.0,30235.29,10,PANEL-CIPRES,PANEL CIPRES,Paneles exteriores
2023-08-14,3.0,45352.94,10,PANEL-CIPRES,PANEL CIPRES,Paneles exteriores
2023-08-21,184.0,2781647.07,10,PANEL-CIPRES,PANEL CIPRES,Paneles exteriores
2023-08-28,20.0,302352.94,10,PANEL-CIPRES,PANEL CIPRES,Paneles exteriores
2023-09-04,81.0,1224529.42,10,PANEL-CIPRES,PANEL CIPRES,Paneles exteriores
2023-09-11,14.0,211647.06,10,PANEL-CIPRES,PANEL CIPRES,Paneles exteriores
2023-09-18,18.0,272117.65,10,PANEL-CIPRES,PANEL CIPRES,Paneles exteriores
2023-09-25,38.0,574470.5900000001,10,PANEL-CIPRES,PANEL CIPRES,Paneles exteriores
2023-10-02,31.0,468647.06,10,PANEL-CIPRES,PANEL CIPRES,Paneles exteriores
2023-10-09,45.0,680294.11,10,PANEL-CIPRES,PANEL CIPRES,Paneles exteriores
2023-10-16,149.0,2252529.42,10,PANEL-CIPRES,PANEL CIPRES,Paneles exteriores
2023-10-23,39.0,589588.23,10,PANEL-CIPRES,PANEL CIPRES,Paneles exteriores
2023-10-30,16.0,241882.35,10,PANEL-CIPRES,PANEL CIPRES,Paneles exteriores
2023-11-06,25.0,377941.18,10,PANEL-CIPRES,PANEL CIPRES,Paneles exteriores
2023-11-13,9.0,136058.82,10,PANEL-CIPRES,PANEL CIPRES,Paneles exteriores
2023-11-20,23.0,347705.89,10,PANEL-CIPRES,PANEL CIPRES,Paneles exteriores
2023-11-27,77.0,1164058.83,10,PANEL-CIPRES,PANEL CIPRES,Paneles exteriores
2023-12-04,80.0,1209411.76,10,PANEL-CIPRES,PANEL CIPRES,Paneles exteriores
2023-12-11,135.0,2040882.34,10,PANEL-CIPRES,PANEL CIPRES,Paneles exteriores
2023-12-18,228.0,3446823.53,10,PANEL-CIPRES,PANEL CIPRES,Paneles exteriores
2023-12-25,424.0,6409882.350000001,10,PANEL-CIPRES,PANEL CIPRES,Paneles exteriores
2024-01-01,38.0,574470.5800000001,10,PANEL-CIPRES,PANEL CIPRES,Paneles exteriores
2024-01-08,90.0,1360588.24,10,PANEL-CIPRES,PANEL CIPRES,Paneles exteriores
2024-01-15,78.0,1179176.47,10,PANEL-CIPRES,PANEL CIPRES,Paneles exteriores
2024-01-22,85.0,1285000.0,10,PANEL-CIPRES,PANEL CIPRES,Paneles exteriores
2024-01-29,114.0,1723411.76,10,PANEL-CIPRES,PANEL CIPRES,Paneles exteriores
2024-02-05,405.0,6122647.06,10,PANEL-CIPRES,PANEL CIPRES,Paneles exteriores
2024-02-12,113.0,1708294.1199999999,10,PANEL-CIPRES,PANEL CIPRES,Paneles exteriores
2024-02-19,30.0,453529.42,10,PANEL-CIPRES,PANEL CIPRES,Paneles exteriores
2024-02-26,129.0,1950176.4699999997,10,PANEL-CIPRES,PANEL CIPRES,Paneles exteriores
2024-03-04,0.0,0.0,10,PANEL-CIPRES,PANEL CIPRES,Paneles exteriores
2024-03-11,0.0,0.0,10,PANEL-CIPRES,PANEL CIPRES,Paneles exteriores
2024-03-18,0.0,0.0,10,PANEL-CIPRES,PANEL CIPRES,Paneles exteriores
2024-03-25,0.0,0.0,10,PANEL-CIPRES,PANEL CIPRES,Paneles exteriores
2024-04-01,0.0,0.0,10,PANEL-CIPRES,PANEL CIPRES,Paneles exteriores
2024-04-08,0.0,0.0,10,PANEL-CIPRES,PANEL CIPRES,Paneles exteriores
2024-04-15,0.0,0.0,10,PANEL-CIPRES,PANEL CIPRES,Paneles exteriores
2024-04-22,0.0,0.0,10,PANEL-CIPRES,PANEL CIPRES,Paneles exteriores
2024-04-29,148.0,2237411.7600000002,10,PANEL-CIPRES,PANEL CIPRES,Paneles exteriores
2024-05-06,100.0,1511764.7,10,PANEL-CIPRES,PANEL CIPRES,Paneles exteriores
2024-05-13,107.0,1617588.23,10,PANEL-CIPRES,PANEL CIPRES,Paneles exteriores
2024-05-20,159.0,2403705.88,10,PANEL-CIPRES,PANEL CIPRES,Paneles exteriores
2024-05-27,447.0,6757588.2299999995,10,PANEL-CIPRES,PANEL CIPRES,Paneles exteriores
2024-06-03,42.0,634941.1799999999,10,PANEL-CIPRES,PANEL CIPRES,Paneles exteriores
2024-06-10,98.0,1481529.41,10,PANEL-CIPRES,PANEL CIPRES,Paneles exteriores
2024-06-17,31.0,468647.05,10,PANEL-CIPRES,PANEL CIPRES,Paneles exteriores
2024-06-24,4.0,60470.590000000004,10,PANEL-CIPRES,PANEL CIPRES,Paneles exteriores
2024-07-01,46.0,695411.77,10,PANEL-CIPRES,PANEL CIPRES,Paneles exteriores
2024-07-08,35.0,529117.64,10,PANEL-CIPRES,PANEL CIPRES,Paneles exteriores
2024-07-15,69.0,1043117.65,10,PANEL-CIPRES,PANEL CIPRES,Paneles exteriores
2024-07-22,0.0,0.0,10,PANEL-CIPRES,PANEL CIPRES,Paneles exteriores
2024-07-29,0.0,0.0,10,PANEL-CIPRES,PANEL CIPRES,Paneles exteriores
2024-08-05,0.0,0.0,10,PANEL-CIPRES,PANEL CIPRES,Paneles exteriores
2024-08-12,188.0,2842117.65,10,PANEL-CIPRES,PANEL CIPRES,Paneles exteriores
2024-08-19,40.0,604705.88,10,PANEL-CIPRES,PANEL CIPRES,Paneles exteriores
2024-08-26,30.0,453529.41000000003,10,PANEL-CIPRES,PANEL CIPRES,Paneles exteriores
2024-09-02,54.0,816352.94,10,PANEL-CIPRES,PANEL CIPRES,Paneles exteriores
2024-09-09,20.0,302352.94,10,PANEL-CIPRES,PANEL CIPRES,Paneles exteriores
2024-09-16,0.0,0.0,10,PANEL-CIPRES,PANEL CIPRES,Paneles exteriores
2024-09-23,88.0,1330352.94,10,PANEL-CIPRES,PANEL CIPRES,Paneles exteriores
2024-09-30,25.0,377941.18,10,PANEL-CIPRES,PANEL CIPRES,Paneles exteriores
2024-10-07,17.0,256999.99000000002,10,PANEL-CIPRES,PANEL CIPRES,Paneles exteriores
2024-10-14,43.0,650058.82,10,PANEL-CIPRES,PANEL CIPRES,Paneles exteriores
2024-10-21,13.0,196529.41,10,PANEL-CIPRES,PANEL CIPRES,Paneles exteriores
2024-10-28,151.0,2282764.7,10,PANEL-CIPRES,PANEL CIPRES,Paneles exteriores
2024-11-04,19.0,287235.3,10,PANEL-CIPRES,PANEL CIPRES,Paneles exteriores
2024-11-11,29.0,438411.77,10,PANEL-CIPRES,PANEL CIPRES,Paneles exteriores
2024-11-18,25.0,377941.18,10,PANEL-CIPRES,PANEL CIPRES,Paneles exteriores
2024-11-25,8.0,120941.18,10,PANEL-CIPRES,PANEL CIPRES,Paneles exteriores
2024-12-02,134.0,2025764.7000000002,10,PANEL-CIPRES,PANEL CIPRES,Paneles exteriores
2024-12-09,78.0,1179176.47,10,PANEL-CIPRES,PANEL CIPRES,Paneles exteriores
2024-12-16,55.0,831470.5900000001,10,PANEL-CIPRES,PANEL CIPRES,Paneles exteriores
2024-12-23,336.0,5079529.41,10,PANEL-CIPRES,PANEL CIPRES,Paneles exteriores
2024-12-30,0.0,0.0,10,PANEL-CIPRES,PANEL CIPRES,Paneles exteriores
2025-01-06,14.0,211647.06,10,PANEL-CIPRES,PANEL CIPRES,Paneles exteriores
2025-01-13,76.0,1148941.17,10,PANEL-CIPRES,PANEL CIPRES,Paneles exteriores
2025-01-20,77.0,1164058.82,10,PANEL-CIPRES,PANEL CIPRES,Paneles exteriores
2025-01-27,9.0,136058.83000000002,10,PANEL-CIPRES,PANEL CIPRES,Paneles exteriores
2025-02-03,52.0,786117.65,10,PANEL-CIPRES,PANEL CIPRES,Paneles exteriores
2025-02-10,93.0,1405941.18,10,PANEL-CIPRES,PANEL CIPRES,Paneles exteriores
2025-02-17,71.0,1073352.94,10,PANEL-CIPRES,PANEL CIPRES,Paneles exteriores
2025-02-24,56.0,846588.24,10,PANEL-CIPRES,PANEL CIPRES,Paneles exteriores
2025-03-03,16.0,241882.36,10,PANEL-CIPRES,PANEL CIPRES,Paneles exteriores
2025-03-10,48.0,725647.06,10,PANEL-CIPRES,PANEL CIPRES,Paneles exteriores
2025-03-17,41.0,619823.53,10,PANEL-CIPRES,PANEL CIPRES,Paneles exteriores
2025-03-24,50.0,755882.3500000001,10,PANEL-CIPRES,PANEL CIPRES,Paneles exteriores
2025-03-31,5.0,75588.24,10,PANEL-CIPRES,PANEL CIPRES,Paneles exteriores
2025-04-07,1.0,15117.65,10,PANEL-CIPRES,PANEL CIPRES,Paneles exteriores
2025-04-14,0.0,0.0,10,PANEL-CIPRES,PANEL CIPRES,Paneles exteriores
2025-04-21,0.0,0.0,10,PANEL-CIPRES,PANEL CIPRES,Paneles exteriores
2025-04-28,0.0,0.0,10,PANEL-CIPRES,PANEL CIPRES,Paneles exteriores
2025-05-05,2.0,30235.29,10,PANEL-CIPRES,PANEL CIPRES,Paneles exteriores
2025-05-12,0.0,0.0,10,PANEL-CIPRES,PANEL CIPRES,Paneles exteriores
2025-05-19,0.0,0.0,10,PANEL-CIPRES,PANEL CIPRES,Paneles exteriores
2025-05-26,0.0,0.0,10,PANEL-CIPRES,PANEL CIPRES,Paneles exteriores
2025-06-02,77.0,1164058.82,10,PANEL-CIPRES,PANEL CIPRES,Paneles exteriores
2025-06-09,50.0,755882.35,10,PANEL-CIPRES,PANEL CIPRES,Paneles exteriores
2025-06-16,14.0,211647.05000000002,10,PANEL-CIPRES,PANEL CIPRES,Paneles exteriores
2025-06-23,18.0,272117.65,10,PANEL-CIPRES,PANEL CIPRES,Paneles exteriores
2025-06-30,112.0,1693176.47,10,PANEL-CIPRES,PANEL CIPRES,Paneles exteriores
2025-07-07,0.0,0.0,10,PANEL-CIPRES,PANEL CIPRES,Paneles exteriores
2025-07-14,25.0,377941.18,10,PANEL-CIPRES,PANEL CIPRES,Paneles exteriores
2025-07-21,0.0,0.0,10,PANEL-CIPRES,PANEL CIPRES,Paneles exteriores
2025-07-28,24.0,362823.53,10,PANEL-CIPRES,PANEL CIPRES,Paneles exteriores
2025-08-04,62.0,937294.12,10,PANEL-CIPRES,PANEL CIPRES,Paneles exteriores
2025-08-11,26.0,393058.82,10,PANEL-CIPRES,PANEL CIPRES,Paneles exteriores
2025-08-18,11.0,166294.12,10,PANEL-CIPRES,PANEL CIPRES,Paneles exteriores
2025-08-25,107.0,1617588.24,10,PANEL-CIPRES,PANEL CIPRES,Paneles exteriores
2025-09-01,16.0,241882.36000000002,10,PANEL-CIPRES,PANEL CIPRES,Paneles exteriores
2025-09-08,22.0,332588.24,10,PANEL-CIPRES,PANEL CIPRES,Paneles exteriores
2025-09-15,7.0,105823.53,10,PANEL-CIPRES,PANEL CIPRES,Paneles exteriores
2025-09-22,39.0,589588.23,10,PANEL-CIPRES,PANEL CIPRES,Paneles exteriores
2025-09-29,0.0,0.0,10,PANEL-CIPRES,PANEL CIPRES,Paneles exteriores
2025-10-06,13.0,196529.41,10,PANEL-CIPRES,PANEL CIPRES,Paneles exteriores
2025-10-13,50.0,755882.35,10,PANEL-CIPRES,PANEL CIPRES,Paneles exteriores
2025-10-20,132.0,1995529.4100000001,10,PANEL-CIPRES,PANEL CIPRES,Paneles exteriores
2025-10-27,24.0,362823.52,10,PANEL-CIPRES,PANEL CIPRES,Paneles exteriores
2025-11-03,3.0,45352.94,10,PANEL-CIPRES,PANEL CIPRES,Paneles exteriores
2025-11-10,176.0,2660705.88,10,PANEL-CIPRES,PANEL CIPRES,Paneles exteriores
2025-11-17,64.0,967529.41,10,PANEL-CIPRES,PANEL CIPRES,Paneles exteriores
2025-11-24,50.0,755882.35,10,PANEL-CIPRES,PANEL CIPRES,Paneles exteriores
2025-12-01,27.0,408176.47000000003,10,PANEL-CIPRES,PANEL CIPRES,Paneles exteriores
2025-12-08,0.0,0.0,10,PANEL-CIPRES,PANEL CIPRES,Paneles exteriores
2025-12-15,0.0,0.0,10,PANEL-CIPRES,PANEL CIPRES,Paneles exteriores
2025-12-22,39.0,589588.24,10,PANEL-CIPRES,PANEL CIPRES,Paneles exteriores
2025-12-29,182.0,2751411.7600000002,10,PANEL-CIPRES,PANEL CIPRES,Paneles exteriores
2026-01-05,60.0,907058.8200000001,10,PANEL-CIPRES,PANEL CIPRES,Paneles exteriores
2026-01-12,42.0,634941.18,10,PANEL-CIPRES,PANEL CIPRES,Paneles exteriores
2026-01-19,21.0,317470.59,10,PANEL-CIPRES,PANEL CIPRES,Paneles exteriores
2026-01-26,134.0,2025764.71,10,PANEL-CIPRES,PANEL CIPRES,Paneles exteriores
2026-02-02,32.0,483764.71,10,PANEL-CIPRES,PANEL CIPRES,Paneles exteriores
2026-02-09,23.0,347705.89,10,PANEL-CIPRES,PANEL CIPRES,Paneles exteriores
2026-02-16,68.0,1028000.0,10,PANEL-CIPRES,PANEL CIPRES,Paneles exteriores
2026-02-23,167.0,2524647.06,10,PANEL-CIPRES,PANEL CIPRES,Paneles exteriores
2026-03-02,65.0,982647.0599999999,10,PANEL-CIPRES,PANEL CIPRES,Paneles exteriores
2026-03-09,8.0,120941.18,10,PANEL-CIPRES,PANEL CIPRES,Paneles exteriores
2026-03-16,0.0,0.0,10,PANEL-CIPRES,PANEL CIPRES,Paneles exteriores
2026-03-23,108.0,1632705.88,10,PANEL-CIPRES,PANEL CIPRES,Paneles exteriores
2026-03-30,0.0,0.0,10,PANEL-CIPRES,PANEL CIPRES,Paneles exteriores
2026-04-06,46.0,695411.76,10,PANEL-CIPRES,PANEL CIPRES,Paneles exteriores
2026-04-13,0.0,0.0,10,PANEL-CIPRES,PANEL CIPRES,Paneles exteriores
2026-04-20,16.0,241882.35,10,PANEL-CIPRES,PANEL CIPRES,Paneles exteriores
2026-04-27,26.0,393058.82,10,PANEL-CIPRES,PANEL CIPRES,Paneles exteriores
2026-05-04,37.0,559352.94,10,PANEL-CIPRES,PANEL CIPRES,Paneles exteriores
2026-05-11,0.0,0.0,10,PANEL-CIPRES,PANEL CIPRES,Paneles exteriores
2026-05-18,16.0,241882.35,10,PANEL-CIPRES,PANEL CIPRES,Paneles exteriores
2026-05-25,6.0,90705.88,10,PANEL-CIPRES,PANEL CIPRES,Paneles exteriores
2026-06-01,51.0,771000.0,10,PANEL-CIPRES,PANEL CIPRES,Paneles exteriores
2026-06-08,1.0,15117.65,10,PANEL-CIPRES,PANEL CIPRES,Paneles exteriores
2026-06-15,0.0,0.0,10,PANEL-CIPRES,PANEL CIPRES,Paneles exteriores
2026-06-22,0.0,0.0,10,PANEL-CIPRES,PANEL CIPRES,Paneles exteriores
2026-06-29,0.0,0.0,10,PANEL-CIPRES,PANEL CIPRES,Paneles exteriores
2026-07-06,0.0,0.0,10,PANEL-CIPRES,PANEL CIPRES,Paneles exteriores
2022-12-12,40.0,604705.88,11,PANEL-BLACK,PANEL BLACK,Paneles exteriores
2022-12-19,11.0,166294.12,11,PANEL-BLACK,PANEL BLACK,Paneles exteriores
2022-12-26,67.0,1012882.35,11,PANEL-BLACK,PANEL BLACK,Paneles exteriores
2023-01-02,0.0,0.0,11,PANEL-BLACK,PANEL BLACK,Paneles exteriores
2023-01-09,24.0,362823.53,11,PANEL-BLACK,PANEL BLACK,Paneles exteriores
2023-01-16,0.0,0.0,11,PANEL-BLACK,PANEL BLACK,Paneles exteriores
2023-01-23,0.0,0.0,11,PANEL-BLACK,PANEL BLACK,Paneles exteriores
2023-01-30,17.0,257000.0,11,PANEL-BLACK,PANEL BLACK,Paneles exteriores
2023-02-06,64.0,967529.42,11,PANEL-BLACK,PANEL BLACK,Paneles exteriores
2023-02-13,56.0,846588.24,11,PANEL-BLACK,PANEL BLACK,Paneles exteriores
2023-02-20,0.0,0.0,11,PANEL-BLACK,PANEL BLACK,Paneles exteriores
2023-02-27,0.0,0.0,11,PANEL-BLACK,PANEL BLACK,Paneles exteriores
2023-03-06,40.0,604705.88,11,PANEL-BLACK,PANEL BLACK,Paneles exteriores
2023-03-13,0.0,0.0,11,PANEL-BLACK,PANEL BLACK,Paneles exteriores
2023-03-20,48.0,725647.06,11,PANEL-BLACK,PANEL BLACK,Paneles exteriores
2023-03-27,0.0,0.0,11,PANEL-BLACK,PANEL BLACK,Paneles exteriores
2023-04-03,35.0,529117.65,11,PANEL-BLACK,PANEL BLACK,Paneles exteriores
2023-04-10,5.0,75588.24,11,PANEL-BLACK,PANEL BLACK,Paneles exteriores
2023-04-17,266.0,4021294.12,11,PANEL-BLACK,PANEL BLACK,Paneles exteriores
2023-04-24,86.0,1300117.6400000001,11,PANEL-BLACK,PANEL BLACK,Paneles exteriores
2023-05-01,32.0,483764.71,11,PANEL-BLACK,PANEL BLACK,Paneles exteriores
2023-05-08,0.0,0.0,11,PANEL-BLACK,PANEL BLACK,Paneles exteriores
2023-05-15,0.0,0.0,11,PANEL-BLACK,PANEL BLACK,Paneles exteriores
2023-05-22,8.0,120941.18,11,PANEL-BLACK,PANEL BLACK,Paneles exteriores
2023-05-29,0.0,0.0,11,PANEL-BLACK,PANEL BLACK,Paneles exteriores
2023-06-05,0.0,0.0,11,PANEL-BLACK,PANEL BLACK,Paneles exteriores
2023-06-12,0.0,0.0,11,PANEL-BLACK,PANEL BLACK,Paneles exteriores
2023-06-19,0.0,0.0,11,PANEL-BLACK,PANEL BLACK,Paneles exteriores
2023-06-26,0.0,0.0,11,PANEL-BLACK,PANEL BLACK,Paneles exteriores
2023-07-03,0.0,0.0,11,PANEL-BLACK,PANEL BLACK,Paneles exteriores
2023-07-10,0.0,0.0,11,PANEL-BLACK,PANEL BLACK,Paneles exteriores
2023-07-17,4.0,60470.59,11,PANEL-BLACK,PANEL BLACK,Paneles exteriores
2023-07-24,50.0,755882.35,11,PANEL-BLACK,PANEL BLACK,Paneles exteriores
2023-07-31,0.0,0.0,11,PANEL-BLACK,PANEL BLACK,Paneles exteriores
2023-08-07,0.0,0.0,11,PANEL-BLACK,PANEL BLACK,Paneles exteriores
2023-08-14,25.0,377941.18,11,PANEL-BLACK,PANEL BLACK,Paneles exteriores
2023-08-21,0.0,0.0,11,PANEL-BLACK,PANEL BLACK,Paneles exteriores
2023-08-28,8.0,120941.18,11,PANEL-BLACK,PANEL BLACK,Paneles exteriores
2023-09-04,0.0,0.0,11,PANEL-BLACK,PANEL BLACK,Paneles exteriores
2023-09-11,2.0,30235.29,11,PANEL-BLACK,PANEL BLACK,Paneles exteriores
2023-09-18,0.0,0.0,11,PANEL-BLACK,PANEL BLACK,Paneles exteriores
2023-09-25,74.0,1118705.88,11,PANEL-BLACK,PANEL BLACK,Paneles exteriores
2023-10-02,16.0,241882.35,11,PANEL-BLACK,PANEL BLACK,Paneles exteriores
2023-10-09,133.0,2010647.06,11,PANEL-BLACK,PANEL BLACK,Paneles exteriores
2023-10-16,52.0,786117.6399999999,11,PANEL-BLACK,PANEL BLACK,Paneles exteriores
2023-10-23,0.0,0.0,11,PANEL-BLACK,PANEL BLACK,Paneles exteriores
2023-10-30,81.0,1224529.41,11,PANEL-BLACK,PANEL BLACK,Paneles exteriores
2023-11-06,0.0,0.0,11,PANEL-BLACK,PANEL BLACK,Paneles exteriores
2023-11-13,5.0,75588.24,11,PANEL-BLACK,PANEL BLACK,Paneles exteriores
2023-11-20,56.0,846588.24,11,PANEL-BLACK,PANEL BLACK,Paneles exteriores
2023-11-27,322.0,4867882.350000001,11,PANEL-BLACK,PANEL BLACK,Paneles exteriores
2023-12-04,0.0,0.0,11,PANEL-BLACK,PANEL BLACK,Paneles exteriores
2023-12-11,36.0,544235.3,11,PANEL-BLACK,PANEL BLACK,Paneles exteriores
2023-12-18,0.0,0.0,11,PANEL-BLACK,PANEL BLACK,Paneles exteriores
2023-12-25,0.0,0.0,11,PANEL-BLACK,PANEL BLACK,Paneles exteriores
2024-01-01,0.0,0.0,11,PANEL-BLACK,PANEL BLACK,Paneles exteriores
2024-01-08,0.0,0.0,11,PANEL-BLACK,PANEL BLACK,Paneles exteriores
2024-01-15,0.0,0.0,11,PANEL-BLACK,PANEL BLACK,Paneles exteriores
2024-01-22,0.0,0.0,11,PANEL-BLACK,PANEL BLACK,Paneles exteriores
2024-01-29,0.0,0.0,11,PANEL-BLACK,PANEL BLACK,Paneles exteriores
2024-02-05,0.0,0.0,11,PANEL-BLACK,PANEL BLACK,Paneles exteriores
2024-02-12,0.0,0.0,11,PANEL-BLACK,PANEL BLACK,Paneles exteriores
2024-02-19,0.0,0.0,11,PANEL-BLACK,PANEL BLACK,Paneles exteriores
2024-02-26,0.0,0.0,11,PANEL-BLACK,PANEL BLACK,Paneles exteriores
2024-03-04,0.0,0.0,11,PANEL-BLACK,PANEL BLACK,Paneles exteriores
2024-03-11,0.0,0.0,11,PANEL-BLACK,PANEL BLACK,Paneles exteriores
2024-03-18,0.0,0.0,11,PANEL-BLACK,PANEL BLACK,Paneles exteriores
2024-03-25,0.0,0.0,11,PANEL-BLACK,PANEL BLACK,Paneles exteriores
2024-04-01,0.0,0.0,11,PANEL-BLACK,PANEL BLACK,Paneles exteriores
2024-04-08,0.0,0.0,11,PANEL-BLACK,PANEL BLACK,Paneles exteriores
2024-04-15,0.0,0.0,11,PANEL-BLACK,PANEL BLACK,Paneles exteriores
2024-04-22,0.0,0.0,11,PANEL-BLACK,PANEL BLACK,Paneles exteriores
2024-04-29,25.0,377941.18,11,PANEL-BLACK,PANEL BLACK,Paneles exteriores
2024-05-06,64.0,967529.41,11,PANEL-BLACK,PANEL BLACK,Paneles exteriores
2024-05-13,261.0,3945705.8899999997,11,PANEL-BLACK,PANEL BLACK,Paneles exteriores
2024-05-20,0.0,0.0,11,PANEL-BLACK,PANEL BLACK,Paneles exteriores
2024-05-27,220.0,3325882.3499999996,11,PANEL-BLACK,PANEL BLACK,Paneles exteriores
2024-06-03,0.0,0.0,11,PANEL-BLACK,PANEL BLACK,Paneles exteriores
2024-06-10,2.0,30235.29,11,PANEL-BLACK,PANEL BLACK,Paneles exteriores
2024-06-17,2.0,30235.29,11,PANEL-BLACK,PANEL BLACK,Paneles exteriores
2024-06-24,0.0,0.0,11,PANEL-BLACK,PANEL BLACK,Paneles exteriores
2024-07-01,0.0,0.0,11,PANEL-BLACK,PANEL BLACK,Paneles exteriores
2024-07-08,2.0,30235.29,11,PANEL-BLACK,PANEL BLACK,Paneles exteriores
2024-07-15,30.0,453529.41,11,PANEL-BLACK,PANEL BLACK,Paneles exteriores
2024-07-22,0.0,0.0,11,PANEL-BLACK,PANEL BLACK,Paneles exteriores
2024-07-29,20.0,302352.94,11,PANEL-BLACK,PANEL BLACK,Paneles exteriores
2024-08-05,0.0,0.0,11,PANEL-BLACK,PANEL BLACK,Paneles exteriores
2024-08-12,144.0,2176941.18,11,PANEL-BLACK,PANEL BLACK,Paneles exteriores
2024-08-19,0.0,0.0,11,PANEL-BLACK,PANEL BLACK,Paneles exteriores
2024-08-26,0.0,0.0,11,PANEL-BLACK,PANEL BLACK,Paneles exteriores
2024-09-02,0.0,0.0,11,PANEL-BLACK,PANEL BLACK,Paneles exteriores
2024-09-09,0.0,0.0,11,PANEL-BLACK,PANEL BLACK,Paneles exteriores
2024-09-16,0.0,0.0,11,PANEL-BLACK,PANEL BLACK,Paneles exteriores
2024-09-23,0.0,0.0,11,PANEL-BLACK,PANEL BLACK,Paneles exteriores
2024-09-30,0.0,0.0,11,PANEL-BLACK,PANEL BLACK,Paneles exteriores
2024-10-07,32.0,483764.71,11,PANEL-BLACK,PANEL BLACK,Paneles exteriores
2024-10-14,0.0,0.0,11,PANEL-BLACK,PANEL BLACK,Paneles exteriores
2024-10-21,20.0,302352.94,11,PANEL-BLACK,PANEL BLACK,Paneles exteriores
2024-10-28,16.0,241882.35,11,PANEL-BLACK,PANEL BLACK,Paneles exteriores
2024-11-04,27.0,408176.47,11,PANEL-BLACK,PANEL BLACK,Paneles exteriores
2024-11-11,20.0,302352.94,11,PANEL-BLACK,PANEL BLACK,Paneles exteriores
2024-11-18,0.0,0.0,11,PANEL-BLACK,PANEL BLACK,Paneles exteriores
2024-11-25,30.0,453529.41000000003,11,PANEL-BLACK,PANEL BLACK,Paneles exteriores
2024-12-02,8.0,120941.18,11,PANEL-BLACK,PANEL BLACK,Paneles exteriores
2024-12-09,20.0,302352.94,11,PANEL-BLACK,PANEL BLACK,Paneles exteriores
2024-12-16,35.0,529117.64,11,PANEL-BLACK,PANEL BLACK,Paneles exteriores
2024-12-23,32.0,483764.71,11,PANEL-BLACK,PANEL BLACK,Paneles exteriores
2024-12-30,72.0,1088470.59,11,PANEL-BLACK,PANEL BLACK,Paneles exteriores
2025-01-06,7.0,105823.53,11,PANEL-BLACK,PANEL BLACK,Paneles exteriores
2025-01-13,0.0,0.0,11,PANEL-BLACK,PANEL BLACK,Paneles exteriores
2025-01-20,64.0,967529.4099999999,11,PANEL-BLACK,PANEL BLACK,Paneles exteriores
2025-01-27,108.0,1632705.88,11,PANEL-BLACK,PANEL BLACK,Paneles exteriores
2025-02-03,6.0,90705.88,11,PANEL-BLACK,PANEL BLACK,Paneles exteriores
2025-02-10,16.0,241882.35,11,PANEL-BLACK,PANEL BLACK,Paneles exteriores
2025-02-17,0.0,0.0,11,PANEL-BLACK,PANEL BLACK,Paneles exteriores
2025-02-24,8.0,120941.18,11,PANEL-BLACK,PANEL BLACK,Paneles exteriores
2025-03-03,8.0,120941.18,11,PANEL-BLACK,PANEL BLACK,Paneles exteriores
2025-03-10,83.0,1254764.71,11,PANEL-BLACK,PANEL BLACK,Paneles exteriores
2025-03-17,3.0,45352.94,11,PANEL-BLACK,PANEL BLACK,Paneles exteriores
2025-03-24,2.0,30235.29,11,PANEL-BLACK,PANEL BLACK,Paneles exteriores
2025-03-31,0.0,0.0,11,PANEL-BLACK,PANEL BLACK,Paneles exteriores
2025-04-07,0.0,0.0,11,PANEL-BLACK,PANEL BLACK,Paneles exteriores
2025-04-14,4.0,60470.59,11,PANEL-BLACK,PANEL BLACK,Paneles exteriores
2025-04-21,0.0,0.0,11,PANEL-BLACK,PANEL BLACK,Paneles exteriores
2025-04-28,0.0,0.0,11,PANEL-BLACK,PANEL BLACK,Paneles exteriores
2025-05-05,13.0,196529.41,11,PANEL-BLACK,PANEL BLACK,Paneles exteriores
2025-05-12,15.0,226764.71,11,PANEL-BLACK,PANEL BLACK,Paneles exteriores
2025-05-19,0.0,0.0,11,PANEL-BLACK,PANEL BLACK,Paneles exteriores
2025-05-26,0.0,0.0,11,PANEL-BLACK,PANEL BLACK,Paneles exteriores
2025-06-02,16.0,241882.35,11,PANEL-BLACK,PANEL BLACK,Paneles exteriores
2025-06-09,40.0,604705.89,11,PANEL-BLACK,PANEL BLACK,Paneles exteriores
2025-06-16,0.0,0.0,11,PANEL-BLACK,PANEL BLACK,Paneles exteriores
2025-06-23,0.0,0.0,11,PANEL-BLACK,PANEL BLACK,Paneles exteriores
2025-06-30,0.0,0.0,11,PANEL-BLACK,PANEL BLACK,Paneles exteriores
2025-07-07,8.0,120941.18,11,PANEL-BLACK,PANEL BLACK,Paneles exteriores
2025-07-14,0.0,0.0,11,PANEL-BLACK,PANEL BLACK,Paneles exteriores
2025-07-21,0.0,0.0,11,PANEL-BLACK,PANEL BLACK,Paneles exteriores
2025-07-28,0.0,0.0,11,PANEL-BLACK,PANEL BLACK,Paneles exteriores
2025-08-04,0.0,0.0,11,PANEL-BLACK,PANEL BLACK,Paneles exteriores
2025-08-11,0.0,0.0,11,PANEL-BLACK,PANEL BLACK,Paneles exteriores
2025-08-18,0.0,0.0,11,PANEL-BLACK,PANEL BLACK,Paneles exteriores
2025-08-25,8.0,120941.18,11,PANEL-BLACK,PANEL BLACK,Paneles exteriores
2025-09-01,0.0,0.0,11,PANEL-BLACK,PANEL BLACK,Paneles exteriores
2025-09-08,0.0,0.0,11,PANEL-BLACK,PANEL BLACK,Paneles exteriores
2025-09-15,0.0,0.0,11,PANEL-BLACK,PANEL BLACK,Paneles exteriores
2025-09-22,0.0,0.0,11,PANEL-BLACK,PANEL BLACK,Paneles exteriores
2025-09-29,0.0,0.0,11,PANEL-BLACK,PANEL BLACK,Paneles exteriores
2025-10-06,8.0,120941.18,11,PANEL-BLACK,PANEL BLACK,Paneles exteriores
2025-10-13,4.0,60470.59,11,PANEL-BLACK,PANEL BLACK,Paneles exteriores
2025-10-20,0.0,0.0,11,PANEL-BLACK,PANEL BLACK,Paneles exteriores
2025-10-27,40.0,604705.88,11,PANEL-BLACK,PANEL BLACK,Paneles exteriores
2025-11-03,0.0,0.0,11,PANEL-BLACK,PANEL BLACK,Paneles exteriores
2025-11-10,5.0,75588.24,11,PANEL-BLACK,PANEL BLACK,Paneles exteriores
2025-11-17,0.0,0.0,11,PANEL-BLACK,PANEL BLACK,Paneles exteriores
2025-11-24,0.0,0.0,11,PANEL-BLACK,PANEL BLACK,Paneles exteriores
2025-12-01,0.0,0.0,11,PANEL-BLACK,PANEL BLACK,Paneles exteriores
2025-12-08,158.0,2388588.24,11,PANEL-BLACK,PANEL BLACK,Paneles exteriores
2025-12-15,20.0,302352.94,11,PANEL-BLACK,PANEL BLACK,Paneles exteriores
2025-12-22,39.0,589588.23,11,PANEL-BLACK,PANEL BLACK,Paneles exteriores
2025-12-29,0.0,0.0,11,PANEL-BLACK,PANEL BLACK,Paneles exteriores
2026-01-05,12.0,181411.76,11,PANEL-BLACK,PANEL BLACK,Paneles exteriores
2026-01-12,0.0,0.0,11,PANEL-BLACK,PANEL BLACK,Paneles exteriores
2026-01-19,0.0,0.0,11,PANEL-BLACK,PANEL BLACK,Paneles exteriores
2026-01-26,0.0,0.0,11,PANEL-BLACK,PANEL BLACK,Paneles exteriores
2026-02-02,0.0,0.0,11,PANEL-BLACK,PANEL BLACK,Paneles exteriores
2026-02-09,0.0,0.0,11,PANEL-BLACK,PANEL BLACK,Paneles exteriores
2026-02-16,0.0,0.0,11,PANEL-BLACK,PANEL BLACK,Paneles exteriores
2026-02-23,0.0,0.0,11,PANEL-BLACK,PANEL BLACK,Paneles exteriores
2026-03-02,8.0,120941.18,11,PANEL-BLACK,PANEL BLACK,Paneles exteriores
2026-03-09,0.0,0.0,11,PANEL-BLACK,PANEL BLACK,Paneles exteriores
2026-03-16,0.0,0.0,11,PANEL-BLACK,PANEL BLACK,Paneles exteriores
2026-03-23,0.0,0.0,11,PANEL-BLACK,PANEL BLACK,Paneles exteriores
2026-03-30,0.0,0.0,11,PANEL-BLACK,PANEL BLACK,Paneles exteriores
2026-04-06,0.0,0.0,11,PANEL-BLACK,PANEL BLACK,Paneles exteriores
2026-04-13,0.0,0.0,11,PANEL-BLACK,PANEL BLACK,Paneles exteriores
2026-04-20,0.0,0.0,11,PANEL-BLACK,PANEL BLACK,Paneles exteriores
2026-04-27,0.0,0.0,11,PANEL-BLACK,PANEL BLACK,Paneles exteriores
2026-05-04,0.0,0.0,11,PANEL-BLACK,PANEL BLACK,Paneles exteriores
2026-05-11,0.0,0.0,11,PANEL-BLACK,PANEL BLACK,Paneles exteriores
2026-05-18,0.0,0.0,11,PANEL-BLACK,PANEL BLACK,Paneles exteriores
2026-05-25,0.0,0.0,11,PANEL-BLACK,PANEL BLACK,Paneles exteriores
2026-06-01,0.0,0.0,11,PANEL-BLACK,PANEL BLACK,Paneles exteriores
2026-06-08,0.0,0.0,11,PANEL-BLACK,PANEL BLACK,Paneles exteriores
2026-06-15,0.0,0.0,11,PANEL-BLACK,PANEL BLACK,Paneles exteriores
2026-06-22,0.0,0.0,11,PANEL-BLACK,PANEL BLACK,Paneles exteriores
2026-06-29,0.0,0.0,11,PANEL-BLACK,PANEL BLACK,Paneles exteriores
2026-07-06,0.0,0.0,11,PANEL-BLACK,PANEL BLACK,Paneles exteriores
2025-09-22,6.0,93226.89,12,PANEL-NEW-BLACK,PANEL NEW BLACK,Paneles exteriores
2025-09-29,4.0,62151.26,12,PANEL-NEW-BLACK,PANEL NEW BLACK,Paneles exteriores
2025-10-06,0.0,0.0,12,PANEL-NEW-BLACK,PANEL NEW BLACK,Paneles exteriores
2025-10-13,75.0,1165336.1300000001,12,PANEL-NEW-BLACK,PANEL NEW BLACK,Paneles exteriores
2025-10-20,36.0,559361.34,12,PANEL-NEW-BLACK,PANEL NEW BLACK,Paneles exteriores
2025-10-27,43.0,668126.05,12,PANEL-NEW-BLACK,PANEL NEW BLACK,Paneles exteriores
2025-11-03,0.0,0.0,12,PANEL-NEW-BLACK,PANEL NEW BLACK,Paneles exteriores
2025-11-10,0.0,0.0,12,PANEL-NEW-BLACK,PANEL NEW BLACK,Paneles exteriores
2025-11-17,0.0,0.0,12,PANEL-NEW-BLACK,PANEL NEW BLACK,Paneles exteriores
2025-11-24,0.0,0.0,12,PANEL-NEW-BLACK,PANEL NEW BLACK,Paneles exteriores
2025-12-01,0.0,0.0,12,PANEL-NEW-BLACK,PANEL NEW BLACK,Paneles exteriores
2025-12-08,0.0,0.0,12,PANEL-NEW-BLACK,PANEL NEW BLACK,Paneles exteriores
2025-12-15,0.0,0.0,12,PANEL-NEW-BLACK,PANEL NEW BLACK,Paneles exteriores
2025-12-22,0.0,0.0,12,PANEL-NEW-BLACK,PANEL NEW BLACK,Paneles exteriores
2025-12-29,0.0,0.0,12,PANEL-NEW-BLACK,PANEL NEW BLACK,Paneles exteriores
2026-01-05,0.0,0.0,12,PANEL-NEW-BLACK,PANEL NEW BLACK,Paneles exteriores
2026-01-12,0.0,0.0,12,PANEL-NEW-BLACK,PANEL NEW BLACK,Paneles exteriores
2026-01-19,0.0,0.0,12,PANEL-NEW-BLACK,PANEL NEW BLACK,Paneles exteriores
2026-01-26,0.0,0.0,12,PANEL-NEW-BLACK,PANEL NEW BLACK,Paneles exteriores
2026-02-02,0.0,0.0,12,PANEL-NEW-BLACK,PANEL NEW BLACK,Paneles exteriores
2026-02-09,0.0,0.0,12,PANEL-NEW-BLACK,PANEL NEW BLACK,Paneles exteriores
2026-02-16,0.0,0.0,12,PANEL-NEW-BLACK,PANEL NEW BLACK,Paneles exteriores
2026-02-23,142.0,2206369.75,12,PANEL-NEW-BLACK,PANEL NEW BLACK,Paneles exteriores
2026-03-02,115.0,1786848.73,12,PANEL-NEW-BLACK,PANEL NEW BLACK,Paneles exteriores
2026-03-09,188.0,2921109.23,12,PANEL-NEW-BLACK,PANEL NEW BLACK,Paneles exteriores
2026-03-16,12.0,186453.78,12,PANEL-NEW-BLACK,PANEL NEW BLACK,Paneles exteriores
2026-03-23,52.0,807966.39,12,PANEL-NEW-BLACK,PANEL NEW BLACK,Paneles exteriores
2026-03-30,8.0,124302.52,12,PANEL-NEW-BLACK,PANEL NEW BLACK,Paneles exteriores
2026-04-06,8.0,124302.52,12,PANEL-NEW-BLACK,PANEL NEW BLACK,Paneles exteriores
2026-04-13,0.0,0.0,12,PANEL-NEW-BLACK,PANEL NEW BLACK,Paneles exteriores
2026-04-20,0.0,0.0,12,PANEL-NEW-BLACK,PANEL NEW BLACK,Paneles exteriores
2026-04-27,2.0,31075.63,12,PANEL-NEW-BLACK,PANEL NEW BLACK,Paneles exteriores
2026-05-04,30.0,466134.45,12,PANEL-NEW-BLACK,PANEL NEW BLACK,Paneles exteriores
2026-05-11,8.0,124302.52,12,PANEL-NEW-BLACK,PANEL NEW BLACK,Paneles exteriores
2026-05-18,0.0,0.0,12,PANEL-NEW-BLACK,PANEL NEW BLACK,Paneles exteriores
2026-05-25,26.0,403983.19,12,PANEL-NEW-BLACK,PANEL NEW BLACK,Paneles exteriores
2026-06-01,262.0,4070907.5599999996,12,PANEL-NEW-BLACK,PANEL NEW BLACK,Paneles exteriores
2026-06-08,0.0,0.0,12,PANEL-NEW-BLACK,PANEL NEW BLACK,Paneles exteriores
2026-06-15,0.0,0.0,12,PANEL-NEW-BLACK,PANEL NEW BLACK,Paneles exteriores
2026-06-22,0.0,0.0,12,PANEL-NEW-BLACK,PANEL NEW BLACK,Paneles exteriores
2026-06-29,0.0,0.0,12,PANEL-NEW-BLACK,PANEL NEW BLACK,Paneles exteriores
2026-07-06,0.0,0.0,12,PANEL-NEW-BLACK,PANEL NEW BLACK,Paneles exteriores
2022-12-12,80.0,1209411.76,13,PANEL-GREY,PANEL GREY,Paneles exteriores
2022-12-19,16.0,241882.35,13,PANEL-GREY,PANEL GREY,Paneles exteriores
2022-12-26,12.0,181411.76,13,PANEL-GREY,PANEL GREY,Paneles exteriores
2023-01-02,336.0,5079529.409999999,13,PANEL-GREY,PANEL GREY,Paneles exteriores
2023-01-09,16.0,241882.35,13,PANEL-GREY,PANEL GREY,Paneles exteriores
2023-01-16,71.0,1073352.94,13,PANEL-GREY,PANEL GREY,Paneles exteriores
2023-01-23,16.0,241882.35,13,PANEL-GREY,PANEL GREY,Paneles exteriores
2023-01-30,19.0,287235.29000000004,13,PANEL-GREY,PANEL GREY,Paneles exteriores
2023-02-06,73.0,1103588.24,13,PANEL-GREY,PANEL GREY,Paneles exteriores
2023-02-13,0.0,0.0,13,PANEL-GREY,PANEL GREY,Paneles exteriores
2023-02-20,0.0,0.0,13,PANEL-GREY,PANEL GREY,Paneles exteriores
2023-02-27,8.0,120941.18,13,PANEL-GREY,PANEL GREY,Paneles exteriores
2023-03-06,0.0,0.0,13,PANEL-GREY,PANEL GREY,Paneles exteriores
2023-03-13,0.0,0.0,13,PANEL-GREY,PANEL GREY,Paneles exteriores
2023-03-20,16.0,241882.35,13,PANEL-GREY,PANEL GREY,Paneles exteriores
2023-03-27,11.0,166294.12,13,PANEL-GREY,PANEL GREY,Paneles exteriores
2023-04-03,4.0,60470.59,13,PANEL-GREY,PANEL GREY,Paneles exteriores
2023-04-10,32.0,483764.71,13,PANEL-GREY,PANEL GREY,Paneles exteriores
2023-04-17,104.0,1572235.29,13,PANEL-GREY,PANEL GREY,Paneles exteriores
2023-04-24,458.0,6923882.35,13,PANEL-GREY,PANEL GREY,Paneles exteriores
2023-05-01,0.0,0.0,13,PANEL-GREY,PANEL GREY,Paneles exteriores
2023-05-08,182.0,2751411.76,13,PANEL-GREY,PANEL GREY,Paneles exteriores
2023-05-15,27.0,408176.47,13,PANEL-GREY,PANEL GREY,Paneles exteriores
2023-05-22,97.0,1466411.76,13,PANEL-GREY,PANEL GREY,Paneles exteriores
2023-05-29,118.0,1783882.35,13,PANEL-GREY,PANEL GREY,Paneles exteriores
2023-06-05,0.0,0.0,13,PANEL-GREY,PANEL GREY,Paneles exteriores
2023-06-12,240.0,3628235.29,13,PANEL-GREY,PANEL GREY,Paneles exteriores
2023-06-19,0.0,0.0,13,PANEL-GREY,PANEL GREY,Paneles exteriores
2023-06-26,0.0,0.0,13,PANEL-GREY,PANEL GREY,Paneles exteriores
2023-07-03,274.0,4142235.29,13,PANEL-GREY,PANEL GREY,Paneles exteriores
2023-07-10,104.0,1572235.29,13,PANEL-GREY,PANEL GREY,Paneles exteriores
2023-07-17,20.0,302352.94,13,PANEL-GREY,PANEL GREY,Paneles exteriores
2023-07-24,22.0,332588.24,13,PANEL-GREY,PANEL GREY,Paneles exteriores
2023-07-31,130.0,1965294.1199999999,13,PANEL-GREY,PANEL GREY,Paneles exteriores
2023-08-07,52.0,786117.64,13,PANEL-GREY,PANEL GREY,Paneles exteriores
2023-08-14,0.0,0.0,13,PANEL-GREY,PANEL GREY,Paneles exteriores
2023-08-21,55.0,831470.5900000001,13,PANEL-GREY,PANEL GREY,Paneles exteriores
2023-08-28,0.0,0.0,13,PANEL-GREY,PANEL GREY,Paneles exteriores
2023-09-04,32.0,483764.71,13,PANEL-GREY,PANEL GREY,Paneles exteriores
2023-09-11,0.0,0.0,13,PANEL-GREY,PANEL GREY,Paneles exteriores
2023-09-18,104.0,1572235.3,13,PANEL-GREY,PANEL GREY,Paneles exteriores
2023-09-25,3.0,45352.94,13,PANEL-GREY,PANEL GREY,Paneles exteriores
2023-10-02,28.0,423294.12,13,PANEL-GREY,PANEL GREY,Paneles exteriores
2023-10-09,24.0,362823.53,13,PANEL-GREY,PANEL GREY,Paneles exteriores
2023-10-16,0.0,0.0,13,PANEL-GREY,PANEL GREY,Paneles exteriores
2023-10-23,0.0,0.0,13,PANEL-GREY,PANEL GREY,Paneles exteriores
2023-10-30,16.0,241882.35,13,PANEL-GREY,PANEL GREY,Paneles exteriores
2023-11-06,128.0,1935058.83,13,PANEL-GREY,PANEL GREY,Paneles exteriores
2023-11-13,104.0,1572235.29,13,PANEL-GREY,PANEL GREY,Paneles exteriores
2023-11-20,234.0,3537529.4099999997,13,PANEL-GREY,PANEL GREY,Paneles exteriores
2023-11-27,0.0,0.0,13,PANEL-GREY,PANEL GREY,Paneles exteriores
2023-12-04,0.0,0.0,13,PANEL-GREY,PANEL GREY,Paneles exteriores
2023-12-11,8.0,120941.18,13,PANEL-GREY,PANEL GREY,Paneles exteriores
2023-12-18,24.0,362823.53,13,PANEL-GREY,PANEL GREY,Paneles exteriores
2023-12-25,1.0,15117.65,13,PANEL-GREY,PANEL GREY,Paneles exteriores
2024-01-01,67.0,1012882.36,13,PANEL-GREY,PANEL GREY,Paneles exteriores
2024-01-08,33.0,498882.35000000003,13,PANEL-GREY,PANEL GREY,Paneles exteriores
2024-01-15,123.0,1859470.5899999999,13,PANEL-GREY,PANEL GREY,Paneles exteriores
2024-01-22,179.0,2706058.83,13,PANEL-GREY,PANEL GREY,Paneles exteriores
2024-01-29,84.0,1269882.3599999999,13,PANEL-GREY,PANEL GREY,Paneles exteriores
2024-02-05,126.0,1904823.53,13,PANEL-GREY,PANEL GREY,Paneles exteriores
2024-02-12,92.0,1390823.53,13,PANEL-GREY,PANEL GREY,Paneles exteriores
2024-02-19,96.0,1451294.12,13,PANEL-GREY,PANEL GREY,Paneles exteriores
2024-02-26,230.0,3477058.83,13,PANEL-GREY,PANEL GREY,Paneles exteriores
2024-03-04,427.0,6455235.3,13,PANEL-GREY,PANEL GREY,Paneles exteriores
2024-03-11,24.0,362823.53,13,PANEL-GREY,PANEL GREY,Paneles exteriores
2024-03-18,88.0,1330352.94,13,PANEL-GREY,PANEL GREY,Paneles exteriores
2024-03-25,120.0,1814117.65,13,PANEL-GREY,PANEL GREY,Paneles exteriores
2024-04-01,100.0,1511764.71,13,PANEL-GREY,PANEL GREY,Paneles exteriores
2024-04-08,31.0,468647.06,13,PANEL-GREY,PANEL GREY,Paneles exteriores
2024-04-15,0.0,0.0,13,PANEL-GREY,PANEL GREY,Paneles exteriores
2024-04-22,28.0,423294.12,13,PANEL-GREY,PANEL GREY,Paneles exteriores
2024-04-29,27.0,408176.47,13,PANEL-GREY,PANEL GREY,Paneles exteriores
2024-05-06,124.0,1874588.23,13,PANEL-GREY,PANEL GREY,Paneles exteriores
2024-05-13,0.0,0.0,13,PANEL-GREY,PANEL GREY,Paneles exteriores
2024-05-20,168.0,2539764.7,13,PANEL-GREY,PANEL GREY,Paneles exteriores
2024-05-27,45.0,680294.12,13,PANEL-GREY,PANEL GREY,Paneles exteriores
2024-06-03,88.0,1330352.94,13,PANEL-GREY,PANEL GREY,Paneles exteriores
2024-06-10,16.0,241882.35,13,PANEL-GREY,PANEL GREY,Paneles exteriores
2024-06-17,62.0,937294.1200000001,13,PANEL-GREY,PANEL GREY,Paneles exteriores
2024-06-24,66.0,997764.7,13,PANEL-GREY,PANEL GREY,Paneles exteriores
2024-07-01,8.0,120941.18,13,PANEL-GREY,PANEL GREY,Paneles exteriores
2024-07-08,24.0,362823.53,13,PANEL-GREY,PANEL GREY,Paneles exteriores
2024-07-15,2.0,30235.29,13,PANEL-GREY,PANEL GREY,Paneles exteriores
2024-07-22,47.0,710529.42,13,PANEL-GREY,PANEL GREY,Paneles exteriores
2024-07-29,144.0,2176941.17,13,PANEL-GREY,PANEL GREY,Paneles exteriores
2024-08-05,4.0,60470.59,13,PANEL-GREY,PANEL GREY,Paneles exteriores
2024-08-12,171.0,2585117.6500000004,13,PANEL-GREY,PANEL GREY,Paneles exteriores
2024-08-19,168.0,2539764.71,13,PANEL-GREY,PANEL GREY,Paneles exteriores
2024-08-26,10.0,151176.47,13,PANEL-GREY,PANEL GREY,Paneles exteriores
2024-09-02,16.0,241882.35,13,PANEL-GREY,PANEL GREY,Paneles exteriores
2024-09-09,0.0,0.0,13,PANEL-GREY,PANEL GREY,Paneles exteriores
2024-09-16,2.0,30235.29,13,PANEL-GREY,PANEL GREY,Paneles exteriores
2024-09-23,0.0,0.0,13,PANEL-GREY,PANEL GREY,Paneles exteriores
2024-09-30,18.0,272117.65,13,PANEL-GREY,PANEL GREY,Paneles exteriores
2024-10-07,48.0,725647.06,13,PANEL-GREY,PANEL GREY,Paneles exteriores
2024-10-14,15.0,226764.71000000002,13,PANEL-GREY,PANEL GREY,Paneles exteriores
2024-10-21,28.0,423294.12,13,PANEL-GREY,PANEL GREY,Paneles exteriores
2024-10-28,0.0,0.0,13,PANEL-GREY,PANEL GREY,Paneles exteriores
2024-11-04,5.0,75588.24,13,PANEL-GREY,PANEL GREY,Paneles exteriores
2024-11-11,5.0,75588.24,13,PANEL-GREY,PANEL GREY,Paneles exteriores
2024-11-18,0.0,0.0,13,PANEL-GREY,PANEL GREY,Paneles exteriores
2024-11-25,52.0,786117.6499999999,13,PANEL-GREY,PANEL GREY,Paneles exteriores
2024-12-02,0.0,0.0,13,PANEL-GREY,PANEL GREY,Paneles exteriores
2024-12-09,8.0,120941.18,13,PANEL-GREY,PANEL GREY,Paneles exteriores
2024-12-16,8.0,120941.18,13,PANEL-GREY,PANEL GREY,Paneles exteriores
2024-12-23,8.0,120941.18,13,PANEL-GREY,PANEL GREY,Paneles exteriores
2024-12-30,0.0,0.0,13,PANEL-GREY,PANEL GREY,Paneles exteriores
2025-01-06,0.0,0.0,13,PANEL-GREY,PANEL GREY,Paneles exteriores
2025-01-13,0.0,0.0,13,PANEL-GREY,PANEL GREY,Paneles exteriores
2025-01-20,86.0,1300117.65,13,PANEL-GREY,PANEL GREY,Paneles exteriores
2025-01-27,0.0,0.0,13,PANEL-GREY,PANEL GREY,Paneles exteriores
2025-02-03,99.0,1496647.05,13,PANEL-GREY,PANEL GREY,Paneles exteriores
2025-02-10,118.0,1783882.36,13,PANEL-GREY,PANEL GREY,Paneles exteriores
2025-02-17,46.0,695411.77,13,PANEL-GREY,PANEL GREY,Paneles exteriores
2025-02-24,12.0,181411.76,13,PANEL-GREY,PANEL GREY,Paneles exteriores
2025-03-03,46.0,695411.76,13,PANEL-GREY,PANEL GREY,Paneles exteriores
2025-03-10,65.0,982647.06,13,PANEL-GREY,PANEL GREY,Paneles exteriores
2025-03-17,25.0,377941.18,13,PANEL-GREY,PANEL GREY,Paneles exteriores
2025-03-24,44.0,665176.47,13,PANEL-GREY,PANEL GREY,Paneles exteriores
2025-03-31,133.0,2010647.06,13,PANEL-GREY,PANEL GREY,Paneles exteriores
2025-04-07,1.0,15117.65,13,PANEL-GREY,PANEL GREY,Paneles exteriores
2025-04-14,4.0,60470.59,13,PANEL-GREY,PANEL GREY,Paneles exteriores
2025-04-21,0.0,0.0,13,PANEL-GREY,PANEL GREY,Paneles exteriores
2025-04-28,0.0,0.0,13,PANEL-GREY,PANEL GREY,Paneles exteriores
2025-05-05,0.0,0.0,13,PANEL-GREY,PANEL GREY,Paneles exteriores
2025-05-12,18.0,272117.65,13,PANEL-GREY,PANEL GREY,Paneles exteriores
2025-05-19,6.0,90705.88,13,PANEL-GREY,PANEL GREY,Paneles exteriores
2025-05-26,20.0,302352.94,13,PANEL-GREY,PANEL GREY,Paneles exteriores
2025-06-02,0.0,0.0,13,PANEL-GREY,PANEL GREY,Paneles exteriores
2025-06-09,0.0,0.0,13,PANEL-GREY,PANEL GREY,Paneles exteriores
2025-06-16,8.0,120941.18,13,PANEL-GREY,PANEL GREY,Paneles exteriores
2025-06-23,13.0,196529.41,13,PANEL-GREY,PANEL GREY,Paneles exteriores
2025-06-30,10.0,151176.47,13,PANEL-GREY,PANEL GREY,Paneles exteriores
2025-07-07,0.0,0.0,13,PANEL-GREY,PANEL GREY,Paneles exteriores
2025-07-14,0.0,0.0,13,PANEL-GREY,PANEL GREY,Paneles exteriores
2025-07-21,2.0,30235.29,13,PANEL-GREY,PANEL GREY,Paneles exteriores
2025-07-28,0.0,0.0,13,PANEL-GREY,PANEL GREY,Paneles exteriores
2025-08-04,0.0,0.0,13,PANEL-GREY,PANEL GREY,Paneles exteriores
2025-08-11,15.0,226764.71,13,PANEL-GREY,PANEL GREY,Paneles exteriores
2025-08-18,8.0,120941.18,13,PANEL-GREY,PANEL GREY,Paneles exteriores
2025-08-25,24.0,362823.53,13,PANEL-GREY,PANEL GREY,Paneles exteriores
2025-09-01,24.0,362823.53,13,PANEL-GREY,PANEL GREY,Paneles exteriores
2025-09-08,247.0,3734058.83,13,PANEL-GREY,PANEL GREY,Paneles exteriores
2025-09-15,0.0,0.0,13,PANEL-GREY,PANEL GREY,Paneles exteriores
2025-09-22,0.0,0.0,13,PANEL-GREY,PANEL GREY,Paneles exteriores
2025-09-29,0.0,0.0,13,PANEL-GREY,PANEL GREY,Paneles exteriores
2025-10-06,0.0,0.0,13,PANEL-GREY,PANEL GREY,Paneles exteriores
2025-10-13,0.0,0.0,13,PANEL-GREY,PANEL GREY,Paneles exteriores
2025-10-20,0.0,0.0,13,PANEL-GREY,PANEL GREY,Paneles exteriores
2025-10-27,7.0,105823.53,13,PANEL-GREY,PANEL GREY,Paneles exteriores
2025-11-03,0.0,0.0,13,PANEL-GREY,PANEL GREY,Paneles exteriores
2025-11-10,0.0,0.0,13,PANEL-GREY,PANEL GREY,Paneles exteriores
2025-11-17,0.0,0.0,13,PANEL-GREY,PANEL GREY,Paneles exteriores
2025-11-24,0.0,0.0,13,PANEL-GREY,PANEL GREY,Paneles exteriores
2025-12-01,0.0,0.0,13,PANEL-GREY,PANEL GREY,Paneles exteriores
2025-12-08,0.0,0.0,13,PANEL-GREY,PANEL GREY,Paneles exteriores
2025-12-15,18.0,272117.65,13,PANEL-GREY,PANEL GREY,Paneles exteriores
2025-12-22,0.0,0.0,13,PANEL-GREY,PANEL GREY,Paneles exteriores
2025-12-29,5.0,75588.24,13,PANEL-GREY,PANEL GREY,Paneles exteriores
2026-01-05,172.0,2600235.29,13,PANEL-GREY,PANEL GREY,Paneles exteriores
2026-01-12,59.0,891941.17,13,PANEL-GREY,PANEL GREY,Paneles exteriores
2026-01-19,36.0,544235.3,13,PANEL-GREY,PANEL GREY,Paneles exteriores
2026-01-26,55.0,831470.59,13,PANEL-GREY,PANEL GREY,Paneles exteriores
2026-02-02,22.0,332588.24,13,PANEL-GREY,PANEL GREY,Paneles exteriores
2026-02-09,76.0,1148941.17,13,PANEL-GREY,PANEL GREY,Paneles exteriores
2026-02-16,26.0,393058.82,13,PANEL-GREY,PANEL GREY,Paneles exteriores
2026-02-23,131.0,1980411.76,13,PANEL-GREY,PANEL GREY,Paneles exteriores
2026-03-02,98.0,1481529.42,13,PANEL-GREY,PANEL GREY,Paneles exteriores
2026-03-09,16.0,241882.36,13,PANEL-GREY,PANEL GREY,Paneles exteriores
2026-03-16,8.0,120941.18,13,PANEL-GREY,PANEL GREY,Paneles exteriores
2026-03-23,0.0,0.0,13,PANEL-GREY,PANEL GREY,Paneles exteriores
2026-03-30,0.0,0.0,13,PANEL-GREY,PANEL GREY,Paneles exteriores
2026-04-06,96.0,1451294.12,13,PANEL-GREY,PANEL GREY,Paneles exteriores
2026-04-13,0.0,0.0,13,PANEL-GREY,PANEL GREY,Paneles exteriores
2026-04-20,91.0,1375705.88,13,PANEL-GREY,PANEL GREY,Paneles exteriores
2026-04-27,9.0,136058.82,13,PANEL-GREY,PANEL GREY,Paneles exteriores
2026-05-04,0.0,0.0,13,PANEL-GREY,PANEL GREY,Paneles exteriores
2026-05-11,8.0,120941.18,13,PANEL-GREY,PANEL GREY,Paneles exteriores
2026-05-18,0.0,0.0,13,PANEL-GREY,PANEL GREY,Paneles exteriores
2026-05-25,0.0,0.0,13,PANEL-GREY,PANEL GREY,Paneles exteriores
2026-06-01,0.0,0.0,13,PANEL-GREY,PANEL GREY,Paneles exteriores
2026-06-08,0.0,0.0,13,PANEL-GREY,PANEL GREY,Paneles exteriores
2026-06-15,0.0,0.0,13,PANEL-GREY,PANEL GREY,Paneles exteriores
2026-06-22,0.0,0.0,13,PANEL-GREY,PANEL GREY,Paneles exteriores
2026-06-29,0.0,0.0,13,PANEL-GREY,PANEL GREY,Paneles exteriores
2026-07-06,0.0,0.0,13,PANEL-GREY,PANEL GREY,Paneles exteriores
2023-06-12,675.0,10204411.76,14,PANEL-ALERCE,PANEL ALERCE,Paneles exteriores
2023-06-19,0.0,0.0,14,PANEL-ALERCE,PANEL ALERCE,Paneles exteriores
2023-06-26,0.0,0.0,14,PANEL-ALERCE,PANEL ALERCE,Paneles exteriores
2023-07-03,25.0,377941.18,14,PANEL-ALERCE,PANEL ALERCE,Paneles exteriores
2023-07-10,0.0,0.0,14,PANEL-ALERCE,PANEL ALERCE,Paneles exteriores
2023-07-17,0.0,0.0,14,PANEL-ALERCE,PANEL ALERCE,Paneles exteriores
2023-07-24,0.0,0.0,14,PANEL-ALERCE,PANEL ALERCE,Paneles exteriores
2023-07-31,0.0,0.0,14,PANEL-ALERCE,PANEL ALERCE,Paneles exteriores
2023-08-07,0.0,0.0,14,PANEL-ALERCE,PANEL ALERCE,Paneles exteriores
2023-08-14,144.0,2176941.18,14,PANEL-ALERCE,PANEL ALERCE,Paneles exteriores
2023-08-21,15.0,226764.71,14,PANEL-ALERCE,PANEL ALERCE,Paneles exteriores
2023-08-28,17.0,257000.0,14,PANEL-ALERCE,PANEL ALERCE,Paneles exteriores
2023-09-04,29.0,438411.77,14,PANEL-ALERCE,PANEL ALERCE,Paneles exteriores
2023-09-11,48.0,725647.06,14,PANEL-ALERCE,PANEL ALERCE,Paneles exteriores
2023-09-18,0.0,0.0,14,PANEL-ALERCE,PANEL ALERCE,Paneles exteriores
2023-09-25,2.0,30235.29,14,PANEL-ALERCE,PANEL ALERCE,Paneles exteriores
2023-10-02,0.0,0.0,14,PANEL-ALERCE,PANEL ALERCE,Paneles exteriores
2023-10-09,0.0,0.0,14,PANEL-ALERCE,PANEL ALERCE,Paneles exteriores
2023-10-16,48.0,725647.06,14,PANEL-ALERCE,PANEL ALERCE,Paneles exteriores
2023-10-23,93.0,1405941.18,14,PANEL-ALERCE,PANEL ALERCE,Paneles exteriores
2023-10-30,16.0,241882.35,14,PANEL-ALERCE,PANEL ALERCE,Paneles exteriores
2023-11-06,0.0,0.0,14,PANEL-ALERCE,PANEL ALERCE,Paneles exteriores
2023-11-13,0.0,0.0,14,PANEL-ALERCE,PANEL ALERCE,Paneles exteriores
2023-11-20,405.0,6122647.0600000005,14,PANEL-ALERCE,PANEL ALERCE,Paneles exteriores
2023-11-27,18.0,272117.65,14,PANEL-ALERCE,PANEL ALERCE,Paneles exteriores
2023-12-04,0.0,0.0,14,PANEL-ALERCE,PANEL ALERCE,Paneles exteriores
2023-12-11,9.0,136058.82,14,PANEL-ALERCE,PANEL ALERCE,Paneles exteriores
2023-12-18,21.0,317470.59,14,PANEL-ALERCE,PANEL ALERCE,Paneles exteriores
2023-12-25,0.0,0.0,14,PANEL-ALERCE,PANEL ALERCE,Paneles exteriores
2024-01-01,12.0,181411.76,14,PANEL-ALERCE,PANEL ALERCE,Paneles exteriores
2024-01-08,19.0,287235.3,14,PANEL-ALERCE,PANEL ALERCE,Paneles exteriores
2024-01-15,52.0,786117.65,14,PANEL-ALERCE,PANEL ALERCE,Paneles exteriores
2024-01-22,11.0,166294.12,14,PANEL-ALERCE,PANEL ALERCE,Paneles exteriores
2024-01-29,26.0,393058.83,14,PANEL-ALERCE,PANEL ALERCE,Paneles exteriores
2024-02-05,0.0,0.0,14,PANEL-ALERCE,PANEL ALERCE,Paneles exteriores
2024-02-12,0.0,0.0,14,PANEL-ALERCE,PANEL ALERCE,Paneles exteriores
2024-02-19,48.0,725647.05,14,PANEL-ALERCE,PANEL ALERCE,Paneles exteriores
2024-02-26,136.0,2056000.0,14,PANEL-ALERCE,PANEL ALERCE,Paneles exteriores
2024-03-04,8.0,120941.18,14,PANEL-ALERCE,PANEL ALERCE,Paneles exteriores
2024-03-11,16.0,241882.35,14,PANEL-ALERCE,PANEL ALERCE,Paneles exteriores
2024-03-18,224.0,3386352.94,14,PANEL-ALERCE,PANEL ALERCE,Paneles exteriores
2024-03-25,6.0,90705.88,14,PANEL-ALERCE,PANEL ALERCE,Paneles exteriores
2024-04-01,218.0,3295647.06,14,PANEL-ALERCE,PANEL ALERCE,Paneles exteriores
2024-04-08,81.0,1224529.4100000001,14,PANEL-ALERCE,PANEL ALERCE,Paneles exteriores
2024-04-15,22.0,332588.24,14,PANEL-ALERCE,PANEL ALERCE,Paneles exteriores
2024-04-22,0.0,0.0,14,PANEL-ALERCE,PANEL ALERCE,Paneles exteriores
2024-04-29,0.0,0.0,14,PANEL-ALERCE,PANEL ALERCE,Paneles exteriores
2024-05-06,0.0,0.0,14,PANEL-ALERCE,PANEL ALERCE,Paneles exteriores
2024-05-13,0.0,0.0,14,PANEL-ALERCE,PANEL ALERCE,Paneles exteriores
2024-05-20,0.0,0.0,14,PANEL-ALERCE,PANEL ALERCE,Paneles exteriores
2024-05-27,0.0,0.0,14,PANEL-ALERCE,PANEL ALERCE,Paneles exteriores
2024-06-03,8.0,120941.18,14,PANEL-ALERCE,PANEL ALERCE,Paneles exteriores
2024-06-10,0.0,0.0,14,PANEL-ALERCE,PANEL ALERCE,Paneles exteriores
2024-06-17,0.0,0.0,14,PANEL-ALERCE,PANEL ALERCE,Paneles exteriores
2024-06-24,0.0,0.0,14,PANEL-ALERCE,PANEL ALERCE,Paneles exteriores
2024-07-01,0.0,0.0,14,PANEL-ALERCE,PANEL ALERCE,Paneles exteriores
2024-07-08,0.0,0.0,14,PANEL-ALERCE,PANEL ALERCE,Paneles exteriores
2024-07-15,0.0,0.0,14,PANEL-ALERCE,PANEL ALERCE,Paneles exteriores
2024-07-22,0.0,0.0,14,PANEL-ALERCE,PANEL ALERCE,Paneles exteriores
2024-07-29,0.0,0.0,14,PANEL-ALERCE,PANEL ALERCE,Paneles exteriores
2024-08-05,0.0,0.0,14,PANEL-ALERCE,PANEL ALERCE,Paneles exteriores
2024-08-12,0.0,0.0,14,PANEL-ALERCE,PANEL ALERCE,Paneles exteriores
2024-08-19,0.0,0.0,14,PANEL-ALERCE,PANEL ALERCE,Paneles exteriores
2024-08-26,0.0,0.0,14,PANEL-ALERCE,PANEL ALERCE,Paneles exteriores
2024-09-02,0.0,0.0,14,PANEL-ALERCE,PANEL ALERCE,Paneles exteriores
2024-09-09,0.0,0.0,14,PANEL-ALERCE,PANEL ALERCE,Paneles exteriores
2024-09-16,0.0,0.0,14,PANEL-ALERCE,PANEL ALERCE,Paneles exteriores
2024-09-23,0.0,0.0,14,PANEL-ALERCE,PANEL ALERCE,Paneles exteriores
2024-09-30,0.0,0.0,14,PANEL-ALERCE,PANEL ALERCE,Paneles exteriores
2024-10-07,0.0,0.0,14,PANEL-ALERCE,PANEL ALERCE,Paneles exteriores
2024-10-14,0.0,0.0,14,PANEL-ALERCE,PANEL ALERCE,Paneles exteriores
2024-10-21,0.0,0.0,14,PANEL-ALERCE,PANEL ALERCE,Paneles exteriores
2024-10-28,0.0,0.0,14,PANEL-ALERCE,PANEL ALERCE,Paneles exteriores
2024-11-04,0.0,0.0,14,PANEL-ALERCE,PANEL ALERCE,Paneles exteriores
2024-11-11,0.0,0.0,14,PANEL-ALERCE,PANEL ALERCE,Paneles exteriores
2024-11-18,0.0,0.0,14,PANEL-ALERCE,PANEL ALERCE,Paneles exteriores
2024-11-25,0.0,0.0,14,PANEL-ALERCE,PANEL ALERCE,Paneles exteriores
2024-12-02,0.0,0.0,14,PANEL-ALERCE,PANEL ALERCE,Paneles exteriores
2024-12-09,0.0,0.0,14,PANEL-ALERCE,PANEL ALERCE,Paneles exteriores
2024-12-16,0.0,0.0,14,PANEL-ALERCE,PANEL ALERCE,Paneles exteriores
2024-12-23,0.0,0.0,14,PANEL-ALERCE,PANEL ALERCE,Paneles exteriores
2024-12-30,0.0,0.0,14,PANEL-ALERCE,PANEL ALERCE,Paneles exteriores
2025-01-06,0.0,0.0,14,PANEL-ALERCE,PANEL ALERCE,Paneles exteriores
2025-01-13,0.0,0.0,14,PANEL-ALERCE,PANEL ALERCE,Paneles exteriores
2025-01-20,0.0,0.0,14,PANEL-ALERCE,PANEL ALERCE,Paneles exteriores
2025-01-27,0.0,0.0,14,PANEL-ALERCE,PANEL ALERCE,Paneles exteriores
2025-02-03,30.0,453529.41,14,PANEL-ALERCE,PANEL ALERCE,Paneles exteriores
2025-02-10,30.0,453529.41,14,PANEL-ALERCE,PANEL ALERCE,Paneles exteriores
2025-02-17,28.0,423294.12,14,PANEL-ALERCE,PANEL ALERCE,Paneles exteriores
2025-02-24,77.0,1164058.82,14,PANEL-ALERCE,PANEL ALERCE,Paneles exteriores
2025-03-03,0.0,0.0,14,PANEL-ALERCE,PANEL ALERCE,Paneles exteriores
2025-03-10,56.0,846588.24,14,PANEL-ALERCE,PANEL ALERCE,Paneles exteriores
2025-03-17,0.0,0.0,14,PANEL-ALERCE,PANEL ALERCE,Paneles exteriores
2025-03-24,1.0,15117.65,14,PANEL-ALERCE,PANEL ALERCE,Paneles exteriores
2025-03-31,0.0,0.0,14,PANEL-ALERCE,PANEL ALERCE,Paneles exteriores
2025-04-07,0.0,0.0,14,PANEL-ALERCE,PANEL ALERCE,Paneles exteriores
2025-04-14,0.0,0.0,14,PANEL-ALERCE,PANEL ALERCE,Paneles exteriores
2025-04-21,0.0,0.0,14,PANEL-ALERCE,PANEL ALERCE,Paneles exteriores
2025-04-28,0.0,0.0,14,PANEL-ALERCE,PANEL ALERCE,Paneles exteriores
2025-05-05,0.0,0.0,14,PANEL-ALERCE,PANEL ALERCE,Paneles exteriores
2025-05-12,0.0,0.0,14,PANEL-ALERCE,PANEL ALERCE,Paneles exteriores
2025-05-19,0.0,0.0,14,PANEL-ALERCE,PANEL ALERCE,Paneles exteriores
2025-05-26,0.0,0.0,14,PANEL-ALERCE,PANEL ALERCE,Paneles exteriores
2025-06-02,112.0,1693176.4700000002,14,PANEL-ALERCE,PANEL ALERCE,Paneles exteriores
2025-06-09,0.0,0.0,14,PANEL-ALERCE,PANEL ALERCE,Paneles exteriores
2025-06-16,0.0,0.0,14,PANEL-ALERCE,PANEL ALERCE,Paneles exteriores
2025-06-23,10.0,151176.47,14,PANEL-ALERCE,PANEL ALERCE,Paneles exteriores
2025-06-30,0.0,0.0,14,PANEL-ALERCE,PANEL ALERCE,Paneles exteriores
2025-07-07,20.0,302352.94,14,PANEL-ALERCE,PANEL ALERCE,Paneles exteriores
2025-07-14,0.0,0.0,14,PANEL-ALERCE,PANEL ALERCE,Paneles exteriores
2025-07-21,0.0,0.0,14,PANEL-ALERCE,PANEL ALERCE,Paneles exteriores
2025-07-28,59.0,891941.18,14,PANEL-ALERCE,PANEL ALERCE,Paneles exteriores
2025-08-04,0.0,0.0,14,PANEL-ALERCE,PANEL ALERCE,Paneles exteriores
2025-08-11,0.0,0.0,14,PANEL-ALERCE,PANEL ALERCE,Paneles exteriores
2025-08-18,60.0,907058.82,14,PANEL-ALERCE,PANEL ALERCE,Paneles exteriores
2025-08-25,3.0,45352.94,14,PANEL-ALERCE,PANEL ALERCE,Paneles exteriores
2025-09-01,0.0,0.0,14,PANEL-ALERCE,PANEL ALERCE,Paneles exteriores
2025-09-08,0.0,0.0,14,PANEL-ALERCE,PANEL ALERCE,Paneles exteriores
2025-09-15,0.0,0.0,14,PANEL-ALERCE,PANEL ALERCE,Paneles exteriores
2025-09-22,0.0,0.0,14,PANEL-ALERCE,PANEL ALERCE,Paneles exteriores
2025-09-29,24.0,362823.53,14,PANEL-ALERCE,PANEL ALERCE,Paneles exteriores
2025-10-06,0.0,0.0,14,PANEL-ALERCE,PANEL ALERCE,Paneles exteriores
2025-10-13,0.0,0.0,14,PANEL-ALERCE,PANEL ALERCE,Paneles exteriores
2025-10-20,0.0,0.0,14,PANEL-ALERCE,PANEL ALERCE,Paneles exteriores
2025-10-27,8.0,120941.18,14,PANEL-ALERCE,PANEL ALERCE,Paneles exteriores
2025-11-03,33.0,498882.36000000004,14,PANEL-ALERCE,PANEL ALERCE,Paneles exteriores
2025-11-10,87.0,1315235.3,14,PANEL-ALERCE,PANEL ALERCE,Paneles exteriores
2025-11-17,129.0,1950176.47,14,PANEL-ALERCE,PANEL ALERCE,Paneles exteriores
2025-11-24,95.0,1436176.47,14,PANEL-ALERCE,PANEL ALERCE,Paneles exteriores
2025-12-01,101.0,1526882.35,14,PANEL-ALERCE,PANEL ALERCE,Paneles exteriores
2025-12-08,78.0,1179176.47,14,PANEL-ALERCE,PANEL ALERCE,Paneles exteriores
2025-12-15,0.0,0.0,14,PANEL-ALERCE,PANEL ALERCE,Paneles exteriores
2025-12-22,4.0,60470.59,14,PANEL-ALERCE,PANEL ALERCE,Paneles exteriores
2025-12-29,13.0,196529.41,14,PANEL-ALERCE,PANEL ALERCE,Paneles exteriores
2026-01-05,74.0,1118705.8800000001,14,PANEL-ALERCE,PANEL ALERCE,Paneles exteriores
2026-01-12,33.0,498882.35000000003,14,PANEL-ALERCE,PANEL ALERCE,Paneles exteriores
2026-01-19,28.0,423294.11,14,PANEL-ALERCE,PANEL ALERCE,Paneles exteriores
2026-01-26,16.0,241882.36,14,PANEL-ALERCE,PANEL ALERCE,Paneles exteriores
2026-02-02,9.0,136058.82,14,PANEL-ALERCE,PANEL ALERCE,Paneles exteriores
2026-02-09,0.0,0.0,14,PANEL-ALERCE,PANEL ALERCE,Paneles exteriores
2026-02-16,0.0,0.0,14,PANEL-ALERCE,PANEL ALERCE,Paneles exteriores
2026-02-23,0.0,0.0,14,PANEL-ALERCE,PANEL ALERCE,Paneles exteriores
2026-03-02,38.0,574470.5800000001,14,PANEL-ALERCE,PANEL ALERCE,Paneles exteriores
2026-03-09,101.0,1526882.3499999999,14,PANEL-ALERCE,PANEL ALERCE,Paneles exteriores
2026-03-16,42.0,634941.17,14,PANEL-ALERCE,PANEL ALERCE,Paneles exteriores
2026-03-23,24.0,362823.53,14,PANEL-ALERCE,PANEL ALERCE,Paneles exteriores
2026-03-30,0.0,0.0,14,PANEL-ALERCE,PANEL ALERCE,Paneles exteriores
2026-04-06,8.0,120941.18,14,PANEL-ALERCE,PANEL ALERCE,Paneles exteriores
2026-04-13,82.0,1239647.05,14,PANEL-ALERCE,PANEL ALERCE,Paneles exteriores
2026-04-20,0.0,0.0,14,PANEL-ALERCE,PANEL ALERCE,Paneles exteriores
2026-04-27,0.0,0.0,14,PANEL-ALERCE,PANEL ALERCE,Paneles exteriores
2026-05-04,0.0,0.0,14,PANEL-ALERCE,PANEL ALERCE,Paneles exteriores
2026-05-11,0.0,0.0,14,PANEL-ALERCE,PANEL ALERCE,Paneles exteriores
2026-05-18,0.0,0.0,14,PANEL-ALERCE,PANEL ALERCE,Paneles exteriores
2026-05-25,8.0,120941.18,14,PANEL-ALERCE,PANEL ALERCE,Paneles exteriores
2026-06-01,8.0,120941.18,14,PANEL-ALERCE,PANEL ALERCE,Paneles exteriores
2026-06-08,0.0,0.0,14,PANEL-ALERCE,PANEL ALERCE,Paneles exteriores
2026-06-15,0.0,0.0,14,PANEL-ALERCE,PANEL ALERCE,Paneles exteriores
2026-06-22,0.0,0.0,14,PANEL-ALERCE,PANEL ALERCE,Paneles exteriores
2026-06-29,0.0,0.0,14,PANEL-ALERCE,PANEL ALERCE,Paneles exteriores
2026-07-06,0.0,0.0,14,PANEL-ALERCE,PANEL ALERCE,Paneles exteriores
2023-12-18,60.0,302016.81,16,ELM-LIGHT,ELM Light Claro,Paneles interiores
2023-12-25,48.0,241613.45,16,ELM-LIGHT,ELM Light Claro,Paneles interiores
2024-01-01,43.0,216445.39,16,ELM-LIGHT,ELM Light Claro,Paneles interiores
2024-01-08,109.0,548663.87,16,ELM-LIGHT,ELM Light Claro,Paneles interiores
2024-01-15,31.0,156042.02000000002,16,ELM-LIGHT,ELM Light Claro,Paneles interiores
2024-01-22,65.0,327184.87,16,ELM-LIGHT,ELM Light Claro,Paneles interiores
2024-01-29,241.0,1213100.84,16,ELM-LIGHT,ELM Light Claro,Paneles interiores
2024-02-05,337.0,1696327.73,16,ELM-LIGHT,ELM Light Claro,Paneles interiores
2024-02-12,218.0,1097327.73,16,ELM-LIGHT,ELM Light Claro,Paneles interiores
2024-02-19,60.0,302016.81,16,ELM-LIGHT,ELM Light Claro,Paneles interiores
2024-02-26,5.0,25168.07,16,ELM-LIGHT,ELM Light Claro,Paneles interiores
2024-03-04,0.0,0.0,16,ELM-LIGHT,ELM Light Claro,Paneles interiores
2024-03-11,0.0,0.0,16,ELM-LIGHT,ELM Light Claro,Paneles interiores
2024-03-18,0.0,0.0,16,ELM-LIGHT,ELM Light Claro,Paneles interiores
2024-03-25,0.0,0.0,16,ELM-LIGHT,ELM Light Claro,Paneles interiores
2024-04-01,0.0,0.0,16,ELM-LIGHT,ELM Light Claro,Paneles interiores
2024-04-08,0.0,0.0,16,ELM-LIGHT,ELM Light Claro,Paneles interiores
2024-04-15,0.0,0.0,16,ELM-LIGHT,ELM Light Claro,Paneles interiores
2024-04-22,0.0,0.0,16,ELM-LIGHT,ELM Light Claro,Paneles interiores
2024-04-29,0.0,0.0,16,ELM-LIGHT,ELM Light Claro,Paneles interiores
2024-05-06,0.0,0.0,16,ELM-LIGHT,ELM Light Claro,Paneles interiores
2024-05-13,0.0,0.0,16,ELM-LIGHT,ELM Light Claro,Paneles interiores
2024-05-20,81.0,407722.69,16,ELM-LIGHT,ELM Light Claro,Paneles interiores
2024-05-27,265.0,1333907.57,16,ELM-LIGHT,ELM Light Claro,Paneles interiores
2024-06-03,9.0,45302.520000000004,16,ELM-LIGHT,ELM Light Claro,Paneles interiores
2024-06-10,218.0,1097327.72,16,ELM-LIGHT,ELM Light Claro,Paneles interiores
2024-06-17,130.0,654369.75,16,ELM-LIGHT,ELM Light Claro,Paneles interiores
2024-06-24,97.0,488260.5,16,ELM-LIGHT,ELM Light Claro,Paneles interiores
2024-07-01,389.0,1958075.6400000001,16,ELM-LIGHT,ELM Light Claro,Paneles interiores
2024-07-08,84.0,422823.52999999997,16,ELM-LIGHT,ELM Light Claro,Paneles interiores
2024-07-15,108.0,543630.25,16,ELM-LIGHT,ELM Light Claro,Paneles interiores
2024-07-22,8.0,40268.91,16,ELM-LIGHT,ELM Light Claro,Paneles interiores
2024-07-29,49.0,246647.06,16,ELM-LIGHT,ELM Light Claro,Paneles interiores
2024-08-05,22.0,110739.5,16,ELM-LIGHT,ELM Light Claro,Paneles interiores
2024-08-12,85.0,427857.14,16,ELM-LIGHT,ELM Light Claro,Paneles interiores
2024-08-19,86.0,432890.76,16,ELM-LIGHT,ELM Light Claro,Paneles interiores
2024-08-26,38.0,191277.31,16,ELM-LIGHT,ELM Light Claro,Paneles interiores
2024-09-02,2.0,10067.23,16,ELM-LIGHT,ELM Light Claro,Paneles interiores
2024-09-09,10.0,50336.13,16,ELM-LIGHT,ELM Light Claro,Paneles interiores
2024-09-16,35.0,176176.47,16,ELM-LIGHT,ELM Light Claro,Paneles interiores
2024-09-23,76.0,382554.62,16,ELM-LIGHT,ELM Light Claro,Paneles interiores
2024-09-30,72.0,362420.17000000004,16,ELM-LIGHT,ELM Light Claro,Paneles interiores
2024-10-07,51.0,256714.28999999998,16,ELM-LIGHT,ELM Light Claro,Paneles interiores
2024-10-14,57.0,286915.95999999996,16,ELM-LIGHT,ELM Light Claro,Paneles interiores
2024-10-21,20.0,100672.27,16,ELM-LIGHT,ELM Light Claro,Paneles interiores
2024-10-28,3.0,15100.84,16,ELM-LIGHT,ELM Light Claro,Paneles interiores
2024-11-04,0.0,0.0,16,ELM-LIGHT,ELM Light Claro,Paneles interiores
2024-11-11,3.0,15100.84,16,ELM-LIGHT,ELM Light Claro,Paneles interiores
2024-11-18,0.0,0.0,16,ELM-LIGHT,ELM Light Claro,Paneles interiores
2024-11-25,8.0,40268.91,16,ELM-LIGHT,ELM Light Claro,Paneles interiores
2024-12-02,0.0,0.0,16,ELM-LIGHT,ELM Light Claro,Paneles interiores
2024-12-09,0.0,0.0,16,ELM-LIGHT,ELM Light Claro,Paneles interiores
2024-12-16,20.0,100672.27,16,ELM-LIGHT,ELM Light Claro,Paneles interiores
2024-12-23,13.0,65436.97,16,ELM-LIGHT,ELM Light Claro,Paneles interiores
2024-12-30,8.0,40268.91,16,ELM-LIGHT,ELM Light Claro,Paneles interiores
2025-01-06,36.0,181210.08,16,ELM-LIGHT,ELM Light Claro,Paneles interiores
2025-01-13,2.0,10067.22,16,ELM-LIGHT,ELM Light Claro,Paneles interiores
2025-01-20,107.0,538596.64,16,ELM-LIGHT,ELM Light Claro,Paneles interiores
2025-01-27,146.0,734907.5700000001,16,ELM-LIGHT,ELM Light Claro,Paneles interiores
2025-02-03,58.0,291949.57999999996,16,ELM-LIGHT,ELM Light Claro,Paneles interiores
2025-02-10,37.0,186243.7,16,ELM-LIGHT,ELM Light Claro,Paneles interiores
2025-02-17,7.0,35235.29,16,ELM-LIGHT,ELM Light Claro,Paneles interiores
2025-02-24,71.0,357386.56,16,ELM-LIGHT,ELM Light Claro,Paneles interiores
2025-03-03,57.0,286915.97,16,ELM-LIGHT,ELM Light Claro,Paneles interiores
2025-03-10,88.0,442957.98,16,ELM-LIGHT,ELM Light Claro,Paneles interiores
2025-03-17,11.0,55369.75,16,ELM-LIGHT,ELM Light Claro,Paneles interiores
2025-03-24,53.0,266781.51,16,ELM-LIGHT,ELM Light Claro,Paneles interiores
2025-03-31,14.0,70470.59,16,ELM-LIGHT,ELM Light Claro,Paneles interiores
2025-04-07,1.0,5033.61,16,ELM-LIGHT,ELM Light Claro,Paneles interiores
2025-04-14,0.0,0.0,16,ELM-LIGHT,ELM Light Claro,Paneles interiores
2025-04-21,65.0,327184.88,16,ELM-LIGHT,ELM Light Claro,Paneles interiores
2025-04-28,17.0,85571.43,16,ELM-LIGHT,ELM Light Claro,Paneles interiores
2025-05-05,9.0,45302.52,16,ELM-LIGHT,ELM Light Claro,Paneles interiores
2025-05-12,0.0,0.0,16,ELM-LIGHT,ELM Light Claro,Paneles interiores
2025-05-19,29.0,145974.79,16,ELM-LIGHT,ELM Light Claro,Paneles interiores
2025-05-26,10.0,50336.13,16,ELM-LIGHT,ELM Light Claro,Paneles interiores
2025-06-02,28.0,140941.18,16,ELM-LIGHT,ELM Light Claro,Paneles interiores
2025-06-09,158.0,795310.9299999999,16,ELM-LIGHT,ELM Light Claro,Paneles interiores
2025-06-16,48.0,241613.45,16,ELM-LIGHT,ELM Light Claro,Paneles interiores
2025-06-23,19.0,95638.65,16,ELM-LIGHT,ELM Light Claro,Paneles interiores
2025-06-30,10.0,50336.130000000005,16,ELM-LIGHT,ELM Light Claro,Paneles interiores
2025-07-07,34.0,171142.86,16,ELM-LIGHT,ELM Light Claro,Paneles interiores
2025-07-14,0.0,0.0,16,ELM-LIGHT,ELM Light Claro,Paneles interiores
2025-07-21,38.0,191277.31,16,ELM-LIGHT,ELM Light Claro,Paneles interiores
2025-07-28,45.0,226512.61,16,ELM-LIGHT,ELM Light Claro,Paneles interiores
2025-08-04,10.0,50336.13,16,ELM-LIGHT,ELM Light Claro,Paneles interiores
2025-08-11,34.0,171142.86,16,ELM-LIGHT,ELM Light Claro,Paneles interiores
2025-08-18,15.0,75504.2,16,ELM-LIGHT,ELM Light Claro,Paneles interiores
2025-08-25,122.0,614100.84,16,ELM-LIGHT,ELM Light Claro,Paneles interiores
2025-09-01,58.0,291949.58999999997,16,ELM-LIGHT,ELM Light Claro,Paneles interiores
2025-09-08,12.0,60403.36,16,ELM-LIGHT,ELM Light Claro,Paneles interiores
2025-09-15,11.0,55369.75,16,ELM-LIGHT,ELM Light Claro,Paneles interiores
2025-09-22,5.0,25168.07,16,ELM-LIGHT,ELM Light Claro,Paneles interiores
2025-09-29,8.0,40268.91,16,ELM-LIGHT,ELM Light Claro,Paneles interiores
2025-10-06,6.0,30201.68,16,ELM-LIGHT,ELM Light Claro,Paneles interiores
2025-10-13,5.0,25168.07,16,ELM-LIGHT,ELM Light Claro,Paneles interiores
2025-10-20,46.0,231546.22,16,ELM-LIGHT,ELM Light Claro,Paneles interiores
2025-10-27,21.0,105705.88,16,ELM-LIGHT,ELM Light Claro,Paneles interiores
2025-11-03,103.0,518462.19,16,ELM-LIGHT,ELM Light Claro,Paneles interiores
2025-11-10,35.0,176176.47,16,ELM-LIGHT,ELM Light Claro,Paneles interiores
2025-11-17,1.0,5033.61,16,ELM-LIGHT,ELM Light Claro,Paneles interiores
2025-11-24,111.0,558731.0800000001,16,ELM-LIGHT,ELM Light Claro,Paneles interiores
2025-12-01,14.0,70470.59,16,ELM-LIGHT,ELM Light Claro,Paneles interiores
2025-12-08,9.0,45302.520000000004,16,ELM-LIGHT,ELM Light Claro,Paneles interiores
2025-12-15,1.0,5033.61,16,ELM-LIGHT,ELM Light Claro,Paneles interiores
2025-12-22,4.0,20134.45,16,ELM-LIGHT,ELM Light Claro,Paneles interiores
2025-12-29,24.0,120806.72,16,ELM-LIGHT,ELM Light Claro,Paneles interiores
2026-01-05,15.0,75504.2,16,ELM-LIGHT,ELM Light Claro,Paneles interiores
2026-01-12,45.0,226512.61,16,ELM-LIGHT,ELM Light Claro,Paneles interiores
2026-01-19,28.0,140941.18,16,ELM-LIGHT,ELM Light Claro,Paneles interiores
2026-01-26,0.0,0.0,16,ELM-LIGHT,ELM Light Claro,Paneles interiores
2026-02-02,0.0,0.0,16,ELM-LIGHT,ELM Light Claro,Paneles interiores
2026-02-09,38.0,191277.31,16,ELM-LIGHT,ELM Light Claro,Paneles interiores
2026-02-16,14.0,70470.59,16,ELM-LIGHT,ELM Light Claro,Paneles interiores
2026-02-23,4.0,20134.45,16,ELM-LIGHT,ELM Light Claro,Paneles interiores
2026-03-02,30.0,151008.4,16,ELM-LIGHT,ELM Light Claro,Paneles interiores
2026-03-09,17.0,85571.43,16,ELM-LIGHT,ELM Light Claro,Paneles interiores
2026-03-16,0.0,0.0,16,ELM-LIGHT,ELM Light Claro,Paneles interiores
2026-03-23,4.0,20134.45,16,ELM-LIGHT,ELM Light Claro,Paneles interiores
2026-03-30,31.0,156042.01,16,ELM-LIGHT,ELM Light Claro,Paneles interiores
2026-04-06,73.0,367453.78,16,ELM-LIGHT,ELM Light Claro,Paneles interiores
2026-04-13,43.0,216445.38,16,ELM-LIGHT,ELM Light Claro,Paneles interiores
2026-04-20,58.0,291949.58,16,ELM-LIGHT,ELM Light Claro,Paneles interiores
2026-04-27,0.0,0.0,16,ELM-LIGHT,ELM Light Claro,Paneles interiores
2026-05-04,49.0,246647.05,16,ELM-LIGHT,ELM Light Claro,Paneles interiores
2026-05-11,0.0,0.0,16,ELM-LIGHT,ELM Light Claro,Paneles interiores
2026-05-18,95.0,478193.27,16,ELM-LIGHT,ELM Light Claro,Paneles interiores
2026-05-25,108.0,543630.26,16,ELM-LIGHT,ELM Light Claro,Paneles interiores
2026-06-01,26.0,130873.95,16,ELM-LIGHT,ELM Light Claro,Paneles interiores
2026-06-08,0.0,0.0,16,ELM-LIGHT,ELM Light Claro,Paneles interiores
2026-06-15,0.0,0.0,16,ELM-LIGHT,ELM Light Claro,Paneles interiores
2026-06-22,0.0,0.0,16,ELM-LIGHT,ELM Light Claro,Paneles interiores
2026-06-29,0.0,0.0,16,ELM-LIGHT,ELM Light Claro,Paneles interiores
2026-07-06,0.0,0.0,16,ELM-LIGHT,ELM Light Claro,Paneles interiores
2024-05-27,76.0,382554.63,17,ELM-GREY,ELM Grey,Paneles interiores
2024-06-03,21.0,105705.88,17,ELM-GREY,ELM Grey,Paneles interiores
2024-06-10,32.0,161075.63,17,ELM-GREY,ELM Grey,Paneles interiores
2024-06-17,25.0,125840.32999999999,17,ELM-GREY,ELM Grey,Paneles interiores
2024-06-24,17.0,85571.43,17,ELM-GREY,ELM Grey,Paneles interiores
2024-07-01,14.0,70470.59,17,ELM-GREY,ELM Grey,Paneles interiores
2024-07-08,0.0,0.0,17,ELM-GREY,ELM Grey,Paneles interiores
2024-07-15,67.0,337252.10000000003,17,ELM-GREY,ELM Grey,Paneles interiores
2024-07-22,2.0,10067.23,17,ELM-GREY,ELM Grey,Paneles interiores
2024-07-29,0.0,0.0,17,ELM-GREY,ELM Grey,Paneles interiores
2024-08-05,46.0,231546.22,17,ELM-GREY,ELM Grey,Paneles interiores
2024-08-12,14.0,70470.59,17,ELM-GREY,ELM Grey,Paneles interiores
2024-08-19,57.0,286915.97,17,ELM-GREY,ELM Grey,Paneles interiores
2024-08-26,0.0,0.0,17,ELM-GREY,ELM Grey,Paneles interiores
2024-09-02,14.0,70470.59,17,ELM-GREY,ELM Grey,Paneles interiores
2024-09-09,0.0,0.0,17,ELM-GREY,ELM Grey,Paneles interiores
2024-09-16,0.0,0.0,17,ELM-GREY,ELM Grey,Paneles interiores
2024-09-23,18.0,90605.04,17,ELM-GREY,ELM Grey,Paneles interiores
2024-09-30,21.0,105705.88,17,ELM-GREY,ELM Grey,Paneles interiores
2024-10-07,10.0,50336.13,17,ELM-GREY,ELM Grey,Paneles interiores
2024-10-14,0.0,0.0,17,ELM-GREY,ELM Grey,Paneles interiores
2024-10-21,15.0,75504.2,17,ELM-GREY,ELM Grey,Paneles interiores
2024-10-28,33.0,166109.25,17,ELM-GREY,ELM Grey,Paneles interiores
2024-11-04,24.0,120806.72,17,ELM-GREY,ELM Grey,Paneles interiores
2024-11-11,0.0,0.0,17,ELM-GREY,ELM Grey,Paneles interiores
2024-11-18,0.0,0.0,17,ELM-GREY,ELM Grey,Paneles interiores
2024-11-25,31.0,156042.02,17,ELM-GREY,ELM Grey,Paneles interiores
2024-12-02,46.0,231546.21999999997,17,ELM-GREY,ELM Grey,Paneles interiores
2024-12-09,0.0,0.0,17,ELM-GREY,ELM Grey,Paneles interiores
2024-12-16,4.0,20134.45,17,ELM-GREY,ELM Grey,Paneles interiores
2024-12-23,42.0,211411.76,17,ELM-GREY,ELM Grey,Paneles interiores
2024-12-30,1.0,5033.61,17,ELM-GREY,ELM Grey,Paneles interiores
2025-01-06,0.0,0.0,17,ELM-GREY,ELM Grey,Paneles interiores
2025-01-13,50.0,251680.66999999998,17,ELM-GREY,ELM Grey,Paneles interiores
2025-01-20,74.0,372487.4,17,ELM-GREY,ELM Grey,Paneles interiores
2025-01-27,0.0,0.0,17,ELM-GREY,ELM Grey,Paneles interiores
2025-02-03,2.0,10067.23,17,ELM-GREY,ELM Grey,Paneles interiores
2025-02-10,60.0,302016.81,17,ELM-GREY,ELM Grey,Paneles interiores
2025-02-17,0.0,0.0,17,ELM-GREY,ELM Grey,Paneles interiores
2025-02-24,14.0,70470.59,17,ELM-GREY,ELM Grey,Paneles interiores
2025-03-03,1.0,5033.61,17,ELM-GREY,ELM Grey,Paneles interiores
2025-03-10,2.0,10067.23,17,ELM-GREY,ELM Grey,Paneles interiores
2025-03-17,6.0,30201.68,17,ELM-GREY,ELM Grey,Paneles interiores
2025-03-24,6.0,30201.68,17,ELM-GREY,ELM Grey,Paneles interiores
2025-03-31,59.0,296983.19,17,ELM-GREY,ELM Grey,Paneles interiores
2025-04-07,1.0,5033.61,17,ELM-GREY,ELM Grey,Paneles interiores
2025-04-14,0.0,0.0,17,ELM-GREY,ELM Grey,Paneles interiores
2025-04-21,3.0,15100.84,17,ELM-GREY,ELM Grey,Paneles interiores
2025-04-28,8.0,40268.91,17,ELM-GREY,ELM Grey,Paneles interiores
2025-05-05,0.0,0.0,17,ELM-GREY,ELM Grey,Paneles interiores
2025-05-12,0.0,0.0,17,ELM-GREY,ELM Grey,Paneles interiores
2025-05-19,0.0,0.0,17,ELM-GREY,ELM Grey,Paneles interiores
2025-05-26,3.0,15100.84,17,ELM-GREY,ELM Grey,Paneles interiores
2025-06-02,0.0,0.0,17,ELM-GREY,ELM Grey,Paneles interiores
2025-06-09,16.0,80537.82,17,ELM-GREY,ELM Grey,Paneles interiores
2025-06-16,11.0,55369.75,17,ELM-GREY,ELM Grey,Paneles interiores
2025-06-23,0.0,0.0,17,ELM-GREY,ELM Grey,Paneles interiores
2025-06-30,0.0,0.0,17,ELM-GREY,ELM Grey,Paneles interiores
2025-07-07,0.0,0.0,17,ELM-GREY,ELM Grey,Paneles interiores
2025-07-14,13.0,65436.97,17,ELM-GREY,ELM Grey,Paneles interiores
2025-07-21,0.0,0.0,17,ELM-GREY,ELM Grey,Paneles interiores
2025-07-28,0.0,0.0,17,ELM-GREY,ELM Grey,Paneles interiores
2025-08-04,6.0,30201.68,17,ELM-GREY,ELM Grey,Paneles interiores
2025-08-11,0.0,0.0,17,ELM-GREY,ELM Grey,Paneles interiores
2025-08-18,0.0,0.0,17,ELM-GREY,ELM Grey,Paneles interiores
2025-08-25,0.0,0.0,17,ELM-GREY,ELM Grey,Paneles interiores
2025-09-01,21.0,105705.88,17,ELM-GREY,ELM Grey,Paneles interiores
2025-09-08,17.0,85571.43,17,ELM-GREY,ELM Grey,Paneles interiores
2025-09-15,4.0,20134.45,17,ELM-GREY,ELM Grey,Paneles interiores
2025-09-22,0.0,0.0,17,ELM-GREY,ELM Grey,Paneles interiores
2025-09-29,0.0,0.0,17,ELM-GREY,ELM Grey,Paneles interiores
2025-10-06,0.0,0.0,17,ELM-GREY,ELM Grey,Paneles interiores
2025-10-13,6.0,30201.68,17,ELM-GREY,ELM Grey,Paneles interiores
2025-10-20,0.0,0.0,17,ELM-GREY,ELM Grey,Paneles interiores
2025-10-27,0.0,0.0,17,ELM-GREY,ELM Grey,Paneles interiores
2025-11-03,45.0,226512.61,17,ELM-GREY,ELM Grey,Paneles interiores
2025-11-10,0.0,0.0,17,ELM-GREY,ELM Grey,Paneles interiores
2025-11-17,5.0,25168.07,17,ELM-GREY,ELM Grey,Paneles interiores
2025-11-24,6.0,30201.68,17,ELM-GREY,ELM Grey,Paneles interiores
2025-12-01,0.0,0.0,17,ELM-GREY,ELM Grey,Paneles interiores
2025-12-08,40.0,201344.53999999998,17,ELM-GREY,ELM Grey,Paneles interiores
2025-12-15,4.0,20134.46,17,ELM-GREY,ELM Grey,Paneles interiores
2025-12-22,0.0,0.0,17,ELM-GREY,ELM Grey,Paneles interiores
2025-12-29,0.0,0.0,17,ELM-GREY,ELM Grey,Paneles interiores
2026-01-05,0.0,0.0,17,ELM-GREY,ELM Grey,Paneles interiores
2026-01-12,0.0,0.0,17,ELM-GREY,ELM Grey,Paneles interiores
2026-01-19,0.0,0.0,17,ELM-GREY,ELM Grey,Paneles interiores
2026-01-26,0.0,0.0,17,ELM-GREY,ELM Grey,Paneles interiores
2026-02-02,0.0,0.0,17,ELM-GREY,ELM Grey,Paneles interiores
2026-02-09,10.0,50336.130000000005,17,ELM-GREY,ELM Grey,Paneles interiores
2026-02-16,0.0,0.0,17,ELM-GREY,ELM Grey,Paneles interiores
2026-02-23,0.0,0.0,17,ELM-GREY,ELM Grey,Paneles interiores
2026-03-02,13.0,65436.97,17,ELM-GREY,ELM Grey,Paneles interiores
2026-03-09,0.0,0.0,17,ELM-GREY,ELM Grey,Paneles interiores
2026-03-16,4.0,20134.45,17,ELM-GREY,ELM Grey,Paneles interiores
2026-03-23,0.0,0.0,17,ELM-GREY,ELM Grey,Paneles interiores
2026-03-30,1.0,5033.61,17,ELM-GREY,ELM Grey,Paneles interiores
2026-04-06,0.0,0.0,17,ELM-GREY,ELM Grey,Paneles interiores
2026-04-13,0.0,0.0,17,ELM-GREY,ELM Grey,Paneles interiores
2026-04-20,0.0,0.0,17,ELM-GREY,ELM Grey,Paneles interiores
2026-04-27,14.0,70470.59,17,ELM-GREY,ELM Grey,Paneles interiores
2026-05-04,26.0,130873.95,17,ELM-GREY,ELM Grey,Paneles interiores
2026-05-11,1.0,5033.61,17,ELM-GREY,ELM Grey,Paneles interiores
2026-05-18,0.0,0.0,17,ELM-GREY,ELM Grey,Paneles interiores
2026-05-25,0.0,0.0,17,ELM-GREY,ELM Grey,Paneles interiores
2026-06-01,0.0,0.0,17,ELM-GREY,ELM Grey,Paneles interiores
2026-06-08,0.0,0.0,17,ELM-GREY,ELM Grey,Paneles interiores
2026-06-15,0.0,0.0,17,ELM-GREY,ELM Grey,Paneles interiores
2026-06-22,0.0,0.0,17,ELM-GREY,ELM Grey,Paneles interiores
2026-06-29,0.0,0.0,17,ELM-GREY,ELM Grey,Paneles interiores
2026-07-06,0.0,0.0,17,ELM-GREY,ELM Grey,Paneles interiores
2024-12-23,30.0,151008.4,18,ELM-AGED,ELM AGED,Paneles interiores
2024-12-30,2.0,10067.23,18,ELM-AGED,ELM AGED,Paneles interiores
2025-01-06,32.0,161075.63,18,ELM-AGED,ELM AGED,Paneles interiores
2025-01-13,113.0,568798.3200000001,18,ELM-AGED,ELM AGED,Paneles interiores
2025-01-20,103.0,518462.18,18,ELM-AGED,ELM AGED,Paneles interiores
2025-01-27,2.0,10067.23,18,ELM-AGED,ELM AGED,Paneles interiores
2025-02-03,19.0,95638.66,18,ELM-AGED,ELM AGED,Paneles interiores
2025-02-10,52.0,261747.9,18,ELM-AGED,ELM AGED,Paneles interiores
2025-02-17,148.0,744974.8,18,ELM-AGED,ELM AGED,Paneles interiores
2025-02-24,169.0,850680.6799999999,18,ELM-AGED,ELM AGED,Paneles interiores
2025-03-03,3.0,15100.84,18,ELM-AGED,ELM AGED,Paneles interiores
2025-03-10,9.0,45302.520000000004,18,ELM-AGED,ELM AGED,Paneles interiores
2025-03-17,8.0,40268.91,18,ELM-AGED,ELM AGED,Paneles interiores
2025-03-24,38.0,191277.31,18,ELM-AGED,ELM AGED,Paneles interiores
2025-03-31,106.0,533563.02,18,ELM-AGED,ELM AGED,Paneles interiores
2025-04-07,22.0,110739.48999999999,18,ELM-AGED,ELM AGED,Paneles interiores
2025-04-14,6.0,30201.68,18,ELM-AGED,ELM AGED,Paneles interiores
2025-04-21,6.0,30201.68,18,ELM-AGED,ELM AGED,Paneles interiores
2025-04-28,0.0,0.0,18,ELM-AGED,ELM AGED,Paneles interiores
2025-05-05,0.0,0.0,18,ELM-AGED,ELM AGED,Paneles interiores
2025-05-12,0.0,0.0,18,ELM-AGED,ELM AGED,Paneles interiores
2025-05-19,0.0,0.0,18,ELM-AGED,ELM AGED,Paneles interiores
2025-05-26,0.0,0.0,18,ELM-AGED,ELM AGED,Paneles interiores
2025-06-02,140.0,704705.88,18,ELM-AGED,ELM AGED,Paneles interiores
2025-06-09,0.0,0.0,18,ELM-AGED,ELM AGED,Paneles interiores
2025-06-16,0.0,0.0,18,ELM-AGED,ELM AGED,Paneles interiores
2025-06-23,0.0,0.0,18,ELM-AGED,ELM AGED,Paneles interiores
2025-06-30,0.0,0.0,18,ELM-AGED,ELM AGED,Paneles interiores
2025-07-07,32.0,161075.63,18,ELM-AGED,ELM AGED,Paneles interiores
2025-07-14,0.0,0.0,18,ELM-AGED,ELM AGED,Paneles interiores
2025-07-21,30.0,151008.4,18,ELM-AGED,ELM AGED,Paneles interiores
2025-07-28,0.0,0.0,18,ELM-AGED,ELM AGED,Paneles interiores
2025-08-04,1.0,5033.61,18,ELM-AGED,ELM AGED,Paneles interiores
2025-08-11,96.0,483226.89,18,ELM-AGED,ELM AGED,Paneles interiores
2025-08-18,139.0,699672.2600000001,18,ELM-AGED,ELM AGED,Paneles interiores
2025-08-25,48.0,241613.44,18,ELM-AGED,ELM AGED,Paneles interiores
2025-09-01,102.0,513428.57,18,ELM-AGED,ELM AGED,Paneles interiores
2025-09-08,24.0,120806.72,18,ELM-AGED,ELM AGED,Paneles interiores
2025-09-15,28.0,140941.18,18,ELM-AGED,ELM AGED,Paneles interiores
2025-09-22,42.0,211411.76,18,ELM-AGED,ELM AGED,Paneles interiores
2025-09-29,41.0,206378.15,18,ELM-AGED,ELM AGED,Paneles interiores
2025-10-06,0.0,0.0,18,ELM-AGED,ELM AGED,Paneles interiores
2025-10-13,32.0,161075.63,18,ELM-AGED,ELM AGED,Paneles interiores
2025-10-20,41.0,206378.15,18,ELM-AGED,ELM AGED,Paneles interiores
2025-10-27,117.0,588932.76,18,ELM-AGED,ELM AGED,Paneles interiores
2025-11-03,25.0,125840.34,18,ELM-AGED,ELM AGED,Paneles interiores
2025-11-10,19.0,95638.66,18,ELM-AGED,ELM AGED,Paneles interiores
2025-11-17,0.0,0.0,18,ELM-AGED,ELM AGED,Paneles interiores
2025-11-24,21.0,105705.89,18,ELM-AGED,ELM AGED,Paneles interiores
2025-12-01,0.0,0.0,18,ELM-AGED,ELM AGED,Paneles interiores
2025-12-08,42.0,211411.77000000002,18,ELM-AGED,ELM AGED,Paneles interiores
2025-12-15,73.0,367453.79000000004,18,ELM-AGED,ELM AGED,Paneles interiores
2025-12-22,46.0,231546.22,18,ELM-AGED,ELM AGED,Paneles interiores
2025-12-29,5.0,25168.07,18,ELM-AGED,ELM AGED,Paneles interiores
2026-01-05,17.0,85571.43,18,ELM-AGED,ELM AGED,Paneles interiores
2026-01-12,95.0,478193.28,18,ELM-AGED,ELM AGED,Paneles interiores
2026-01-19,28.0,140941.18,18,ELM-AGED,ELM AGED,Paneles interiores
2026-01-26,0.0,0.0,18,ELM-AGED,ELM AGED,Paneles interiores
2026-02-02,22.0,110739.48999999999,18,ELM-AGED,ELM AGED,Paneles interiores
2026-02-09,14.0,70470.59,18,ELM-AGED,ELM AGED,Paneles interiores
2026-02-16,31.0,156042.01,18,ELM-AGED,ELM AGED,Paneles interiores
2026-02-23,24.0,120806.73000000001,18,ELM-AGED,ELM AGED,Paneles interiores
2026-03-02,47.0,236579.83000000002,18,ELM-AGED,ELM AGED,Paneles interiores
2026-03-09,14.0,70470.59,18,ELM-AGED,ELM AGED,Paneles interiores
2026-03-16,7.0,35235.29,18,ELM-AGED,ELM AGED,Paneles interiores
2026-03-23,36.0,181210.09,18,ELM-AGED,ELM AGED,Paneles interiores
2026-03-30,0.0,0.0,18,ELM-AGED,ELM AGED,Paneles interiores
2026-04-06,102.0,513428.57,18,ELM-AGED,ELM AGED,Paneles interiores
2026-04-13,59.0,296983.19,18,ELM-AGED,ELM AGED,Paneles interiores
2026-04-20,15.0,75504.2,18,ELM-AGED,ELM AGED,Paneles interiores
2026-04-27,14.0,70470.59,18,ELM-AGED,ELM AGED,Paneles interiores
2026-05-04,18.0,90605.04,18,ELM-AGED,ELM AGED,Paneles interiores
2026-05-11,0.0,0.0,18,ELM-AGED,ELM AGED,Paneles interiores
2026-05-18,13.0,65436.97,18,ELM-AGED,ELM AGED,Paneles interiores
2026-05-25,3.0,15100.84,18,ELM-AGED,ELM AGED,Paneles interiores
2026-06-01,25.0,125840.34,18,ELM-AGED,ELM AGED,Paneles interiores
2026-06-08,0.0,0.0,18,ELM-AGED,ELM AGED,Paneles interiores
2026-06-15,0.0,0.0,18,ELM-AGED,ELM AGED,Paneles interiores
2026-06-22,0.0,0.0,18,ELM-AGED,ELM AGED,Paneles interiores
2026-06-29,0.0,0.0,18,ELM-AGED,ELM AGED,Paneles interiores
2026-07-06,0.0,0.0,18,ELM-AGED,ELM AGED,Paneles interiores
2025-07-21,38.0,191277.31,19,ELM-BLACK,ELM Black,Paneles interiores
2025-07-28,0.0,0.0,19,ELM-BLACK,ELM Black,Paneles interiores
2025-08-04,0.0,0.0,19,ELM-BLACK,ELM Black,Paneles interiores
2025-08-11,14.0,70470.59,19,ELM-BLACK,ELM Black,Paneles interiores
2025-08-18,9.0,45302.52,19,ELM-BLACK,ELM Black,Paneles interiores
2025-08-25,0.0,0.0,19,ELM-BLACK,ELM Black,Paneles interiores
2025-09-01,40.0,201344.54,19,ELM-BLACK,ELM Black,Paneles interiores
2025-09-08,0.0,0.0,19,ELM-BLACK,ELM Black,Paneles interiores
2025-09-15,0.0,0.0,19,ELM-BLACK,ELM Black,Paneles interiores
2025-09-22,0.0,0.0,19,ELM-BLACK,ELM Black,Paneles interiores
2025-09-29,19.0,95638.66,19,ELM-BLACK,ELM Black,Paneles interiores
2025-10-06,0.0,0.0,19,ELM-BLACK,ELM Black,Paneles interiores
2025-10-13,4.0,20134.45,19,ELM-BLACK,ELM Black,Paneles interiores
2025-10-20,0.0,0.0,19,ELM-BLACK,ELM Black,Paneles interiores
2025-10-27,0.0,0.0,19,ELM-BLACK,ELM Black,Paneles interiores
2025-11-03,0.0,0.0,19,ELM-BLACK,ELM Black,Paneles interiores
2025-11-10,0.0,0.0,19,ELM-BLACK,ELM Black,Paneles interiores
2025-11-17,0.0,0.0,19,ELM-BLACK,ELM Black,Paneles interiores
2025-11-24,0.0,0.0,19,ELM-BLACK,ELM Black,Paneles interiores
2025-12-01,0.0,0.0,19,ELM-BLACK,ELM Black,Paneles interiores
2025-12-08,18.0,90605.04000000001,19,ELM-BLACK,ELM Black,Paneles interiores
2025-12-15,0.0,0.0,19,ELM-BLACK,ELM Black,Paneles interiores
2025-12-22,0.0,0.0,19,ELM-BLACK,ELM Black,Paneles interiores
2025-12-29,0.0,0.0,19,ELM-BLACK,ELM Black,Paneles interiores
2026-01-05,0.0,0.0,19,ELM-BLACK,ELM Black,Paneles interiores
2026-01-12,8.0,40268.91,19,ELM-BLACK,ELM Black,Paneles interiores
2026-01-19,13.0,65436.97,19,ELM-BLACK,ELM Black,Paneles interiores
2026-01-26,0.0,0.0,19,ELM-BLACK,ELM Black,Paneles interiores
2026-02-02,0.0,0.0,19,ELM-BLACK,ELM Black,Paneles interiores
2026-02-09,0.0,0.0,19,ELM-BLACK,ELM Black,Paneles interiores
2026-02-16,0.0,0.0,19,ELM-BLACK,ELM Black,Paneles interiores
2026-02-23,0.0,0.0,19,ELM-BLACK,ELM Black,Paneles interiores
2026-03-02,0.0,0.0,19,ELM-BLACK,ELM Black,Paneles interiores
2026-03-09,0.0,0.0,19,ELM-BLACK,ELM Black,Paneles interiores
2026-03-16,3.0,15100.84,19,ELM-BLACK,ELM Black,Paneles interiores
2026-03-23,0.0,0.0,19,ELM-BLACK,ELM Black,Paneles interiores
2026-03-30,5.0,25168.07,19,ELM-BLACK,ELM Black,Paneles interiores
2026-04-06,32.0,161075.63,19,ELM-BLACK,ELM Black,Paneles interiores
2026-04-13,0.0,0.0,19,ELM-BLACK,ELM Black,Paneles interiores
2026-04-20,6.0,30201.68,19,ELM-BLACK,ELM Black,Paneles interiores
2026-04-27,4.0,20134.45,19,ELM-BLACK,ELM Black,Paneles interiores
2026-05-04,5.0,25168.07,19,ELM-BLACK,ELM Black,Paneles interiores
2026-05-11,9.0,45302.520000000004,19,ELM-BLACK,ELM Black,Paneles interiores
2026-05-18,8.0,40268.91,19,ELM-BLACK,ELM Black,Paneles interiores
2026-05-25,0.0,0.0,19,ELM-BLACK,ELM Black,Paneles interiores
2026-06-01,0.0,0.0,19,ELM-BLACK,ELM Black,Paneles interiores
2026-06-08,0.0,0.0,19,ELM-BLACK,ELM Black,Paneles interiores
2026-06-15,0.0,0.0,19,ELM-BLACK,ELM Black,Paneles interiores
2026-06-22,0.0,0.0,19,ELM-BLACK,ELM Black,Paneles interiores
2026-06-29,0.0,0.0,19,ELM-BLACK,ELM Black,Paneles interiores
2026-07-06,0.0,0.0,19,ELM-BLACK,ELM Black,Paneles interiores
2023-12-25,1.0,5033.61,20,T111-TEAK,T1-11 Teak,Paneles interiores
2024-01-01,205.0,1031890.76,20,T111-TEAK,T1-11 Teak,Paneles interiores
2024-01-08,117.0,588932.78,20,T111-TEAK,T1-11 Teak,Paneles interiores
2024-01-15,8.0,40268.91,20,T111-TEAK,T1-11 Teak,Paneles interiores
2024-01-22,0.0,0.0,20,T111-TEAK,T1-11 Teak,Paneles interiores
2024-01-29,244.0,1228201.68,20,T111-TEAK,T1-11 Teak,Paneles interiores
2024-02-05,138.0,694638.6599999999,20,T111-TEAK,T1-11 Teak,Paneles interiores
2024-02-12,6.0,30201.68,20,T111-TEAK,T1-11 Teak,Paneles interiores
2024-02-19,0.0,0.0,20,T111-TEAK,T1-11 Teak,Paneles interiores
2024-02-26,60.0,302016.81,20,T111-TEAK,T1-11 Teak,Paneles interiores
2024-03-04,0.0,0.0,20,T111-TEAK,T1-11 Teak,Paneles interiores
2024-03-11,87.0,437924.37,20,T111-TEAK,T1-11 Teak,Paneles interiores
2024-03-18,5.0,25168.07,20,T111-TEAK,T1-11 Teak,Paneles interiores
2024-03-25,20.0,100672.27,20,T111-TEAK,T1-11 Teak,Paneles interiores
2024-04-01,185.0,931218.5,20,T111-TEAK,T1-11 Teak,Paneles interiores
2024-04-08,0.0,0.0,20,T111-TEAK,T1-11 Teak,Paneles interiores
2024-04-15,0.0,0.0,20,T111-TEAK,T1-11 Teak,Paneles interiores
2024-04-22,34.0,171142.85,20,T111-TEAK,T1-11 Teak,Paneles interiores
2024-04-29,0.0,0.0,20,T111-TEAK,T1-11 Teak,Paneles interiores
2024-05-06,0.0,0.0,20,T111-TEAK,T1-11 Teak,Paneles interiores
2024-05-13,0.0,0.0,20,T111-TEAK,T1-11 Teak,Paneles interiores
2024-05-20,0.0,0.0,20,T111-TEAK,T1-11 Teak,Paneles interiores
2024-05-27,26.0,130873.95000000001,20,T111-TEAK,T1-11 Teak,Paneles interiores
2024-06-03,0.0,0.0,20,T111-TEAK,T1-11 Teak,Paneles interiores
2024-06-10,13.0,65436.97,20,T111-TEAK,T1-11 Teak,Paneles interiores
2024-06-17,2.0,10067.23,20,T111-TEAK,T1-11 Teak,Paneles interiores
2024-06-24,0.0,0.0,20,T111-TEAK,T1-11 Teak,Paneles interiores
2024-07-01,16.0,80537.82,20,T111-TEAK,T1-11 Teak,Paneles interiores
2024-07-08,2.0,10067.23,20,T111-TEAK,T1-11 Teak,Paneles interiores
2024-07-15,5.0,25168.07,20,T111-TEAK,T1-11 Teak,Paneles interiores
2024-07-22,0.0,0.0,20,T111-TEAK,T1-11 Teak,Paneles interiores
2024-07-29,25.0,125840.34,20,T111-TEAK,T1-11 Teak,Paneles interiores
2024-08-05,0.0,0.0,20,T111-TEAK,T1-11 Teak,Paneles interiores
2024-08-12,0.0,0.0,20,T111-TEAK,T1-11 Teak,Paneles interiores
2024-08-19,0.0,0.0,20,T111-TEAK,T1-11 Teak,Paneles interiores
2024-08-26,0.0,0.0,20,T111-TEAK,T1-11 Teak,Paneles interiores
2024-09-02,0.0,0.0,20,T111-TEAK,T1-11 Teak,Paneles interiores
2024-09-09,0.0,0.0,20,T111-TEAK,T1-11 Teak,Paneles interiores
2024-09-16,0.0,0.0,20,T111-TEAK,T1-11 Teak,Paneles interiores
2024-09-23,0.0,0.0,20,T111-TEAK,T1-11 Teak,Paneles interiores
2024-09-30,0.0,0.0,20,T111-TEAK,T1-11 Teak,Paneles interiores
2024-10-07,0.0,0.0,20,T111-TEAK,T1-11 Teak,Paneles interiores
2024-10-14,0.0,0.0,20,T111-TEAK,T1-11 Teak,Paneles interiores
2024-10-21,0.0,0.0,20,T111-TEAK,T1-11 Teak,Paneles interiores
2024-10-28,0.0,0.0,20,T111-TEAK,T1-11 Teak,Paneles interiores
2024-11-04,6.0,30201.68,20,T111-TEAK,T1-11 Teak,Paneles interiores
2024-11-11,31.0,156042.02,20,T111-TEAK,T1-11 Teak,Paneles interiores
2024-11-18,6.0,30201.68,20,T111-TEAK,T1-11 Teak,Paneles interiores
2024-11-25,0.0,0.0,20,T111-TEAK,T1-11 Teak,Paneles interiores
2024-12-02,0.0,0.0,20,T111-TEAK,T1-11 Teak,Paneles interiores
2024-12-09,35.0,176176.47,20,T111-TEAK,T1-11 Teak,Paneles interiores
2024-12-16,0.0,0.0,20,T111-TEAK,T1-11 Teak,Paneles interiores
2024-12-23,0.0,0.0,20,T111-TEAK,T1-11 Teak,Paneles interiores
2024-12-30,0.0,0.0,20,T111-TEAK,T1-11 Teak,Paneles interiores
2025-01-06,0.0,0.0,20,T111-TEAK,T1-11 Teak,Paneles interiores
2025-01-13,18.0,90605.04,20,T111-TEAK,T1-11 Teak,Paneles interiores
2025-01-20,0.0,0.0,20,T111-TEAK,T1-11 Teak,Paneles interiores
2025-01-27,73.0,367453.78,20,T111-TEAK,T1-11 Teak,Paneles interiores
2025-02-03,9.0,45302.52,20,T111-TEAK,T1-11 Teak,Paneles interiores
2025-02-10,0.0,0.0,20,T111-TEAK,T1-11 Teak,Paneles interiores
2025-02-17,0.0,0.0,20,T111-TEAK,T1-11 Teak,Paneles interiores
2025-02-24,0.0,0.0,20,T111-TEAK,T1-11 Teak,Paneles interiores
2025-03-03,0.0,0.0,20,T111-TEAK,T1-11 Teak,Paneles interiores
2025-03-10,0.0,0.0,20,T111-TEAK,T1-11 Teak,Paneles interiores
2025-03-17,0.0,0.0,20,T111-TEAK,T1-11 Teak,Paneles interiores
2025-03-24,0.0,0.0,20,T111-TEAK,T1-11 Teak,Paneles interiores
2025-03-31,0.0,0.0,20,T111-TEAK,T1-11 Teak,Paneles interiores
2025-04-07,0.0,0.0,20,T111-TEAK,T1-11 Teak,Paneles interiores
2025-04-14,0.0,0.0,20,T111-TEAK,T1-11 Teak,Paneles interiores
2025-04-21,0.0,0.0,20,T111-TEAK,T1-11 Teak,Paneles interiores
2025-04-28,0.0,0.0,20,T111-TEAK,T1-11 Teak,Paneles interiores
2025-05-05,15.0,75504.2,20,T111-TEAK,T1-11 Teak,Paneles interiores
2025-05-12,12.0,60403.36,20,T111-TEAK,T1-11 Teak,Paneles interiores
2025-05-19,0.0,0.0,20,T111-TEAK,T1-11 Teak,Paneles interiores
2025-05-26,0.0,0.0,20,T111-TEAK,T1-11 Teak,Paneles interiores
2025-06-02,0.0,0.0,20,T111-TEAK,T1-11 Teak,Paneles interiores
2025-06-09,0.0,0.0,20,T111-TEAK,T1-11 Teak,Paneles interiores
2025-06-16,0.0,0.0,20,T111-TEAK,T1-11 Teak,Paneles interiores
2025-06-23,0.0,0.0,20,T111-TEAK,T1-11 Teak,Paneles interiores
2025-06-30,0.0,0.0,20,T111-TEAK,T1-11 Teak,Paneles interiores
2025-07-07,0.0,0.0,20,T111-TEAK,T1-11 Teak,Paneles interiores
2025-07-14,0.0,0.0,20,T111-TEAK,T1-11 Teak,Paneles interiores
2025-07-21,0.0,0.0,20,T111-TEAK,T1-11 Teak,Paneles interiores
2025-07-28,0.0,0.0,20,T111-TEAK,T1-11 Teak,Paneles interiores
2025-08-04,0.0,0.0,20,T111-TEAK,T1-11 Teak,Paneles interiores
2025-08-11,0.0,0.0,20,T111-TEAK,T1-11 Teak,Paneles interiores
2025-08-18,0.0,0.0,20,T111-TEAK,T1-11 Teak,Paneles interiores
2025-08-25,0.0,0.0,20,T111-TEAK,T1-11 Teak,Paneles interiores
2025-09-01,0.0,0.0,20,T111-TEAK,T1-11 Teak,Paneles interiores
2025-09-08,0.0,0.0,20,T111-TEAK,T1-11 Teak,Paneles interiores
2025-09-15,0.0,0.0,20,T111-TEAK,T1-11 Teak,Paneles interiores
2025-09-22,0.0,0.0,20,T111-TEAK,T1-11 Teak,Paneles interiores
2025-09-29,0.0,0.0,20,T111-TEAK,T1-11 Teak,Paneles interiores
2025-10-06,0.0,0.0,20,T111-TEAK,T1-11 Teak,Paneles interiores
2025-10-13,0.0,0.0,20,T111-TEAK,T1-11 Teak,Paneles interiores
2025-10-20,0.0,0.0,20,T111-TEAK,T1-11 Teak,Paneles interiores
2025-10-27,0.0,0.0,20,T111-TEAK,T1-11 Teak,Paneles interiores
2025-11-03,0.0,0.0,20,T111-TEAK,T1-11 Teak,Paneles interiores
2025-11-10,0.0,0.0,20,T111-TEAK,T1-11 Teak,Paneles interiores
2025-11-17,0.0,0.0,20,T111-TEAK,T1-11 Teak,Paneles interiores
2025-11-24,0.0,0.0,20,T111-TEAK,T1-11 Teak,Paneles interiores
2025-12-01,0.0,0.0,20,T111-TEAK,T1-11 Teak,Paneles interiores
2025-12-08,0.0,0.0,20,T111-TEAK,T1-11 Teak,Paneles interiores
2025-12-15,0.0,0.0,20,T111-TEAK,T1-11 Teak,Paneles interiores
2025-12-22,0.0,0.0,20,T111-TEAK,T1-11 Teak,Paneles interiores
2025-12-29,0.0,0.0,20,T111-TEAK,T1-11 Teak,Paneles interiores
2026-01-05,0.0,0.0,20,T111-TEAK,T1-11 Teak,Paneles interiores
2026-01-12,0.0,0.0,20,T111-TEAK,T1-11 Teak,Paneles interiores
2026-01-19,0.0,0.0,20,T111-TEAK,T1-11 Teak,Paneles interiores
2026-01-26,0.0,0.0,20,T111-TEAK,T1-11 Teak,Paneles interiores
2026-02-02,0.0,0.0,20,T111-TEAK,T1-11 Teak,Paneles interiores
2026-02-09,0.0,0.0,20,T111-TEAK,T1-11 Teak,Paneles interiores
2026-02-16,0.0,0.0,20,T111-TEAK,T1-11 Teak,Paneles interiores
2026-02-23,0.0,0.0,20,T111-TEAK,T1-11 Teak,Paneles interiores
2026-03-02,0.0,0.0,20,T111-TEAK,T1-11 Teak,Paneles interiores
2026-03-09,0.0,0.0,20,T111-TEAK,T1-11 Teak,Paneles interiores
2026-03-16,0.0,0.0,20,T111-TEAK,T1-11 Teak,Paneles interiores
2026-03-23,0.0,0.0,20,T111-TEAK,T1-11 Teak,Paneles interiores
2026-03-30,0.0,0.0,20,T111-TEAK,T1-11 Teak,Paneles interiores
2026-04-06,0.0,0.0,20,T111-TEAK,T1-11 Teak,Paneles interiores
2026-04-13,0.0,0.0,20,T111-TEAK,T1-11 Teak,Paneles interiores
2026-04-20,0.0,0.0,20,T111-TEAK,T1-11 Teak,Paneles interiores
2026-04-27,0.0,0.0,20,T111-TEAK,T1-11 Teak,Paneles interiores
2026-05-04,0.0,0.0,20,T111-TEAK,T1-11 Teak,Paneles interiores
2026-05-11,0.0,0.0,20,T111-TEAK,T1-11 Teak,Paneles interiores
2026-05-18,0.0,0.0,20,T111-TEAK,T1-11 Teak,Paneles interiores
2026-05-25,0.0,0.0,20,T111-TEAK,T1-11 Teak,Paneles interiores
2026-06-01,0.0,0.0,20,T111-TEAK,T1-11 Teak,Paneles interiores
2026-06-08,0.0,0.0,20,T111-TEAK,T1-11 Teak,Paneles interiores
2026-06-15,0.0,0.0,20,T111-TEAK,T1-11 Teak,Paneles interiores
2026-06-22,0.0,0.0,20,T111-TEAK,T1-11 Teak,Paneles interiores
2026-06-29,0.0,0.0,20,T111-TEAK,T1-11 Teak,Paneles interiores
2026-07-06,0.0,0.0,20,T111-TEAK,T1-11 Teak,Paneles interiores
2024-05-20,12.0,60403.36,21,T111-CHERRY,T1-11 Cherry,Paneles interiores
2024-05-27,20.0,100672.27,21,T111-CHERRY,T1-11 Cherry,Paneles interiores
2024-06-03,0.0,0.0,21,T111-CHERRY,T1-11 Cherry,Paneles interiores
2024-06-10,17.0,85571.43,21,T111-CHERRY,T1-11 Cherry,Paneles interiores
2024-06-17,130.0,654369.75,21,T111-CHERRY,T1-11 Cherry,Paneles interiores
2024-06-24,0.0,0.0,21,T111-CHERRY,T1-11 Cherry,Paneles interiores
2024-07-01,0.0,0.0,21,T111-CHERRY,T1-11 Cherry,Paneles interiores
2024-07-08,0.0,0.0,21,T111-CHERRY,T1-11 Cherry,Paneles interiores
2024-07-15,100.0,503361.34,21,T111-CHERRY,T1-11 Cherry,Paneles interiores
2024-07-22,65.0,327184.87,21,T111-CHERRY,T1-11 Cherry,Paneles interiores
2024-07-29,0.0,0.0,21,T111-CHERRY,T1-11 Cherry,Paneles interiores
2024-08-05,0.0,0.0,21,T111-CHERRY,T1-11 Cherry,Paneles interiores
2024-08-12,0.0,0.0,21,T111-CHERRY,T1-11 Cherry,Paneles interiores
2024-08-19,0.0,0.0,21,T111-CHERRY,T1-11 Cherry,Paneles interiores
2024-08-26,0.0,0.0,21,T111-CHERRY,T1-11 Cherry,Paneles interiores
2024-09-02,0.0,0.0,21,T111-CHERRY,T1-11 Cherry,Paneles interiores
2024-09-09,0.0,0.0,21,T111-CHERRY,T1-11 Cherry,Paneles interiores
2024-09-16,0.0,0.0,21,T111-CHERRY,T1-11 Cherry,Paneles interiores
2024-09-23,4.0,20134.45,21,T111-CHERRY,T1-11 Cherry,Paneles interiores
2024-09-30,0.0,0.0,21,T111-CHERRY,T1-11 Cherry,Paneles interiores
2024-10-07,10.0,50336.13,21,T111-CHERRY,T1-11 Cherry,Paneles interiores
2024-10-14,16.0,80537.81,21,T111-CHERRY,T1-11 Cherry,Paneles interiores
2024-10-21,0.0,0.0,21,T111-CHERRY,T1-11 Cherry,Paneles interiores
2024-10-28,0.0,0.0,21,T111-CHERRY,T1-11 Cherry,Paneles interiores
2024-11-04,12.0,60403.36,21,T111-CHERRY,T1-11 Cherry,Paneles interiores
2024-11-11,0.0,0.0,21,T111-CHERRY,T1-11 Cherry,Paneles interiores
2024-11-18,0.0,0.0,21,T111-CHERRY,T1-11 Cherry,Paneles interiores
2024-11-25,0.0,0.0,21,T111-CHERRY,T1-11 Cherry,Paneles interiores
2024-12-02,0.0,0.0,21,T111-CHERRY,T1-11 Cherry,Paneles interiores
2024-12-09,0.0,0.0,21,T111-CHERRY,T1-11 Cherry,Paneles interiores
2024-12-16,0.0,0.0,21,T111-CHERRY,T1-11 Cherry,Paneles interiores
2024-12-23,0.0,0.0,21,T111-CHERRY,T1-11 Cherry,Paneles interiores
2024-12-30,0.0,0.0,21,T111-CHERRY,T1-11 Cherry,Paneles interiores
2025-01-06,31.0,156042.02,21,T111-CHERRY,T1-11 Cherry,Paneles interiores
2025-01-13,25.0,125840.34,21,T111-CHERRY,T1-11 Cherry,Paneles interiores
2025-01-20,10.0,50336.14,21,T111-CHERRY,T1-11 Cherry,Paneles interiores
2025-01-27,0.0,0.0,21,T111-CHERRY,T1-11 Cherry,Paneles interiores
2025-02-03,25.0,125840.34,21,T111-CHERRY,T1-11 Cherry,Paneles interiores
2025-02-10,8.0,40268.91,21,T111-CHERRY,T1-11 Cherry,Paneles interiores
2025-02-17,1.0,5033.61,21,T111-CHERRY,T1-11 Cherry,Paneles interiores
2025-02-24,28.0,140941.18,21,T111-CHERRY,T1-11 Cherry,Paneles interiores
2025-03-03,35.0,176176.47,21,T111-CHERRY,T1-11 Cherry,Paneles interiores
2025-03-10,19.0,95638.66,21,T111-CHERRY,T1-11 Cherry,Paneles interiores
2025-03-17,0.0,0.0,21,T111-CHERRY,T1-11 Cherry,Paneles interiores
2025-03-24,20.0,100672.27,21,T111-CHERRY,T1-11 Cherry,Paneles interiores
2025-03-31,24.0,120806.71999999999,21,T111-CHERRY,T1-11 Cherry,Paneles interiores
2025-04-07,96.0,483226.89,21,T111-CHERRY,T1-11 Cherry,Paneles interiores
2025-04-14,0.0,0.0,21,T111-CHERRY,T1-11 Cherry,Paneles interiores
2025-04-21,0.0,0.0,21,T111-CHERRY,T1-11 Cherry,Paneles interiores
2025-04-28,2.0,10067.23,21,T111-CHERRY,T1-11 Cherry,Paneles interiores
2025-05-05,0.0,0.0,21,T111-CHERRY,T1-11 Cherry,Paneles interiores
2025-05-12,0.0,0.0,21,T111-CHERRY,T1-11 Cherry,Paneles interiores
2025-05-19,2.0,10067.23,21,T111-CHERRY,T1-11 Cherry,Paneles interiores
2025-05-26,0.0,0.0,21,T111-CHERRY,T1-11 Cherry,Paneles interiores
2025-06-02,80.0,402689.08,21,T111-CHERRY,T1-11 Cherry,Paneles interiores
2025-06-09,0.0,0.0,21,T111-CHERRY,T1-11 Cherry,Paneles interiores
2025-06-16,0.0,0.0,21,T111-CHERRY,T1-11 Cherry,Paneles interiores
2025-06-23,0.0,0.0,21,T111-CHERRY,T1-11 Cherry,Paneles interiores
2025-06-30,0.0,0.0,21,T111-CHERRY,T1-11 Cherry,Paneles interiores
2025-07-07,0.0,0.0,21,T111-CHERRY,T1-11 Cherry,Paneles interiores
2025-07-14,29.0,145974.79,21,T111-CHERRY,T1-11 Cherry,Paneles interiores
2025-07-21,15.0,75504.2,21,T111-CHERRY,T1-11 Cherry,Paneles interiores
2025-07-28,102.0,513428.57,21,T111-CHERRY,T1-11 Cherry,Paneles interiores
2025-08-04,0.0,0.0,21,T111-CHERRY,T1-11 Cherry,Paneles interiores
2025-08-11,12.0,60403.36,21,T111-CHERRY,T1-11 Cherry,Paneles interiores
2025-08-18,26.0,130873.95,21,T111-CHERRY,T1-11 Cherry,Paneles interiores
2025-08-25,9.0,45302.52,21,T111-CHERRY,T1-11 Cherry,Paneles interiores
2025-09-01,5.0,25168.07,21,T111-CHERRY,T1-11 Cherry,Paneles interiores
2025-09-08,3.0,15100.84,21,T111-CHERRY,T1-11 Cherry,Paneles interiores
2025-09-15,0.0,0.0,21,T111-CHERRY,T1-11 Cherry,Paneles interiores
2025-09-22,46.0,231546.22,21,T111-CHERRY,T1-11 Cherry,Paneles interiores
2025-09-29,148.0,744974.78,21,T111-CHERRY,T1-11 Cherry,Paneles interiores
2025-10-06,90.0,453025.20999999996,21,T111-CHERRY,T1-11 Cherry,Paneles interiores
2025-10-13,26.0,130873.95000000001,21,T111-CHERRY,T1-11 Cherry,Paneles interiores
2025-10-20,123.0,619134.45,21,T111-CHERRY,T1-11 Cherry,Paneles interiores
2025-10-27,134.0,674504.21,21,T111-CHERRY,T1-11 Cherry,Paneles interiores
2025-11-03,0.0,0.0,21,T111-CHERRY,T1-11 Cherry,Paneles interiores
2025-11-10,0.0,0.0,21,T111-CHERRY,T1-11 Cherry,Paneles interiores
2025-11-17,48.0,241613.45,21,T111-CHERRY,T1-11 Cherry,Paneles interiores
2025-11-24,87.0,437924.37999999995,21,T111-CHERRY,T1-11 Cherry,Paneles interiores
2025-12-01,64.0,322151.26,21,T111-CHERRY,T1-11 Cherry,Paneles interiores
2025-12-08,0.0,0.0,21,T111-CHERRY,T1-11 Cherry,Paneles interiores
2025-12-15,118.0,593966.39,21,T111-CHERRY,T1-11 Cherry,Paneles interiores
2025-12-22,101.0,508394.96,21,T111-CHERRY,T1-11 Cherry,Paneles interiores
2025-12-29,0.0,0.0,21,T111-CHERRY,T1-11 Cherry,Paneles interiores
2026-01-05,20.0,100672.27,21,T111-CHERRY,T1-11 Cherry,Paneles interiores
2026-01-12,153.0,770142.86,21,T111-CHERRY,T1-11 Cherry,Paneles interiores
2026-01-19,0.0,0.0,21,T111-CHERRY,T1-11 Cherry,Paneles interiores
2026-01-26,20.0,100672.27,21,T111-CHERRY,T1-11 Cherry,Paneles interiores
2026-02-02,20.0,100672.27,21,T111-CHERRY,T1-11 Cherry,Paneles interiores
2026-02-09,0.0,0.0,21,T111-CHERRY,T1-11 Cherry,Paneles interiores
2026-02-16,2.0,10067.23,21,T111-CHERRY,T1-11 Cherry,Paneles interiores
2026-02-23,0.0,0.0,21,T111-CHERRY,T1-11 Cherry,Paneles interiores
2026-03-02,0.0,0.0,21,T111-CHERRY,T1-11 Cherry,Paneles interiores
2026-03-09,100.0,503361.35000000003,21,T111-CHERRY,T1-11 Cherry,Paneles interiores
2026-03-16,50.0,251680.66999999998,21,T111-CHERRY,T1-11 Cherry,Paneles interiores
2026-03-23,27.0,135907.57,21,T111-CHERRY,T1-11 Cherry,Paneles interiores
2026-03-30,10.0,50336.13,21,T111-CHERRY,T1-11 Cherry,Paneles interiores
2026-04-06,0.0,0.0,21,T111-CHERRY,T1-11 Cherry,Paneles interiores
2026-04-13,0.0,0.0,21,T111-CHERRY,T1-11 Cherry,Paneles interiores
2026-04-20,0.0,0.0,21,T111-CHERRY,T1-11 Cherry,Paneles interiores
2026-04-27,0.0,0.0,21,T111-CHERRY,T1-11 Cherry,Paneles interiores
2026-05-04,0.0,0.0,21,T111-CHERRY,T1-11 Cherry,Paneles interiores
2026-05-11,0.0,0.0,21,T111-CHERRY,T1-11 Cherry,Paneles interiores
2026-05-18,0.0,0.0,21,T111-CHERRY,T1-11 Cherry,Paneles interiores
2026-05-25,0.0,0.0,21,T111-CHERRY,T1-11 Cherry,Paneles interiores
2026-06-01,0.0,0.0,21,T111-CHERRY,T1-11 Cherry,Paneles interiores
2026-06-08,0.0,0.0,21,T111-CHERRY,T1-11 Cherry,Paneles interiores
2026-06-15,0.0,0.0,21,T111-CHERRY,T1-11 Cherry,Paneles interiores
2026-06-22,0.0,0.0,21,T111-CHERRY,T1-11 Cherry,Paneles interiores
2026-06-29,0.0,0.0,21,T111-CHERRY,T1-11 Cherry,Paneles interiores
2026-07-06,0.0,0.0,21,T111-CHERRY,T1-11 Cherry,Paneles interiores
2024-05-20,50.0,251680.67,22,T111-DARK,T1-11 Dark,Paneles interiores
2024-05-27,38.0,191277.31,22,T111-DARK,T1-11 Dark,Paneles interiores
2024-06-03,40.0,201344.54,22,T111-DARK,T1-11 Dark,Paneles interiores
2024-06-10,20.0,100672.27,22,T111-DARK,T1-11 Dark,Paneles interiores
2024-06-17,52.0,261747.9,22,T111-DARK,T1-11 Dark,Paneles interiores
2024-06-24,63.0,317117.65,22,T111-DARK,T1-11 Dark,Paneles interiores
2024-07-01,0.0,0.0,22,T111-DARK,T1-11 Dark,Paneles interiores
2024-07-08,20.0,100672.27,22,T111-DARK,T1-11 Dark,Paneles interiores
2024-07-15,83.0,417789.92,22,T111-DARK,T1-11 Dark,Paneles interiores
2024-07-22,11.0,55369.74,22,T111-DARK,T1-11 Dark,Paneles interiores
2024-07-29,1.0,5033.61,22,T111-DARK,T1-11 Dark,Paneles interiores
2024-08-05,0.0,0.0,22,T111-DARK,T1-11 Dark,Paneles interiores
2024-08-12,0.0,0.0,22,T111-DARK,T1-11 Dark,Paneles interiores
2024-08-19,0.0,0.0,22,T111-DARK,T1-11 Dark,Paneles interiores
2024-08-26,39.0,196310.93,22,T111-DARK,T1-11 Dark,Paneles interiores
2024-09-02,63.0,317117.65,22,T111-DARK,T1-11 Dark,Paneles interiores
2024-09-09,11.0,55369.75,22,T111-DARK,T1-11 Dark,Paneles interiores
2024-09-16,0.0,0.0,22,T111-DARK,T1-11 Dark,Paneles interiores
2024-09-23,0.0,0.0,22,T111-DARK,T1-11 Dark,Paneles interiores
2024-09-30,20.0,100672.27,22,T111-DARK,T1-11 Dark,Paneles interiores
2024-10-07,70.0,352352.94,22,T111-DARK,T1-11 Dark,Paneles interiores
2024-10-14,0.0,0.0,22,T111-DARK,T1-11 Dark,Paneles interiores
2024-10-21,20.0,100672.27,22,T111-DARK,T1-11 Dark,Paneles interiores
2024-10-28,12.0,60403.36,22,T111-DARK,T1-11 Dark,Paneles interiores
2024-11-04,6.0,30201.68,22,T111-DARK,T1-11 Dark,Paneles interiores
2024-11-11,6.0,30201.68,22,T111-DARK,T1-11 Dark,Paneles interiores
2024-11-18,4.0,20134.45,22,T111-DARK,T1-11 Dark,Paneles interiores
2024-11-25,0.0,0.0,22,T111-DARK,T1-11 Dark,Paneles interiores
2024-12-02,8.0,40268.9,22,T111-DARK,T1-11 Dark,Paneles interiores
2024-12-09,42.0,211411.76,22,T111-DARK,T1-11 Dark,Paneles interiores
2024-12-16,20.0,100672.27,22,T111-DARK,T1-11 Dark,Paneles interiores
2024-12-23,11.0,55369.75,22,T111-DARK,T1-11 Dark,Paneles interiores
2024-12-30,8.0,40268.91,22,T111-DARK,T1-11 Dark,Paneles interiores
2025-01-06,0.0,0.0,22,T111-DARK,T1-11 Dark,Paneles interiores
2025-01-13,19.0,95638.65,22,T111-DARK,T1-11 Dark,Paneles interiores
2025-01-20,90.0,453025.21,22,T111-DARK,T1-11 Dark,Paneles interiores
2025-01-27,30.0,151008.4,22,T111-DARK,T1-11 Dark,Paneles interiores
2025-02-03,44.0,221478.99,22,T111-DARK,T1-11 Dark,Paneles interiores
2025-02-10,23.0,115773.1,22,T111-DARK,T1-11 Dark,Paneles interiores
2025-02-17,72.0,362420.18000000005,22,T111-DARK,T1-11 Dark,Paneles interiores
2025-02-24,36.0,181210.09000000003,22,T111-DARK,T1-11 Dark,Paneles interiores
2025-03-03,5.0,25168.07,22,T111-DARK,T1-11 Dark,Paneles interiores
2025-03-10,5.0,25168.07,22,T111-DARK,T1-11 Dark,Paneles interiores
2025-03-17,89.0,447991.6,22,T111-DARK,T1-11 Dark,Paneles interiores
2025-03-24,0.0,0.0,22,T111-DARK,T1-11 Dark,Paneles interiores
2025-03-31,60.0,302016.81,22,T111-DARK,T1-11 Dark,Paneles interiores
2025-04-07,8.0,40268.91,22,T111-DARK,T1-11 Dark,Paneles interiores
2025-04-14,20.0,100672.27,22,T111-DARK,T1-11 Dark,Paneles interiores
2025-04-21,91.0,458058.82999999996,22,T111-DARK,T1-11 Dark,Paneles interiores
2025-04-28,2.0,10067.23,22,T111-DARK,T1-11 Dark,Paneles interiores
2025-05-05,0.0,0.0,22,T111-DARK,T1-11 Dark,Paneles interiores
2025-05-12,0.0,0.0,22,T111-DARK,T1-11 Dark,Paneles interiores
2025-05-19,56.0,281882.35,22,T111-DARK,T1-11 Dark,Paneles interiores
2025-05-26,0.0,0.0,22,T111-DARK,T1-11 Dark,Paneles interiores
2025-06-02,0.0,0.0,22,T111-DARK,T1-11 Dark,Paneles interiores
2025-06-09,0.0,0.0,22,T111-DARK,T1-11 Dark,Paneles interiores
2025-06-16,15.0,75504.2,22,T111-DARK,T1-11 Dark,Paneles interiores
2025-06-23,0.0,0.0,22,T111-DARK,T1-11 Dark,Paneles interiores
2025-06-30,0.0,0.0,22,T111-DARK,T1-11 Dark,Paneles interiores
2025-07-07,0.0,0.0,22,T111-DARK,T1-11 Dark,Paneles interiores
2025-07-14,80.0,402689.08,22,T111-DARK,T1-11 Dark,Paneles interiores
2025-07-21,0.0,0.0,22,T111-DARK,T1-11 Dark,Paneles interiores
2025-07-28,30.0,151008.4,22,T111-DARK,T1-11 Dark,Paneles interiores
2025-08-04,0.0,0.0,22,T111-DARK,T1-11 Dark,Paneles interiores
2025-08-11,46.0,231546.22,22,T111-DARK,T1-11 Dark,Paneles interiores
2025-08-18,38.0,191277.31,22,T111-DARK,T1-11 Dark,Paneles interiores
2025-08-25,60.0,302016.81,22,T111-DARK,T1-11 Dark,Paneles interiores
2025-09-01,33.0,166109.25,22,T111-DARK,T1-11 Dark,Paneles interiores
2025-09-08,293.0,1474848.73,22,T111-DARK,T1-11 Dark,Paneles interiores
2025-09-15,0.0,0.0,22,T111-DARK,T1-11 Dark,Paneles interiores
2025-09-22,120.0,604033.61,22,T111-DARK,T1-11 Dark,Paneles interiores
2025-09-29,20.0,100672.27,22,T111-DARK,T1-11 Dark,Paneles interiores
2025-10-06,81.0,407722.69,22,T111-DARK,T1-11 Dark,Paneles interiores
2025-10-13,20.0,100672.27,22,T111-DARK,T1-11 Dark,Paneles interiores
2025-10-20,1.0,5033.61,22,T111-DARK,T1-11 Dark,Paneles interiores
2025-10-27,117.0,588932.77,22,T111-DARK,T1-11 Dark,Paneles interiores
2025-11-03,70.0,352352.94,22,T111-DARK,T1-11 Dark,Paneles interiores
2025-11-10,0.0,0.0,22,T111-DARK,T1-11 Dark,Paneles interiores
2025-11-17,83.0,417789.92,22,T111-DARK,T1-11 Dark,Paneles interiores
2025-11-24,96.0,483226.89999999997,22,T111-DARK,T1-11 Dark,Paneles interiores
2025-12-01,6.0,30201.68,22,T111-DARK,T1-11 Dark,Paneles interiores
2025-12-08,5.0,25168.07,22,T111-DARK,T1-11 Dark,Paneles interiores
2025-12-15,0.0,0.0,22,T111-DARK,T1-11 Dark,Paneles interiores
2025-12-22,0.0,0.0,22,T111-DARK,T1-11 Dark,Paneles interiores
2025-12-29,0.0,0.0,22,T111-DARK,T1-11 Dark,Paneles interiores
2026-01-05,230.0,1157731.09,22,T111-DARK,T1-11 Dark,Paneles interiores
2026-01-12,190.0,956386.55,22,T111-DARK,T1-11 Dark,Paneles interiores
2026-01-19,157.0,790277.3200000001,22,T111-DARK,T1-11 Dark,Paneles interiores
2026-01-26,0.0,0.0,22,T111-DARK,T1-11 Dark,Paneles interiores
2026-02-02,11.0,55369.75,22,T111-DARK,T1-11 Dark,Paneles interiores
2026-02-09,50.0,251680.67,22,T111-DARK,T1-11 Dark,Paneles interiores
2026-02-16,22.0,110739.5,22,T111-DARK,T1-11 Dark,Paneles interiores
2026-02-23,33.0,166109.25,22,T111-DARK,T1-11 Dark,Paneles interiores
2026-03-02,33.0,166109.24,22,T111-DARK,T1-11 Dark,Paneles interiores
2026-03-09,30.0,151008.4,22,T111-DARK,T1-11 Dark,Paneles interiores
2026-03-16,275.0,1384243.69,22,T111-DARK,T1-11 Dark,Paneles interiores
2026-03-23,74.0,372487.39,22,T111-DARK,T1-11 Dark,Paneles interiores
2026-03-30,0.0,0.0,22,T111-DARK,T1-11 Dark,Paneles interiores
2026-04-06,5.0,25168.07,22,T111-DARK,T1-11 Dark,Paneles interiores
2026-04-13,0.0,0.0,22,T111-DARK,T1-11 Dark,Paneles interiores
2026-04-20,6.0,30201.68,22,T111-DARK,T1-11 Dark,Paneles interiores
2026-04-27,0.0,0.0,22,T111-DARK,T1-11 Dark,Paneles interiores
2026-05-04,20.0,100672.27,22,T111-DARK,T1-11 Dark,Paneles interiores
2026-05-11,0.0,0.0,22,T111-DARK,T1-11 Dark,Paneles interiores
2026-05-18,40.0,201344.54,22,T111-DARK,T1-11 Dark,Paneles interiores
2026-05-25,1.0,5033.61,22,T111-DARK,T1-11 Dark,Paneles interiores
2026-06-01,7.0,35235.29,22,T111-DARK,T1-11 Dark,Paneles interiores
2026-06-08,0.0,0.0,22,T111-DARK,T1-11 Dark,Paneles interiores
2026-06-15,0.0,0.0,22,T111-DARK,T1-11 Dark,Paneles interiores
2026-06-22,0.0,0.0,22,T111-DARK,T1-11 Dark,Paneles interiores
2026-06-29,0.0,0.0,22,T111-DARK,T1-11 Dark,Paneles interiores
2026-07-06,0.0,0.0,22,T111-DARK,T1-11 Dark,Paneles interiores
2025-07-21,88.0,442957.98000000004,23,T111-LIGHT,T1-11 Light,Paneles interiores
2025-07-28,52.0,261747.90000000002,23,T111-LIGHT,T1-11 Light,Paneles interiores
2025-08-04,66.0,332218.49,23,T111-LIGHT,T1-11 Light,Paneles interiores
2025-08-11,20.0,100672.27,23,T111-LIGHT,T1-11 Light,Paneles interiores
2025-08-18,0.0,0.0,23,T111-LIGHT,T1-11 Light,Paneles interiores
2025-08-25,166.0,835579.8300000001,23,T111-LIGHT,T1-11 Light,Paneles interiores
2025-09-01,0.0,0.0,23,T111-LIGHT,T1-11 Light,Paneles interiores
2025-09-08,0.0,0.0,23,T111-LIGHT,T1-11 Light,Paneles interiores
2025-09-15,0.0,0.0,23,T111-LIGHT,T1-11 Light,Paneles interiores
2025-09-22,0.0,0.0,23,T111-LIGHT,T1-11 Light,Paneles interiores
2025-09-29,0.0,0.0,23,T111-LIGHT,T1-11 Light,Paneles interiores
2025-10-06,0.0,0.0,23,T111-LIGHT,T1-11 Light,Paneles interiores
2025-10-13,0.0,0.0,23,T111-LIGHT,T1-11 Light,Paneles interiores
2025-10-20,0.0,0.0,23,T111-LIGHT,T1-11 Light,Paneles interiores
2025-10-27,0.0,0.0,23,T111-LIGHT,T1-11 Light,Paneles interiores
2025-11-03,0.0,0.0,23,T111-LIGHT,T1-11 Light,Paneles interiores
2025-11-10,0.0,0.0,23,T111-LIGHT,T1-11 Light,Paneles interiores
2025-11-17,0.0,0.0,23,T111-LIGHT,T1-11 Light,Paneles interiores
2025-11-24,0.0,0.0,23,T111-LIGHT,T1-11 Light,Paneles interiores
2025-12-01,0.0,0.0,23,T111-LIGHT,T1-11 Light,Paneles interiores
2025-12-08,16.0,80537.82,23,T111-LIGHT,T1-11 Light,Paneles interiores
2025-12-15,0.0,0.0,23,T111-LIGHT,T1-11 Light,Paneles interiores
2025-12-22,0.0,0.0,23,T111-LIGHT,T1-11 Light,Paneles interiores
2025-12-29,0.0,0.0,23,T111-LIGHT,T1-11 Light,Paneles interiores
2026-01-05,0.0,0.0,23,T111-LIGHT,T1-11 Light,Paneles interiores
2026-01-12,127.0,639268.91,23,T111-LIGHT,T1-11 Light,Paneles interiores
2026-01-19,0.0,0.0,23,T111-LIGHT,T1-11 Light,Paneles interiores
2026-01-26,20.0,100672.27,23,T111-LIGHT,T1-11 Light,Paneles interiores
2026-02-02,2.0,10067.23,23,T111-LIGHT,T1-11 Light,Paneles interiores
2026-02-09,80.0,402689.08,23,T111-LIGHT,T1-11 Light,Paneles interiores
2026-02-16,200.0,1006722.6900000001,23,T111-LIGHT,T1-11 Light,Paneles interiores
2026-02-23,0.0,0.0,23,T111-LIGHT,T1-11 Light,Paneles interiores
2026-03-02,58.0,291949.58,23,T111-LIGHT,T1-11 Light,Paneles interiores
2026-03-09,3.0,15100.84,23,T111-LIGHT,T1-11 Light,Paneles interiores
2026-03-16,4.0,20134.45,23,T111-LIGHT,T1-11 Light,Paneles interiores
2026-03-23,0.0,0.0,23,T111-LIGHT,T1-11 Light,Paneles interiores
2026-03-30,56.0,281882.35,23,T111-LIGHT,T1-11 Light,Paneles interiores
2026-04-06,10.0,50336.13,23,T111-LIGHT,T1-11 Light,Paneles interiores
2026-04-13,75.0,377521.0,23,T111-LIGHT,T1-11 Light,Paneles interiores
2026-04-20,117.0,588932.78,23,T111-LIGHT,T1-11 Light,Paneles interiores
2026-04-27,65.0,327184.88,23,T111-LIGHT,T1-11 Light,Paneles interiores
2026-05-04,20.0,100672.27,23,T111-LIGHT,T1-11 Light,Paneles interiores
2026-05-11,20.0,100672.27,23,T111-LIGHT,T1-11 Light,Paneles interiores
2026-05-18,1.0,5033.61,23,T111-LIGHT,T1-11 Light,Paneles interiores
2026-05-25,38.0,191277.31,23,T111-LIGHT,T1-11 Light,Paneles interiores
2026-06-01,32.0,161075.63,23,T111-LIGHT,T1-11 Light,Paneles interiores
2026-06-08,0.0,0.0,23,T111-LIGHT,T1-11 Light,Paneles interiores
2026-06-15,0.0,0.0,23,T111-LIGHT,T1-11 Light,Paneles interiores
2026-06-22,0.0,0.0,23,T111-LIGHT,T1-11 Light,Paneles interiores
2026-06-29,0.0,0.0,23,T111-LIGHT,T1-11 Light,Paneles interiores
2026-07-06,0.0,0.0,23,T111-LIGHT,T1-11 Light,Paneles interiores
2025-08-18,40.0,671932.77,24,WALLTEX-BLANCO,WALL tex blanco,Revestimientos murales
2025-08-25,0.0,0.0,24,WALLTEX-BLANCO,WALL tex blanco,Revestimientos murales
2025-09-01,0.0,0.0,24,WALLTEX-BLANCO,WALL tex blanco,Revestimientos murales
2025-09-08,10.0,167983.19,24,WALLTEX-BLANCO,WALL tex blanco,Revestimientos murales
2025-09-15,30.0,503949.58,24,WALLTEX-BLANCO,WALL tex blanco,Revestimientos murales
2025-09-22,7.0,117588.24,24,WALLTEX-BLANCO,WALL tex blanco,Revestimientos murales
2025-09-29,7.0,117588.24,24,WALLTEX-BLANCO,WALL tex blanco,Revestimientos murales
2025-10-06,0.0,0.0,24,WALLTEX-BLANCO,WALL tex blanco,Revestimientos murales
2025-10-13,12.0,201579.84,24,WALLTEX-BLANCO,WALL tex blanco,Revestimientos murales
2025-10-20,0.0,0.0,24,WALLTEX-BLANCO,WALL tex blanco,Revestimientos murales
2025-10-27,1.0,16798.32,24,WALLTEX-BLANCO,WALL tex blanco,Revestimientos murales
2025-11-03,0.0,0.0,24,WALLTEX-BLANCO,WALL tex blanco,Revestimientos murales
2025-11-10,0.0,0.0,24,WALLTEX-BLANCO,WALL tex blanco,Revestimientos murales
2025-11-17,19.0,319168.07,24,WALLTEX-BLANCO,WALL tex blanco,Revestimientos murales
2025-11-24,0.0,0.0,24,WALLTEX-BLANCO,WALL tex blanco,Revestimientos murales
2025-12-01,0.0,0.0,24,WALLTEX-BLANCO,WALL tex blanco,Revestimientos murales
2025-12-08,0.0,0.0,24,WALLTEX-BLANCO,WALL tex blanco,Revestimientos murales
2025-12-15,0.0,0.0,24,WALLTEX-BLANCO,WALL tex blanco,Revestimientos murales
2025-12-22,0.0,0.0,24,WALLTEX-BLANCO,WALL tex blanco,Revestimientos murales
2025-12-29,0.0,0.0,24,WALLTEX-BLANCO,WALL tex blanco,Revestimientos murales
2026-01-05,0.0,0.0,24,WALLTEX-BLANCO,WALL tex blanco,Revestimientos murales
2026-01-12,0.0,0.0,24,WALLTEX-BLANCO,WALL tex blanco,Revestimientos murales
2026-01-19,0.0,0.0,24,WALLTEX-BLANCO,WALL tex blanco,Revestimientos murales
2026-01-26,0.0,0.0,24,WALLTEX-BLANCO,WALL tex blanco,Revestimientos murales
2026-02-02,0.0,0.0,24,WALLTEX-BLANCO,WALL tex blanco,Revestimientos murales
2026-02-09,0.0,0.0,24,WALLTEX-BLANCO,WALL tex blanco,Revestimientos murales
2026-02-16,0.0,0.0,24,WALLTEX-BLANCO,WALL tex blanco,Revestimientos murales
2026-02-23,0.0,0.0,24,WALLTEX-BLANCO,WALL tex blanco,Revestimientos murales
2026-03-02,0.0,0.0,24,WALLTEX-BLANCO,WALL tex blanco,Revestimientos murales
2026-03-09,0.0,0.0,24,WALLTEX-BLANCO,WALL tex blanco,Revestimientos murales
2026-03-16,0.0,0.0,24,WALLTEX-BLANCO,WALL tex blanco,Revestimientos murales
2026-03-23,0.0,0.0,24,WALLTEX-BLANCO,WALL tex blanco,Revestimientos murales
2026-03-30,0.0,0.0,24,WALLTEX-BLANCO,WALL tex blanco,Revestimientos murales
2026-04-06,0.0,0.0,24,WALLTEX-BLANCO,WALL tex blanco,Revestimientos murales
2026-04-13,0.0,0.0,24,WALLTEX-BLANCO,WALL tex blanco,Revestimientos murales
2026-04-20,0.0,0.0,24,WALLTEX-BLANCO,WALL tex blanco,Revestimientos murales
2026-04-27,0.0,0.0,24,WALLTEX-BLANCO,WALL tex blanco,Revestimientos murales
2026-05-04,0.0,0.0,24,WALLTEX-BLANCO,WALL tex blanco,Revestimientos murales
2026-05-11,0.0,0.0,24,WALLTEX-BLANCO,WALL tex blanco,Revestimientos murales
2026-05-18,0.0,0.0,24,WALLTEX-BLANCO,WALL tex blanco,Revestimientos murales
2026-05-25,0.0,0.0,24,WALLTEX-BLANCO,WALL tex blanco,Revestimientos murales
2026-06-01,0.0,0.0,24,WALLTEX-BLANCO,WALL tex blanco,Revestimientos murales
2026-06-08,0.0,0.0,24,WALLTEX-BLANCO,WALL tex blanco,Revestimientos murales
2026-06-15,0.0,0.0,24,WALLTEX-BLANCO,WALL tex blanco,Revestimientos murales
2026-06-22,0.0,0.0,24,WALLTEX-BLANCO,WALL tex blanco,Revestimientos murales
2026-06-29,0.0,0.0,24,WALLTEX-BLANCO,WALL tex blanco,Revestimientos murales
2026-07-06,0.0,0.0,24,WALLTEX-BLANCO,WALL tex blanco,Revestimientos murales
2023-12-25,2.0,33596.64,25,WALLTEX-CAFE,WALL tex café,Revestimientos murales
2024-01-01,0.0,0.0,25,WALLTEX-CAFE,WALL tex café,Revestimientos murales
2024-01-08,0.0,0.0,25,WALLTEX-CAFE,WALL tex café,Revestimientos murales
2024-01-15,0.0,0.0,25,WALLTEX-CAFE,WALL tex café,Revestimientos murales
2024-01-22,0.0,0.0,25,WALLTEX-CAFE,WALL tex café,Revestimientos murales
2024-01-29,0.0,0.0,25,WALLTEX-CAFE,WALL tex café,Revestimientos murales
2024-02-05,0.0,0.0,25,WALLTEX-CAFE,WALL tex café,Revestimientos murales
2024-02-12,0.0,0.0,25,WALLTEX-CAFE,WALL tex café,Revestimientos murales
2024-02-19,0.0,0.0,25,WALLTEX-CAFE,WALL tex café,Revestimientos murales
2024-02-26,0.0,0.0,25,WALLTEX-CAFE,WALL tex café,Revestimientos murales
2024-03-04,0.0,0.0,25,WALLTEX-CAFE,WALL tex café,Revestimientos murales
2024-03-11,0.0,0.0,25,WALLTEX-CAFE,WALL tex café,Revestimientos murales
2024-03-18,0.0,0.0,25,WALLTEX-CAFE,WALL tex café,Revestimientos murales
2024-03-25,0.0,0.0,25,WALLTEX-CAFE,WALL tex café,Revestimientos murales
2024-04-01,0.0,0.0,25,WALLTEX-CAFE,WALL tex café,Revestimientos murales
2024-04-08,0.0,0.0,25,WALLTEX-CAFE,WALL tex café,Revestimientos murales
2024-04-15,6.0,100789.92,25,WALLTEX-CAFE,WALL tex café,Revestimientos murales
2024-04-22,0.0,0.0,25,WALLTEX-CAFE,WALL tex café,Revestimientos murales
2024-04-29,0.0,0.0,25,WALLTEX-CAFE,WALL tex café,Revestimientos murales
2024-05-06,0.0,0.0,25,WALLTEX-CAFE,WALL tex café,Revestimientos murales
2024-05-13,0.0,0.0,25,WALLTEX-CAFE,WALL tex café,Revestimientos murales
2024-05-20,0.0,0.0,25,WALLTEX-CAFE,WALL tex café,Revestimientos murales
2024-05-27,20.0,335966.39,25,WALLTEX-CAFE,WALL tex café,Revestimientos murales
2024-06-03,1.0,16798.32,25,WALLTEX-CAFE,WALL tex café,Revestimientos murales
2024-06-10,6.0,100789.92,25,WALLTEX-CAFE,WALL tex café,Revestimientos murales
2024-06-17,0.0,0.0,25,WALLTEX-CAFE,WALL tex café,Revestimientos murales
2024-06-24,0.0,0.0,25,WALLTEX-CAFE,WALL tex café,Revestimientos murales
2024-07-01,0.0,0.0,25,WALLTEX-CAFE,WALL tex café,Revestimientos murales
2024-07-08,0.0,0.0,25,WALLTEX-CAFE,WALL tex café,Revestimientos murales
2024-07-15,0.0,0.0,25,WALLTEX-CAFE,WALL tex café,Revestimientos murales
2024-07-22,0.0,0.0,25,WALLTEX-CAFE,WALL tex café,Revestimientos murales
2024-07-29,0.0,0.0,25,WALLTEX-CAFE,WALL tex café,Revestimientos murales
2024-08-05,0.0,0.0,25,WALLTEX-CAFE,WALL tex café,Revestimientos murales
2024-08-12,0.0,0.0,25,WALLTEX-CAFE,WALL tex café,Revestimientos murales
2024-08-19,0.0,0.0,25,WALLTEX-CAFE,WALL tex café,Revestimientos murales
2024-08-26,0.0,0.0,25,WALLTEX-CAFE,WALL tex café,Revestimientos murales
2024-09-02,0.0,0.0,25,WALLTEX-CAFE,WALL tex café,Revestimientos murales
2024-09-09,0.0,0.0,25,WALLTEX-CAFE,WALL tex café,Revestimientos murales
2024-09-16,0.0,0.0,25,WALLTEX-CAFE,WALL tex café,Revestimientos murales
2024-09-23,0.0,0.0,25,WALLTEX-CAFE,WALL tex café,Revestimientos murales
2024-09-30,3.0,50394.96,25,WALLTEX-CAFE,WALL tex café,Revestimientos murales
2024-10-07,7.0,117588.23999999999,25,WALLTEX-CAFE,WALL tex café,Revestimientos murales
2024-10-14,0.0,0.0,25,WALLTEX-CAFE,WALL tex café,Revestimientos murales
2024-10-21,1.0,16798.32,25,WALLTEX-CAFE,WALL tex café,Revestimientos murales
2024-10-28,0.0,0.0,25,WALLTEX-CAFE,WALL tex café,Revestimientos murales
2024-11-04,0.0,0.0,25,WALLTEX-CAFE,WALL tex café,Revestimientos murales
2024-11-11,0.0,0.0,25,WALLTEX-CAFE,WALL tex café,Revestimientos murales
2024-11-18,7.0,117588.24,25,WALLTEX-CAFE,WALL tex café,Revestimientos murales
2024-11-25,0.0,0.0,25,WALLTEX-CAFE,WALL tex café,Revestimientos murales
2024-12-02,0.0,0.0,25,WALLTEX-CAFE,WALL tex café,Revestimientos murales
2024-12-09,0.0,0.0,25,WALLTEX-CAFE,WALL tex café,Revestimientos murales
2024-12-16,0.0,0.0,25,WALLTEX-CAFE,WALL tex café,Revestimientos murales
2024-12-23,0.0,0.0,25,WALLTEX-CAFE,WALL tex café,Revestimientos murales
2024-12-30,0.0,0.0,25,WALLTEX-CAFE,WALL tex café,Revestimientos murales
2025-01-06,0.0,0.0,25,WALLTEX-CAFE,WALL tex café,Revestimientos murales
2025-01-13,0.0,0.0,25,WALLTEX-CAFE,WALL tex café,Revestimientos murales
2025-01-20,2.0,33596.64,25,WALLTEX-CAFE,WALL tex café,Revestimientos murales
2025-01-27,6.0,100789.92,25,WALLTEX-CAFE,WALL tex café,Revestimientos murales
2025-02-03,11.0,184781.51,25,WALLTEX-CAFE,WALL tex café,Revestimientos murales
2025-02-10,64.0,1075092.44,25,WALLTEX-CAFE,WALL tex café,Revestimientos murales
2025-02-17,0.0,0.0,25,WALLTEX-CAFE,WALL tex café,Revestimientos murales
2025-02-24,0.0,0.0,25,WALLTEX-CAFE,WALL tex café,Revestimientos murales
2025-03-03,0.0,0.0,25,WALLTEX-CAFE,WALL tex café,Revestimientos murales
2025-03-10,0.0,0.0,25,WALLTEX-CAFE,WALL tex café,Revestimientos murales
2025-03-17,0.0,0.0,25,WALLTEX-CAFE,WALL tex café,Revestimientos murales
2025-03-24,6.0,100789.92,25,WALLTEX-CAFE,WALL tex café,Revestimientos murales
2025-03-31,3.0,50394.96,25,WALLTEX-CAFE,WALL tex café,Revestimientos murales
2025-04-07,0.0,0.0,25,WALLTEX-CAFE,WALL tex café,Revestimientos murales
2025-04-14,0.0,0.0,25,WALLTEX-CAFE,WALL tex café,Revestimientos murales
2025-04-21,0.0,0.0,25,WALLTEX-CAFE,WALL tex café,Revestimientos murales
2025-04-28,0.0,0.0,25,WALLTEX-CAFE,WALL tex café,Revestimientos murales
2025-05-05,0.0,0.0,25,WALLTEX-CAFE,WALL tex café,Revestimientos murales
2025-05-12,0.0,0.0,25,WALLTEX-CAFE,WALL tex café,Revestimientos murales
2025-05-19,12.0,201579.83000000002,25,WALLTEX-CAFE,WALL tex café,Revestimientos murales
2025-05-26,1.0,16798.32,25,WALLTEX-CAFE,WALL tex café,Revestimientos murales
2025-06-02,1.0,16798.32,25,WALLTEX-CAFE,WALL tex café,Revestimientos murales
2025-06-09,0.0,0.0,25,WALLTEX-CAFE,WALL tex café,Revestimientos murales
2025-06-16,0.0,0.0,25,WALLTEX-CAFE,WALL tex café,Revestimientos murales
2025-06-23,0.0,0.0,25,WALLTEX-CAFE,WALL tex café,Revestimientos murales
2025-06-30,0.0,0.0,25,WALLTEX-CAFE,WALL tex café,Revestimientos murales
2025-07-07,3.0,50394.96,25,WALLTEX-CAFE,WALL tex café,Revestimientos murales
2025-07-14,0.0,0.0,25,WALLTEX-CAFE,WALL tex café,Revestimientos murales
2025-07-21,6.0,100789.92,25,WALLTEX-CAFE,WALL tex café,Revestimientos murales
2025-07-28,15.0,251974.79,25,WALLTEX-CAFE,WALL tex café,Revestimientos murales
2025-08-04,0.0,0.0,25,WALLTEX-CAFE,WALL tex café,Revestimientos murales
2025-08-11,0.0,0.0,25,WALLTEX-CAFE,WALL tex café,Revestimientos murales
2025-08-18,0.0,0.0,25,WALLTEX-CAFE,WALL tex café,Revestimientos murales
2025-08-25,0.0,0.0,25,WALLTEX-CAFE,WALL tex café,Revestimientos murales
2025-09-01,10.0,167983.19,25,WALLTEX-CAFE,WALL tex café,Revestimientos murales
2025-09-08,17.0,285571.42,25,WALLTEX-CAFE,WALL tex café,Revestimientos murales
2025-09-15,1.0,16798.32,25,WALLTEX-CAFE,WALL tex café,Revestimientos murales
2025-09-22,14.0,235176.47,25,WALLTEX-CAFE,WALL tex café,Revestimientos murales
2025-09-29,7.0,117588.24,25,WALLTEX-CAFE,WALL tex café,Revestimientos murales
2025-10-06,7.0,117588.24,25,WALLTEX-CAFE,WALL tex café,Revestimientos murales
2025-10-13,31.0,520747.9,25,WALLTEX-CAFE,WALL tex café,Revestimientos murales
2025-10-20,0.0,0.0,25,WALLTEX-CAFE,WALL tex café,Revestimientos murales
2025-10-27,1.0,16798.32,25,WALLTEX-CAFE,WALL tex café,Revestimientos murales
2025-11-03,0.0,0.0,25,WALLTEX-CAFE,WALL tex café,Revestimientos murales
2025-11-10,17.0,285571.42,25,WALLTEX-CAFE,WALL tex café,Revestimientos murales
2025-11-17,9.0,151184.87,25,WALLTEX-CAFE,WALL tex café,Revestimientos murales
2025-11-24,18.0,302369.75,25,WALLTEX-CAFE,WALL tex café,Revestimientos murales
2025-12-01,49.0,823117.65,25,WALLTEX-CAFE,WALL tex café,Revestimientos murales
2025-12-08,2.0,33596.64,25,WALLTEX-CAFE,WALL tex café,Revestimientos murales
2025-12-15,0.0,0.0,25,WALLTEX-CAFE,WALL tex café,Revestimientos murales
2025-12-22,0.0,0.0,25,WALLTEX-CAFE,WALL tex café,Revestimientos murales
2025-12-29,1.0,16798.32,25,WALLTEX-CAFE,WALL tex café,Revestimientos murales
2026-01-05,8.0,134386.56,25,WALLTEX-CAFE,WALL tex café,Revestimientos murales
2026-01-12,45.0,755924.38,25,WALLTEX-CAFE,WALL tex café,Revestimientos murales
2026-01-19,3.0,50394.96,25,WALLTEX-CAFE,WALL tex café,Revestimientos murales
2026-01-26,0.0,0.0,25,WALLTEX-CAFE,WALL tex café,Revestimientos murales
2026-02-02,14.0,235176.47,25,WALLTEX-CAFE,WALL tex café,Revestimientos murales
2026-02-09,17.0,285571.43,25,WALLTEX-CAFE,WALL tex café,Revestimientos murales
2026-02-16,15.0,251974.79,25,WALLTEX-CAFE,WALL tex café,Revestimientos murales
2026-02-23,0.0,0.0,25,WALLTEX-CAFE,WALL tex café,Revestimientos murales
2026-03-02,0.0,0.0,25,WALLTEX-CAFE,WALL tex café,Revestimientos murales
2026-03-09,0.0,0.0,25,WALLTEX-CAFE,WALL tex café,Revestimientos murales
2026-03-16,0.0,0.0,25,WALLTEX-CAFE,WALL tex café,Revestimientos murales
2026-03-23,0.0,0.0,25,WALLTEX-CAFE,WALL tex café,Revestimientos murales
2026-03-30,0.0,0.0,25,WALLTEX-CAFE,WALL tex café,Revestimientos murales
2026-04-06,0.0,0.0,25,WALLTEX-CAFE,WALL tex café,Revestimientos murales
2026-04-13,0.0,0.0,25,WALLTEX-CAFE,WALL tex café,Revestimientos murales
2026-04-20,0.0,0.0,25,WALLTEX-CAFE,WALL tex café,Revestimientos murales
2026-04-27,0.0,0.0,25,WALLTEX-CAFE,WALL tex café,Revestimientos murales
2026-05-04,0.0,0.0,25,WALLTEX-CAFE,WALL tex café,Revestimientos murales
2026-05-11,0.0,0.0,25,WALLTEX-CAFE,WALL tex café,Revestimientos murales
2026-05-18,0.0,0.0,25,WALLTEX-CAFE,WALL tex café,Revestimientos murales
2026-05-25,0.0,0.0,25,WALLTEX-CAFE,WALL tex café,Revestimientos murales
2026-06-01,0.0,0.0,25,WALLTEX-CAFE,WALL tex café,Revestimientos murales
2026-06-08,0.0,0.0,25,WALLTEX-CAFE,WALL tex café,Revestimientos murales
2026-06-15,0.0,0.0,25,WALLTEX-CAFE,WALL tex café,Revestimientos murales
2026-06-22,0.0,0.0,25,WALLTEX-CAFE,WALL tex café,Revestimientos murales
2026-06-29,0.0,0.0,25,WALLTEX-CAFE,WALL tex café,Revestimientos murales
2026-07-06,0.0,0.0,25,WALLTEX-CAFE,WALL tex café,Revestimientos murales
2023-12-25,12.0,342756.3,26,MARMO-BLANCA,Marmolisima Blanca,Revestimientos murales
2024-01-01,5.0,142815.13,26,MARMO-BLANCA,Marmolisima Blanca,Revestimientos murales
2024-01-08,21.0,599823.53,26,MARMO-BLANCA,Marmolisima Blanca,Revestimientos murales
2024-01-15,31.0,885453.78,26,MARMO-BLANCA,Marmolisima Blanca,Revestimientos murales
2024-01-22,28.0,799764.71,26,MARMO-BLANCA,Marmolisima Blanca,Revestimientos murales
2024-01-29,40.0,1142521.01,26,MARMO-BLANCA,Marmolisima Blanca,Revestimientos murales
2024-02-05,61.0,1742344.54,26,MARMO-BLANCA,Marmolisima Blanca,Revestimientos murales
2024-02-12,106.0,3027680.67,26,MARMO-BLANCA,Marmolisima Blanca,Revestimientos murales
2024-02-19,32.0,914016.81,26,MARMO-BLANCA,Marmolisima Blanca,Revestimientos murales
2024-02-26,68.0,1942285.72,26,MARMO-BLANCA,Marmolisima Blanca,Revestimientos murales
2024-03-04,41.0,1171084.04,26,MARMO-BLANCA,Marmolisima Blanca,Revestimientos murales
2024-03-11,66.0,1885159.67,26,MARMO-BLANCA,Marmolisima Blanca,Revestimientos murales
2024-03-18,0.0,0.0,26,MARMO-BLANCA,Marmolisima Blanca,Revestimientos murales
2024-03-25,1.0,28563.03,26,MARMO-BLANCA,Marmolisima Blanca,Revestimientos murales
2024-04-01,0.0,0.0,26,MARMO-BLANCA,Marmolisima Blanca,Revestimientos murales
2024-04-08,1.0,28563.03,26,MARMO-BLANCA,Marmolisima Blanca,Revestimientos murales
2024-04-15,0.0,0.0,26,MARMO-BLANCA,Marmolisima Blanca,Revestimientos murales
2024-04-22,11.0,314193.28,26,MARMO-BLANCA,Marmolisima Blanca,Revestimientos murales
2024-04-29,0.0,0.0,26,MARMO-BLANCA,Marmolisima Blanca,Revestimientos murales
2024-05-06,0.0,0.0,26,MARMO-BLANCA,Marmolisima Blanca,Revestimientos murales
2024-05-13,0.0,0.0,26,MARMO-BLANCA,Marmolisima Blanca,Revestimientos murales
2024-05-20,118.0,3370436.98,26,MARMO-BLANCA,Marmolisima Blanca,Revestimientos murales
2024-05-27,134.0,3827445.4,26,MARMO-BLANCA,Marmolisima Blanca,Revestimientos murales
2024-06-03,47.0,1342462.19,26,MARMO-BLANCA,Marmolisima Blanca,Revestimientos murales
2024-06-10,12.0,342756.31,26,MARMO-BLANCA,Marmolisima Blanca,Revestimientos murales
2024-06-17,13.0,371319.33,26,MARMO-BLANCA,Marmolisima Blanca,Revestimientos murales
2024-06-24,79.0,2256478.99,26,MARMO-BLANCA,Marmolisima Blanca,Revestimientos murales
2024-07-01,53.0,1513840.35,26,MARMO-BLANCA,Marmolisima Blanca,Revestimientos murales
2024-07-08,0.0,0.0,26,MARMO-BLANCA,Marmolisima Blanca,Revestimientos murales
2024-07-15,0.0,0.0,26,MARMO-BLANCA,Marmolisima Blanca,Revestimientos murales
2024-07-22,0.0,0.0,26,MARMO-BLANCA,Marmolisima Blanca,Revestimientos murales
2024-07-29,0.0,0.0,26,MARMO-BLANCA,Marmolisima Blanca,Revestimientos murales
2024-08-05,0.0,0.0,26,MARMO-BLANCA,Marmolisima Blanca,Revestimientos murales
2024-08-12,0.0,0.0,26,MARMO-BLANCA,Marmolisima Blanca,Revestimientos murales
2024-08-19,0.0,0.0,26,MARMO-BLANCA,Marmolisima Blanca,Revestimientos murales
2024-08-26,0.0,0.0,26,MARMO-BLANCA,Marmolisima Blanca,Revestimientos murales
2024-09-02,42.0,1199647.06,26,MARMO-BLANCA,Marmolisima Blanca,Revestimientos murales
2024-09-09,25.0,714075.63,26,MARMO-BLANCA,Marmolisima Blanca,Revestimientos murales
2024-09-16,0.0,0.0,26,MARMO-BLANCA,Marmolisima Blanca,Revestimientos murales
2024-09-23,22.0,628386.5700000001,26,MARMO-BLANCA,Marmolisima Blanca,Revestimientos murales
2024-09-30,26.0,742638.66,26,MARMO-BLANCA,Marmolisima Blanca,Revestimientos murales
2024-10-07,23.0,656949.5900000001,26,MARMO-BLANCA,Marmolisima Blanca,Revestimientos murales
2024-10-14,20.0,571260.51,26,MARMO-BLANCA,Marmolisima Blanca,Revestimientos murales
2024-10-21,33.0,942579.8400000001,26,MARMO-BLANCA,Marmolisima Blanca,Revestimientos murales
2024-10-28,18.0,514134.46,26,MARMO-BLANCA,Marmolisima Blanca,Revestimientos murales
2024-11-04,36.0,1028268.91,26,MARMO-BLANCA,Marmolisima Blanca,Revestimientos murales
2024-11-11,48.0,1371025.21,26,MARMO-BLANCA,Marmolisima Blanca,Revestimientos murales
2024-11-18,34.0,971142.86,26,MARMO-BLANCA,Marmolisima Blanca,Revestimientos murales
2024-11-25,7.0,199941.18,26,MARMO-BLANCA,Marmolisima Blanca,Revestimientos murales
2024-12-02,32.0,914016.81,26,MARMO-BLANCA,Marmolisima Blanca,Revestimientos murales
2024-12-09,12.0,342756.3,26,MARMO-BLANCA,Marmolisima Blanca,Revestimientos murales
2024-12-16,29.0,828327.74,26,MARMO-BLANCA,Marmolisima Blanca,Revestimientos murales
2024-12-23,113.0,3227621.85,26,MARMO-BLANCA,Marmolisima Blanca,Revestimientos murales
2024-12-30,8.0,228504.21,26,MARMO-BLANCA,Marmolisima Blanca,Revestimientos murales
2025-01-06,41.0,1171084.03,26,MARMO-BLANCA,Marmolisima Blanca,Revestimientos murales
2025-01-13,14.0,399882.35,26,MARMO-BLANCA,Marmolisima Blanca,Revestimientos murales
2025-01-20,104.0,2970554.63,26,MARMO-BLANCA,Marmolisima Blanca,Revestimientos murales
2025-01-27,103.0,2941991.59,26,MARMO-BLANCA,Marmolisima Blanca,Revestimientos murales
2025-02-03,0.0,0.0,26,MARMO-BLANCA,Marmolisima Blanca,Revestimientos murales
2025-02-10,68.0,1942285.71,26,MARMO-BLANCA,Marmolisima Blanca,Revestimientos murales
2025-02-17,43.0,1228210.09,26,MARMO-BLANCA,Marmolisima Blanca,Revestimientos murales
2025-02-24,65.0,1856596.6400000001,26,MARMO-BLANCA,Marmolisima Blanca,Revestimientos murales
2025-03-03,30.0,856890.76,26,MARMO-BLANCA,Marmolisima Blanca,Revestimientos murales
2025-03-10,21.0,599823.53,26,MARMO-BLANCA,Marmolisima Blanca,Revestimientos murales
2025-03-17,22.0,628386.56,26,MARMO-BLANCA,Marmolisima Blanca,Revestimientos murales
2025-03-24,18.0,514134.46,26,MARMO-BLANCA,Marmolisima Blanca,Revestimientos murales
2025-03-31,42.0,1199647.05,26,MARMO-BLANCA,Marmolisima Blanca,Revestimientos murales
2025-04-07,21.0,599823.53,26,MARMO-BLANCA,Marmolisima Blanca,Revestimientos murales
2025-04-14,4.0,114252.1,26,MARMO-BLANCA,Marmolisima Blanca,Revestimientos murales
2025-04-21,17.0,485571.44,26,MARMO-BLANCA,Marmolisima Blanca,Revestimientos murales
2025-04-28,18.0,514134.46,26,MARMO-BLANCA,Marmolisima Blanca,Revestimientos murales
2025-05-05,32.0,914016.8200000001,26,MARMO-BLANCA,Marmolisima Blanca,Revestimientos murales
2025-05-12,30.0,856890.76,26,MARMO-BLANCA,Marmolisima Blanca,Revestimientos murales
2025-05-19,10.0,285630.25,26,MARMO-BLANCA,Marmolisima Blanca,Revestimientos murales
2025-05-26,14.0,399882.35000000003,26,MARMO-BLANCA,Marmolisima Blanca,Revestimientos murales
2025-06-02,17.0,485571.44,26,MARMO-BLANCA,Marmolisima Blanca,Revestimientos murales
2025-06-09,25.0,714075.63,26,MARMO-BLANCA,Marmolisima Blanca,Revestimientos murales
2025-06-16,25.0,714075.63,26,MARMO-BLANCA,Marmolisima Blanca,Revestimientos murales
2025-06-23,24.0,685512.61,26,MARMO-BLANCA,Marmolisima Blanca,Revestimientos murales
2025-06-30,21.0,599823.54,26,MARMO-BLANCA,Marmolisima Blanca,Revestimientos murales
2025-07-07,15.0,428445.38,26,MARMO-BLANCA,Marmolisima Blanca,Revestimientos murales
2025-07-14,40.0,1142521.0100000002,26,MARMO-BLANCA,Marmolisima Blanca,Revestimientos murales
2025-07-21,45.0,1285336.1400000001,26,MARMO-BLANCA,Marmolisima Blanca,Revestimientos murales
2025-07-28,1.0,28563.03,26,MARMO-BLANCA,Marmolisima Blanca,Revestimientos murales
2025-08-04,25.0,714075.64,26,MARMO-BLANCA,Marmolisima Blanca,Revestimientos murales
2025-08-11,5.0,142815.13,26,MARMO-BLANCA,Marmolisima Blanca,Revestimientos murales
2025-08-18,34.0,971142.86,26,MARMO-BLANCA,Marmolisima Blanca,Revestimientos murales
2025-08-25,47.0,1342462.18,26,MARMO-BLANCA,Marmolisima Blanca,Revestimientos murales
2025-09-01,41.0,1171084.03,26,MARMO-BLANCA,Marmolisima Blanca,Revestimientos murales
2025-09-08,24.0,685512.6100000001,26,MARMO-BLANCA,Marmolisima Blanca,Revestimientos murales
2025-09-15,28.0,799764.7000000001,26,MARMO-BLANCA,Marmolisima Blanca,Revestimientos murales
2025-09-22,10.0,285630.25,26,MARMO-BLANCA,Marmolisima Blanca,Revestimientos murales
2025-09-29,31.0,885453.78,26,MARMO-BLANCA,Marmolisima Blanca,Revestimientos murales
2025-10-06,47.0,1342462.19,26,MARMO-BLANCA,Marmolisima Blanca,Revestimientos murales
2025-10-13,15.0,428445.39,26,MARMO-BLANCA,Marmolisima Blanca,Revestimientos murales
2025-10-20,27.0,771201.69,26,MARMO-BLANCA,Marmolisima Blanca,Revestimientos murales
2025-10-27,31.0,885453.78,26,MARMO-BLANCA,Marmolisima Blanca,Revestimientos murales
2025-11-03,33.0,942579.8300000001,26,MARMO-BLANCA,Marmolisima Blanca,Revestimientos murales
2025-11-10,20.0,571260.51,26,MARMO-BLANCA,Marmolisima Blanca,Revestimientos murales
2025-11-17,53.0,1513840.34,26,MARMO-BLANCA,Marmolisima Blanca,Revestimientos murales
2025-11-24,35.0,999705.88,26,MARMO-BLANCA,Marmolisima Blanca,Revestimientos murales
2025-12-01,44.0,1256773.12,26,MARMO-BLANCA,Marmolisima Blanca,Revestimientos murales
2025-12-08,28.0,799764.7100000001,26,MARMO-BLANCA,Marmolisima Blanca,Revestimientos murales
2025-12-15,49.0,1399588.24,26,MARMO-BLANCA,Marmolisima Blanca,Revestimientos murales
2025-12-22,18.0,514134.45999999996,26,MARMO-BLANCA,Marmolisima Blanca,Revestimientos murales
2025-12-29,6.0,171378.15,26,MARMO-BLANCA,Marmolisima Blanca,Revestimientos murales
2026-01-05,48.0,1371025.22,26,MARMO-BLANCA,Marmolisima Blanca,Revestimientos murales
2026-01-12,22.0,628386.55,26,MARMO-BLANCA,Marmolisima Blanca,Revestimientos murales
2026-01-19,19.0,542697.48,26,MARMO-BLANCA,Marmolisima Blanca,Revestimientos murales
2026-01-26,81.0,2313605.04,26,MARMO-BLANCA,Marmolisima Blanca,Revestimientos murales
2026-02-02,26.0,742638.65,26,MARMO-BLANCA,Marmolisima Blanca,Revestimientos murales
2026-02-09,12.0,342756.31,26,MARMO-BLANCA,Marmolisima Blanca,Revestimientos murales
2026-02-16,43.0,1228210.09,26,MARMO-BLANCA,Marmolisima Blanca,Revestimientos murales
2026-02-23,19.0,542697.48,26,MARMO-BLANCA,Marmolisima Blanca,Revestimientos murales
2026-03-02,19.0,542697.48,26,MARMO-BLANCA,Marmolisima Blanca,Revestimientos murales
2026-03-09,15.0,428445.38,26,MARMO-BLANCA,Marmolisima Blanca,Revestimientos murales
2026-03-16,17.0,485571.44,26,MARMO-BLANCA,Marmolisima Blanca,Revestimientos murales
2026-03-23,18.0,514134.45999999996,26,MARMO-BLANCA,Marmolisima Blanca,Revestimientos murales
2026-03-30,8.0,228504.21,26,MARMO-BLANCA,Marmolisima Blanca,Revestimientos murales
2026-04-06,23.0,656949.58,26,MARMO-BLANCA,Marmolisima Blanca,Revestimientos murales
2026-04-13,4.0,114252.1,26,MARMO-BLANCA,Marmolisima Blanca,Revestimientos murales
2026-04-20,16.0,457008.4,26,MARMO-BLANCA,Marmolisima Blanca,Revestimientos murales
2026-04-27,48.0,1371025.21,26,MARMO-BLANCA,Marmolisima Blanca,Revestimientos murales
2026-05-04,1.0,28563.03,26,MARMO-BLANCA,Marmolisima Blanca,Revestimientos murales
2026-05-11,19.0,542697.49,26,MARMO-BLANCA,Marmolisima Blanca,Revestimientos murales
2026-05-18,17.0,485571.43000000005,26,MARMO-BLANCA,Marmolisima Blanca,Revestimientos murales
2026-05-25,7.0,199941.18,26,MARMO-BLANCA,Marmolisima Blanca,Revestimientos murales
2026-06-01,14.0,399882.37,26,MARMO-BLANCA,Marmolisima Blanca,Revestimientos murales
2026-06-08,1.0,28563.03,26,MARMO-BLANCA,Marmolisima Blanca,Revestimientos murales
2026-06-15,0.0,0.0,26,MARMO-BLANCA,Marmolisima Blanca,Revestimientos murales
2026-06-22,0.0,0.0,26,MARMO-BLANCA,Marmolisima Blanca,Revestimientos murales
2026-06-29,0.0,0.0,26,MARMO-BLANCA,Marmolisima Blanca,Revestimientos murales
2026-07-06,0.0,0.0,26,MARMO-BLANCA,Marmolisima Blanca,Revestimientos murales
2024-01-01,29.0,828327.73,27,MARMO-GRIS,Marmolisima Gris,Revestimientos murales
2024-01-08,24.0,685512.61,27,MARMO-GRIS,Marmolisima Gris,Revestimientos murales
2024-01-15,16.0,457008.4,27,MARMO-GRIS,Marmolisima Gris,Revestimientos murales
2024-01-22,13.0,371319.33,27,MARMO-GRIS,Marmolisima Gris,Revestimientos murales
2024-01-29,35.0,999705.88,27,MARMO-GRIS,Marmolisima Gris,Revestimientos murales
2024-02-05,14.0,399882.36,27,MARMO-GRIS,Marmolisima Gris,Revestimientos murales
2024-02-12,12.0,342756.3,27,MARMO-GRIS,Marmolisima Gris,Revestimientos murales
2024-02-19,18.0,514134.44999999995,27,MARMO-GRIS,Marmolisima Gris,Revestimientos murales
2024-02-26,28.0,799764.71,27,MARMO-GRIS,Marmolisima Gris,Revestimientos murales
2024-03-04,13.0,371319.33,27,MARMO-GRIS,Marmolisima Gris,Revestimientos murales
2024-03-11,16.0,457008.41,27,MARMO-GRIS,Marmolisima Gris,Revestimientos murales
2024-03-18,22.0,628386.56,27,MARMO-GRIS,Marmolisima Gris,Revestimientos murales
2024-03-25,15.0,428445.38,27,MARMO-GRIS,Marmolisima Gris,Revestimientos murales
2024-04-01,17.0,485571.43,27,MARMO-GRIS,Marmolisima Gris,Revestimientos murales
2024-04-08,6.0,171378.15,27,MARMO-GRIS,Marmolisima Gris,Revestimientos murales
2024-04-15,0.0,0.0,27,MARMO-GRIS,Marmolisima Gris,Revestimientos murales
2024-04-22,0.0,0.0,27,MARMO-GRIS,Marmolisima Gris,Revestimientos murales
2024-04-29,0.0,0.0,27,MARMO-GRIS,Marmolisima Gris,Revestimientos murales
2024-05-06,13.0,371319.33,27,MARMO-GRIS,Marmolisima Gris,Revestimientos murales
2024-05-13,0.0,0.0,27,MARMO-GRIS,Marmolisima Gris,Revestimientos murales
2024-05-20,29.0,828327.74,27,MARMO-GRIS,Marmolisima Gris,Revestimientos murales
2024-05-27,17.0,485571.43000000005,27,MARMO-GRIS,Marmolisima Gris,Revestimientos murales
2024-06-03,27.0,771201.6799999999,27,MARMO-GRIS,Marmolisima Gris,Revestimientos murales
2024-06-10,14.0,399882.36,27,MARMO-GRIS,Marmolisima Gris,Revestimientos murales
2024-06-17,6.0,171378.15,27,MARMO-GRIS,Marmolisima Gris,Revestimientos murales
2024-06-24,4.0,114252.1,27,MARMO-GRIS,Marmolisima Gris,Revestimientos murales
2024-07-01,4.0,114252.11,27,MARMO-GRIS,Marmolisima Gris,Revestimientos murales
2024-07-08,19.0,542697.48,27,MARMO-GRIS,Marmolisima Gris,Revestimientos murales
2024-07-15,64.0,1828033.6199999999,27,MARMO-GRIS,Marmolisima Gris,Revestimientos murales
2024-07-22,10.0,285630.25,27,MARMO-GRIS,Marmolisima Gris,Revestimientos murales
2024-07-29,8.0,228504.21000000002,27,MARMO-GRIS,Marmolisima Gris,Revestimientos murales
2024-08-05,3.0,85689.08,27,MARMO-GRIS,Marmolisima Gris,Revestimientos murales
2024-08-12,15.0,428445.38,27,MARMO-GRIS,Marmolisima Gris,Revestimientos murales
2024-08-19,0.0,0.0,27,MARMO-GRIS,Marmolisima Gris,Revestimientos murales
2024-08-26,0.0,0.0,27,MARMO-GRIS,Marmolisima Gris,Revestimientos murales
2024-09-02,43.0,1228210.09,27,MARMO-GRIS,Marmolisima Gris,Revestimientos murales
2024-09-09,14.0,399882.36,27,MARMO-GRIS,Marmolisima Gris,Revestimientos murales
2024-09-16,1.0,28563.03,27,MARMO-GRIS,Marmolisima Gris,Revestimientos murales
2024-09-23,6.0,171378.15,27,MARMO-GRIS,Marmolisima Gris,Revestimientos murales
2024-09-30,5.0,142815.13,27,MARMO-GRIS,Marmolisima Gris,Revestimientos murales
2024-10-07,13.0,371319.34,27,MARMO-GRIS,Marmolisima Gris,Revestimientos murales
2024-10-14,13.0,371319.33,27,MARMO-GRIS,Marmolisima Gris,Revestimientos murales
2024-10-21,11.0,314193.28,27,MARMO-GRIS,Marmolisima Gris,Revestimientos murales
2024-10-28,16.0,457008.41000000003,27,MARMO-GRIS,Marmolisima Gris,Revestimientos murales
2024-11-04,1.0,28563.03,27,MARMO-GRIS,Marmolisima Gris,Revestimientos murales
2024-11-11,0.0,0.0,27,MARMO-GRIS,Marmolisima Gris,Revestimientos murales
2024-11-18,18.0,514134.44999999995,27,MARMO-GRIS,Marmolisima Gris,Revestimientos murales
2024-11-25,8.0,228504.21,27,MARMO-GRIS,Marmolisima Gris,Revestimientos murales
2024-12-02,7.0,199941.18,27,MARMO-GRIS,Marmolisima Gris,Revestimientos murales
2024-12-09,6.0,171378.15,27,MARMO-GRIS,Marmolisima Gris,Revestimientos murales
2024-12-16,4.0,114252.1,27,MARMO-GRIS,Marmolisima Gris,Revestimientos murales
2024-12-23,0.0,0.0,27,MARMO-GRIS,Marmolisima Gris,Revestimientos murales
2024-12-30,0.0,0.0,27,MARMO-GRIS,Marmolisima Gris,Revestimientos murales
2025-01-06,0.0,0.0,27,MARMO-GRIS,Marmolisima Gris,Revestimientos murales
2025-01-13,0.0,0.0,27,MARMO-GRIS,Marmolisima Gris,Revestimientos murales
2025-01-20,0.0,0.0,27,MARMO-GRIS,Marmolisima Gris,Revestimientos murales
2025-01-27,0.0,0.0,27,MARMO-GRIS,Marmolisima Gris,Revestimientos murales
2025-02-03,0.0,0.0,27,MARMO-GRIS,Marmolisima Gris,Revestimientos murales
2025-02-10,33.0,942579.83,27,MARMO-GRIS,Marmolisima Gris,Revestimientos murales
2025-02-17,18.0,514134.4600000001,27,MARMO-GRIS,Marmolisima Gris,Revestimientos murales
2025-02-24,13.0,371319.32999999996,27,MARMO-GRIS,Marmolisima Gris,Revestimientos murales
2025-03-03,24.0,685512.61,27,MARMO-GRIS,Marmolisima Gris,Revestimientos murales
2025-03-10,15.0,428445.38,27,MARMO-GRIS,Marmolisima Gris,Revestimientos murales
2025-03-17,27.0,771201.68,27,MARMO-GRIS,Marmolisima Gris,Revestimientos murales
2025-03-24,11.0,314193.27999999997,27,MARMO-GRIS,Marmolisima Gris,Revestimientos murales
2025-03-31,36.0,1028268.91,27,MARMO-GRIS,Marmolisima Gris,Revestimientos murales
2025-04-07,29.0,828327.73,27,MARMO-GRIS,Marmolisima Gris,Revestimientos murales
2025-04-14,14.0,399882.36,27,MARMO-GRIS,Marmolisima Gris,Revestimientos murales
2025-04-21,4.0,114252.1,27,MARMO-GRIS,Marmolisima Gris,Revestimientos murales
2025-04-28,0.0,0.0,27,MARMO-GRIS,Marmolisima Gris,Revestimientos murales
2025-05-05,9.0,257067.23,27,MARMO-GRIS,Marmolisima Gris,Revestimientos murales
2025-05-12,16.0,457008.41000000003,27,MARMO-GRIS,Marmolisima Gris,Revestimientos murales
2025-05-19,5.0,142815.13,27,MARMO-GRIS,Marmolisima Gris,Revestimientos murales
2025-05-26,5.0,142815.13,27,MARMO-GRIS,Marmolisima Gris,Revestimientos murales
2025-06-02,8.0,228504.2,27,MARMO-GRIS,Marmolisima Gris,Revestimientos murales
2025-06-09,29.0,828327.74,27,MARMO-GRIS,Marmolisima Gris,Revestimientos murales
2025-06-16,30.0,856890.76,27,MARMO-GRIS,Marmolisima Gris,Revestimientos murales
2025-06-23,20.0,571260.51,27,MARMO-GRIS,Marmolisima Gris,Revestimientos murales
2025-06-30,27.0,771201.6799999999,27,MARMO-GRIS,Marmolisima Gris,Revestimientos murales
2025-07-07,33.0,942579.84,27,MARMO-GRIS,Marmolisima Gris,Revestimientos murales
2025-07-14,15.0,428445.39,27,MARMO-GRIS,Marmolisima Gris,Revestimientos murales
2025-07-21,22.0,628386.57,27,MARMO-GRIS,Marmolisima Gris,Revestimientos murales
2025-07-28,40.0,1142521.01,27,MARMO-GRIS,Marmolisima Gris,Revestimientos murales
2025-08-04,4.0,114252.1,27,MARMO-GRIS,Marmolisima Gris,Revestimientos murales
2025-08-11,8.0,228504.2,27,MARMO-GRIS,Marmolisima Gris,Revestimientos murales
2025-08-18,41.0,1171084.03,27,MARMO-GRIS,Marmolisima Gris,Revestimientos murales
2025-08-25,28.0,799764.71,27,MARMO-GRIS,Marmolisima Gris,Revestimientos murales
2025-09-01,26.0,742638.67,27,MARMO-GRIS,Marmolisima Gris,Revestimientos murales
2025-09-08,16.0,457008.42,27,MARMO-GRIS,Marmolisima Gris,Revestimientos murales
2025-09-15,23.0,656949.5900000001,27,MARMO-GRIS,Marmolisima Gris,Revestimientos murales
2025-09-22,15.0,428445.39,27,MARMO-GRIS,Marmolisima Gris,Revestimientos murales
2025-09-29,58.0,1656655.46,27,MARMO-GRIS,Marmolisima Gris,Revestimientos murales
2025-10-06,137.0,3913134.46,27,MARMO-GRIS,Marmolisima Gris,Revestimientos murales
2025-10-13,31.0,885453.8,27,MARMO-GRIS,Marmolisima Gris,Revestimientos murales
2025-10-20,25.0,714075.64,27,MARMO-GRIS,Marmolisima Gris,Revestimientos murales
2025-10-27,16.0,457008.41000000003,27,MARMO-GRIS,Marmolisima Gris,Revestimientos murales
2025-11-03,5.0,142815.13,27,MARMO-GRIS,Marmolisima Gris,Revestimientos murales
2025-11-10,32.0,914016.8,27,MARMO-GRIS,Marmolisima Gris,Revestimientos murales
2025-11-17,9.0,257067.23,27,MARMO-GRIS,Marmolisima Gris,Revestimientos murales
2025-11-24,0.0,0.0,27,MARMO-GRIS,Marmolisima Gris,Revestimientos murales
2025-12-01,18.0,514134.45,27,MARMO-GRIS,Marmolisima Gris,Revestimientos murales
2025-12-08,2.0,57126.05,27,MARMO-GRIS,Marmolisima Gris,Revestimientos murales
2025-12-15,0.0,0.0,27,MARMO-GRIS,Marmolisima Gris,Revestimientos murales
2025-12-22,0.0,0.0,27,MARMO-GRIS,Marmolisima Gris,Revestimientos murales
2025-12-29,0.0,0.0,27,MARMO-GRIS,Marmolisima Gris,Revestimientos murales
2026-01-05,7.0,199941.18,27,MARMO-GRIS,Marmolisima Gris,Revestimientos murales
2026-01-12,28.0,799764.72,27,MARMO-GRIS,Marmolisima Gris,Revestimientos murales
2026-01-19,37.0,1056831.94,27,MARMO-GRIS,Marmolisima Gris,Revestimientos murales
2026-01-26,43.0,1228210.09,27,MARMO-GRIS,Marmolisima Gris,Revestimientos murales
2026-02-02,14.0,399882.36,27,MARMO-GRIS,Marmolisima Gris,Revestimientos murales
2026-02-09,21.0,599823.53,27,MARMO-GRIS,Marmolisima Gris,Revestimientos murales
2026-02-16,0.0,0.0,27,MARMO-GRIS,Marmolisima Gris,Revestimientos murales
2026-02-23,0.0,0.0,27,MARMO-GRIS,Marmolisima Gris,Revestimientos murales
2026-03-02,18.0,514134.46,27,MARMO-GRIS,Marmolisima Gris,Revestimientos murales
2026-03-09,8.0,228504.21000000002,27,MARMO-GRIS,Marmolisima Gris,Revestimientos murales
2026-03-16,6.0,171378.15,27,MARMO-GRIS,Marmolisima Gris,Revestimientos murales
2026-03-23,18.0,514134.46,27,MARMO-GRIS,Marmolisima Gris,Revestimientos murales
2026-03-30,3.0,85689.08,27,MARMO-GRIS,Marmolisima Gris,Revestimientos murales
2026-04-06,22.0,628386.56,27,MARMO-GRIS,Marmolisima Gris,Revestimientos murales
2026-04-13,22.0,628386.56,27,MARMO-GRIS,Marmolisima Gris,Revestimientos murales
2026-04-20,17.0,485571.43,27,MARMO-GRIS,Marmolisima Gris,Revestimientos murales
2026-04-27,17.0,485571.43000000005,27,MARMO-GRIS,Marmolisima Gris,Revestimientos murales
2026-05-04,16.0,457008.41000000003,27,MARMO-GRIS,Marmolisima Gris,Revestimientos murales
2026-05-11,19.0,542697.48,27,MARMO-GRIS,Marmolisima Gris,Revestimientos murales
2026-05-18,28.0,799764.7100000001,27,MARMO-GRIS,Marmolisima Gris,Revestimientos murales
2026-05-25,9.0,257067.23,27,MARMO-GRIS,Marmolisima Gris,Revestimientos murales
2026-06-01,5.0,142815.13,27,MARMO-GRIS,Marmolisima Gris,Revestimientos murales
2026-06-08,1.0,28563.03,27,MARMO-GRIS,Marmolisima Gris,Revestimientos murales
2026-06-15,0.0,0.0,27,MARMO-GRIS,Marmolisima Gris,Revestimientos murales
2026-06-22,0.0,0.0,27,MARMO-GRIS,Marmolisima Gris,Revestimientos murales
2026-06-29,0.0,0.0,27,MARMO-GRIS,Marmolisima Gris,Revestimientos murales
2026-07-06,0.0,0.0,27,MARMO-GRIS,Marmolisima Gris,Revestimientos murales
2024-05-20,12.0,342756.31,28,MARMO-TRAVERTINO,Marmolisima Travertino,Revestimientos murales
2024-05-27,0.0,0.0,28,MARMO-TRAVERTINO,Marmolisima Travertino,Revestimientos murales
2024-06-03,0.0,0.0,28,MARMO-TRAVERTINO,Marmolisima Travertino,Revestimientos murales
2024-06-10,3.0,85689.08,28,MARMO-TRAVERTINO,Marmolisima Travertino,Revestimientos murales
2024-06-17,0.0,0.0,28,MARMO-TRAVERTINO,Marmolisima Travertino,Revestimientos murales
2024-06-24,2.0,57126.05,28,MARMO-TRAVERTINO,Marmolisima Travertino,Revestimientos murales
2024-07-01,0.0,0.0,28,MARMO-TRAVERTINO,Marmolisima Travertino,Revestimientos murales
2024-07-08,9.0,257067.23,28,MARMO-TRAVERTINO,Marmolisima Travertino,Revestimientos murales
2024-07-15,30.0,856890.76,28,MARMO-TRAVERTINO,Marmolisima Travertino,Revestimientos murales
2024-07-22,0.0,0.0,28,MARMO-TRAVERTINO,Marmolisima Travertino,Revestimientos murales
2024-07-29,37.0,1056831.93,28,MARMO-TRAVERTINO,Marmolisima Travertino,Revestimientos murales
2024-08-05,6.0,171378.15,28,MARMO-TRAVERTINO,Marmolisima Travertino,Revestimientos murales
2024-08-12,0.0,0.0,28,MARMO-TRAVERTINO,Marmolisima Travertino,Revestimientos murales
2024-08-19,19.0,542697.48,28,MARMO-TRAVERTINO,Marmolisima Travertino,Revestimientos murales
2024-08-26,12.0,342756.3,28,MARMO-TRAVERTINO,Marmolisima Travertino,Revestimientos murales
2024-09-02,6.0,171378.15000000002,28,MARMO-TRAVERTINO,Marmolisima Travertino,Revestimientos murales
2024-09-09,1.0,28563.03,28,MARMO-TRAVERTINO,Marmolisima Travertino,Revestimientos murales
2024-09-16,0.0,0.0,28,MARMO-TRAVERTINO,Marmolisima Travertino,Revestimientos murales
2024-09-23,0.0,0.0,28,MARMO-TRAVERTINO,Marmolisima Travertino,Revestimientos murales
2024-09-30,0.0,0.0,28,MARMO-TRAVERTINO,Marmolisima Travertino,Revestimientos murales
2024-10-07,0.0,0.0,28,MARMO-TRAVERTINO,Marmolisima Travertino,Revestimientos murales
2024-10-14,0.0,0.0,28,MARMO-TRAVERTINO,Marmolisima Travertino,Revestimientos murales
2024-10-21,0.0,0.0,28,MARMO-TRAVERTINO,Marmolisima Travertino,Revestimientos murales
2024-10-28,0.0,0.0,28,MARMO-TRAVERTINO,Marmolisima Travertino,Revestimientos murales
2024-11-04,15.0,428445.38,28,MARMO-TRAVERTINO,Marmolisima Travertino,Revestimientos murales
2024-11-11,0.0,0.0,28,MARMO-TRAVERTINO,Marmolisima Travertino,Revestimientos murales
2024-11-18,0.0,0.0,28,MARMO-TRAVERTINO,Marmolisima Travertino,Revestimientos murales
2024-11-25,0.0,0.0,28,MARMO-TRAVERTINO,Marmolisima Travertino,Revestimientos murales
2024-12-02,0.0,0.0,28,MARMO-TRAVERTINO,Marmolisima Travertino,Revestimientos murales
2024-12-09,0.0,0.0,28,MARMO-TRAVERTINO,Marmolisima Travertino,Revestimientos murales
2024-12-16,5.0,142815.13,28,MARMO-TRAVERTINO,Marmolisima Travertino,Revestimientos murales
2024-12-23,114.0,3256184.87,28,MARMO-TRAVERTINO,Marmolisima Travertino,Revestimientos murales
2024-12-30,2.0,57126.05,28,MARMO-TRAVERTINO,Marmolisima Travertino,Revestimientos murales
2025-01-06,0.0,0.0,28,MARMO-TRAVERTINO,Marmolisima Travertino,Revestimientos murales
2025-01-13,12.0,342756.3,28,MARMO-TRAVERTINO,Marmolisima Travertino,Revestimientos murales
2025-01-20,0.0,0.0,28,MARMO-TRAVERTINO,Marmolisima Travertino,Revestimientos murales
2025-01-27,0.0,0.0,28,MARMO-TRAVERTINO,Marmolisima Travertino,Revestimientos murales
2025-02-03,4.0,114252.1,28,MARMO-TRAVERTINO,Marmolisima Travertino,Revestimientos murales
2025-02-10,6.0,171378.15,28,MARMO-TRAVERTINO,Marmolisima Travertino,Revestimientos murales
2025-02-17,0.0,0.0,28,MARMO-TRAVERTINO,Marmolisima Travertino,Revestimientos murales
2025-02-24,0.0,0.0,28,MARMO-TRAVERTINO,Marmolisima Travertino,Revestimientos murales
2025-03-03,4.0,114252.1,28,MARMO-TRAVERTINO,Marmolisima Travertino,Revestimientos murales
2025-03-10,8.0,228504.21000000002,28,MARMO-TRAVERTINO,Marmolisima Travertino,Revestimientos murales
2025-03-17,6.0,171378.15,28,MARMO-TRAVERTINO,Marmolisima Travertino,Revestimientos murales
2025-03-24,0.0,0.0,28,MARMO-TRAVERTINO,Marmolisima Travertino,Revestimientos murales
2025-03-31,4.0,114252.1,28,MARMO-TRAVERTINO,Marmolisima Travertino,Revestimientos murales
2025-04-07,0.0,0.0,28,MARMO-TRAVERTINO,Marmolisima Travertino,Revestimientos murales
2025-04-14,4.0,114252.1,28,MARMO-TRAVERTINO,Marmolisima Travertino,Revestimientos murales
2025-04-21,0.0,0.0,28,MARMO-TRAVERTINO,Marmolisima Travertino,Revestimientos murales
2025-04-28,0.0,0.0,28,MARMO-TRAVERTINO,Marmolisima Travertino,Revestimientos murales
2025-05-05,0.0,0.0,28,MARMO-TRAVERTINO,Marmolisima Travertino,Revestimientos murales
2025-05-12,0.0,0.0,28,MARMO-TRAVERTINO,Marmolisima Travertino,Revestimientos murales
2025-05-19,2.0,57126.05,28,MARMO-TRAVERTINO,Marmolisima Travertino,Revestimientos murales
2025-05-26,0.0,0.0,28,MARMO-TRAVERTINO,Marmolisima Travertino,Revestimientos murales
2025-06-02,13.0,371319.33,28,MARMO-TRAVERTINO,Marmolisima Travertino,Revestimientos murales
2025-06-09,0.0,0.0,28,MARMO-TRAVERTINO,Marmolisima Travertino,Revestimientos murales
2025-06-16,0.0,0.0,28,MARMO-TRAVERTINO,Marmolisima Travertino,Revestimientos murales
2025-06-23,0.0,0.0,28,MARMO-TRAVERTINO,Marmolisima Travertino,Revestimientos murales
2025-06-30,0.0,0.0,28,MARMO-TRAVERTINO,Marmolisima Travertino,Revestimientos murales
2025-07-07,0.0,0.0,28,MARMO-TRAVERTINO,Marmolisima Travertino,Revestimientos murales
2025-07-14,0.0,0.0,28,MARMO-TRAVERTINO,Marmolisima Travertino,Revestimientos murales
2025-07-21,0.0,0.0,28,MARMO-TRAVERTINO,Marmolisima Travertino,Revestimientos murales
2025-07-28,0.0,0.0,28,MARMO-TRAVERTINO,Marmolisima Travertino,Revestimientos murales
2025-08-04,5.0,142815.13,28,MARMO-TRAVERTINO,Marmolisima Travertino,Revestimientos murales
2025-08-11,0.0,0.0,28,MARMO-TRAVERTINO,Marmolisima Travertino,Revestimientos murales
2025-08-18,1.0,28563.03,28,MARMO-TRAVERTINO,Marmolisima Travertino,Revestimientos murales
2025-08-25,0.0,0.0,28,MARMO-TRAVERTINO,Marmolisima Travertino,Revestimientos murales
2025-09-01,0.0,0.0,28,MARMO-TRAVERTINO,Marmolisima Travertino,Revestimientos murales
2025-09-08,0.0,0.0,28,MARMO-TRAVERTINO,Marmolisima Travertino,Revestimientos murales
2025-09-15,0.0,0.0,28,MARMO-TRAVERTINO,Marmolisima Travertino,Revestimientos murales
2025-09-22,4.0,114252.1,28,MARMO-TRAVERTINO,Marmolisima Travertino,Revestimientos murales
2025-09-29,5.0,142815.13,28,MARMO-TRAVERTINO,Marmolisima Travertino,Revestimientos murales
2025-10-06,6.0,171378.15,28,MARMO-TRAVERTINO,Marmolisima Travertino,Revestimientos murales
2025-10-13,23.0,656949.5800000001,28,MARMO-TRAVERTINO,Marmolisima Travertino,Revestimientos murales
2025-10-20,2.0,57126.05,28,MARMO-TRAVERTINO,Marmolisima Travertino,Revestimientos murales
2025-10-27,0.0,0.0,28,MARMO-TRAVERTINO,Marmolisima Travertino,Revestimientos murales
2025-11-03,1.0,28563.03,28,MARMO-TRAVERTINO,Marmolisima Travertino,Revestimientos murales
2025-11-10,1.0,28563.03,28,MARMO-TRAVERTINO,Marmolisima Travertino,Revestimientos murales
2025-11-17,0.0,0.0,28,MARMO-TRAVERTINO,Marmolisima Travertino,Revestimientos murales
2025-11-24,8.0,228504.2,28,MARMO-TRAVERTINO,Marmolisima Travertino,Revestimientos murales
2025-12-01,1.0,28563.03,28,MARMO-TRAVERTINO,Marmolisima Travertino,Revestimientos murales
2025-12-08,7.0,199941.18,28,MARMO-TRAVERTINO,Marmolisima Travertino,Revestimientos murales
2025-12-15,5.0,142815.13,28,MARMO-TRAVERTINO,Marmolisima Travertino,Revestimientos murales
2025-12-22,0.0,0.0,28,MARMO-TRAVERTINO,Marmolisima Travertino,Revestimientos murales
2025-12-29,2.0,57126.05,28,MARMO-TRAVERTINO,Marmolisima Travertino,Revestimientos murales
2026-01-05,7.0,199941.18,28,MARMO-TRAVERTINO,Marmolisima Travertino,Revestimientos murales
2026-01-12,12.0,342756.3,28,MARMO-TRAVERTINO,Marmolisima Travertino,Revestimientos murales
2026-01-19,17.0,485571.43,28,MARMO-TRAVERTINO,Marmolisima Travertino,Revestimientos murales
2026-01-26,0.0,0.0,28,MARMO-TRAVERTINO,Marmolisima Travertino,Revestimientos murales
2026-02-02,1.0,28563.03,28,MARMO-TRAVERTINO,Marmolisima Travertino,Revestimientos murales
2026-02-09,0.0,0.0,28,MARMO-TRAVERTINO,Marmolisima Travertino,Revestimientos murales
2026-02-16,0.0,0.0,28,MARMO-TRAVERTINO,Marmolisima Travertino,Revestimientos murales
2026-02-23,4.0,114252.1,28,MARMO-TRAVERTINO,Marmolisima Travertino,Revestimientos murales
2026-03-02,0.0,0.0,28,MARMO-TRAVERTINO,Marmolisima Travertino,Revestimientos murales
2026-03-09,0.0,0.0,28,MARMO-TRAVERTINO,Marmolisima Travertino,Revestimientos murales
2026-03-16,0.0,0.0,28,MARMO-TRAVERTINO,Marmolisima Travertino,Revestimientos murales
2026-03-23,8.0,228504.21,28,MARMO-TRAVERTINO,Marmolisima Travertino,Revestimientos murales
2026-03-30,0.0,0.0,28,MARMO-TRAVERTINO,Marmolisima Travertino,Revestimientos murales
2026-04-06,0.0,0.0,28,MARMO-TRAVERTINO,Marmolisima Travertino,Revestimientos murales
2026-04-13,0.0,0.0,28,MARMO-TRAVERTINO,Marmolisima Travertino,Revestimientos murales
2026-04-20,0.0,0.0,28,MARMO-TRAVERTINO,Marmolisima Travertino,Revestimientos murales
2026-04-27,0.0,0.0,28,MARMO-TRAVERTINO,Marmolisima Travertino,Revestimientos murales
2026-05-04,4.0,114252.1,28,MARMO-TRAVERTINO,Marmolisima Travertino,Revestimientos murales
2026-05-11,0.0,0.0,28,MARMO-TRAVERTINO,Marmolisima Travertino,Revestimientos murales
2026-05-18,3.0,85689.08,28,MARMO-TRAVERTINO,Marmolisima Travertino,Revestimientos murales
2026-05-25,0.0,0.0,28,MARMO-TRAVERTINO,Marmolisima Travertino,Revestimientos murales
2026-06-01,0.0,0.0,28,MARMO-TRAVERTINO,Marmolisima Travertino,Revestimientos murales
2026-06-08,0.0,0.0,28,MARMO-TRAVERTINO,Marmolisima Travertino,Revestimientos murales
2026-06-15,0.0,0.0,28,MARMO-TRAVERTINO,Marmolisima Travertino,Revestimientos murales
2026-06-22,0.0,0.0,28,MARMO-TRAVERTINO,Marmolisima Travertino,Revestimientos murales
2026-06-29,0.0,0.0,28,MARMO-TRAVERTINO,Marmolisima Travertino,Revestimientos murales
2026-07-06,0.0,0.0,28,MARMO-TRAVERTINO,Marmolisima Travertino,Revestimientos murales
2024-05-20,17.0,485571.43000000005,29,MARMO-NEGRA,Marmolisima Negra,Revestimientos murales
2024-05-27,3.0,85689.08,29,MARMO-NEGRA,Marmolisima Negra,Revestimientos murales
2024-06-03,10.0,285630.26,29,MARMO-NEGRA,Marmolisima Negra,Revestimientos murales
2024-06-10,9.0,257067.22999999998,29,MARMO-NEGRA,Marmolisima Negra,Revestimientos murales
2024-06-17,5.0,142815.14,29,MARMO-NEGRA,Marmolisima Negra,Revestimientos murales
2024-06-24,11.0,314193.28,29,MARMO-NEGRA,Marmolisima Negra,Revestimientos murales
2024-07-01,2.0,57126.06,29,MARMO-NEGRA,Marmolisima Negra,Revestimientos murales
2024-07-08,0.0,0.0,29,MARMO-NEGRA,Marmolisima Negra,Revestimientos murales
2024-07-15,40.0,1142521.01,29,MARMO-NEGRA,Marmolisima Negra,Revestimientos murales
2024-07-22,7.0,199941.18,29,MARMO-NEGRA,Marmolisima Negra,Revestimientos murales
2024-07-29,0.0,0.0,29,MARMO-NEGRA,Marmolisima Negra,Revestimientos murales
2024-08-05,5.0,142815.13,29,MARMO-NEGRA,Marmolisima Negra,Revestimientos murales
2024-08-12,0.0,0.0,29,MARMO-NEGRA,Marmolisima Negra,Revestimientos murales
2024-08-19,1.0,28563.03,29,MARMO-NEGRA,Marmolisima Negra,Revestimientos murales
2024-08-26,0.0,0.0,29,MARMO-NEGRA,Marmolisima Negra,Revestimientos murales
2024-09-02,0.0,0.0,29,MARMO-NEGRA,Marmolisima Negra,Revestimientos murales
2024-09-09,1.0,28563.03,29,MARMO-NEGRA,Marmolisima Negra,Revestimientos murales
2024-09-16,0.0,0.0,29,MARMO-NEGRA,Marmolisima Negra,Revestimientos murales
2024-09-23,1.0,28563.03,29,MARMO-NEGRA,Marmolisima Negra,Revestimientos murales
2024-09-30,7.0,199941.18,29,MARMO-NEGRA,Marmolisima Negra,Revestimientos murales
2024-10-07,0.0,0.0,29,MARMO-NEGRA,Marmolisima Negra,Revestimientos murales
2024-10-14,8.0,228504.2,29,MARMO-NEGRA,Marmolisima Negra,Revestimientos murales
2024-10-21,6.0,171378.15,29,MARMO-NEGRA,Marmolisima Negra,Revestimientos murales
2024-10-28,4.0,114252.1,29,MARMO-NEGRA,Marmolisima Negra,Revestimientos murales
2024-11-04,5.0,142815.13,29,MARMO-NEGRA,Marmolisima Negra,Revestimientos murales
2024-11-11,7.0,199941.18,29,MARMO-NEGRA,Marmolisima Negra,Revestimientos murales
2024-11-18,0.0,0.0,29,MARMO-NEGRA,Marmolisima Negra,Revestimientos murales
2024-11-25,1.0,28563.03,29,MARMO-NEGRA,Marmolisima Negra,Revestimientos murales
2024-12-02,9.0,257067.23,29,MARMO-NEGRA,Marmolisima Negra,Revestimientos murales
2024-12-09,25.0,714075.63,29,MARMO-NEGRA,Marmolisima Negra,Revestimientos murales
2024-12-16,1.0,28563.03,29,MARMO-NEGRA,Marmolisima Negra,Revestimientos murales
2024-12-23,1.0,28563.03,29,MARMO-NEGRA,Marmolisima Negra,Revestimientos murales
2024-12-30,6.0,171378.15000000002,29,MARMO-NEGRA,Marmolisima Negra,Revestimientos murales
2025-01-06,11.0,314193.29,29,MARMO-NEGRA,Marmolisima Negra,Revestimientos murales
2025-01-13,4.0,114252.1,29,MARMO-NEGRA,Marmolisima Negra,Revestimientos murales
2025-01-20,60.0,1713781.53,29,MARMO-NEGRA,Marmolisima Negra,Revestimientos murales
2025-01-27,19.0,542697.49,29,MARMO-NEGRA,Marmolisima Negra,Revestimientos murales
2025-02-03,11.0,314193.28,29,MARMO-NEGRA,Marmolisima Negra,Revestimientos murales
2025-02-10,15.0,428445.39,29,MARMO-NEGRA,Marmolisima Negra,Revestimientos murales
2025-02-17,11.0,314193.29000000004,29,MARMO-NEGRA,Marmolisima Negra,Revestimientos murales
2025-02-24,14.0,399882.36,29,MARMO-NEGRA,Marmolisima Negra,Revestimientos murales
2025-03-03,9.0,257067.23,29,MARMO-NEGRA,Marmolisima Negra,Revestimientos murales
2025-03-10,2.0,57126.05,29,MARMO-NEGRA,Marmolisima Negra,Revestimientos murales
2025-03-17,2.0,57126.05,29,MARMO-NEGRA,Marmolisima Negra,Revestimientos murales
2025-03-24,3.0,85689.08,29,MARMO-NEGRA,Marmolisima Negra,Revestimientos murales
2025-03-31,4.0,114252.1,29,MARMO-NEGRA,Marmolisima Negra,Revestimientos murales
2025-04-07,5.0,142815.13,29,MARMO-NEGRA,Marmolisima Negra,Revestimientos murales
2025-04-14,4.0,114252.1,29,MARMO-NEGRA,Marmolisima Negra,Revestimientos murales
2025-04-21,12.0,342756.3,29,MARMO-NEGRA,Marmolisima Negra,Revestimientos murales
2025-04-28,6.0,171378.16,29,MARMO-NEGRA,Marmolisima Negra,Revestimientos murales
2025-05-05,11.0,314193.29000000004,29,MARMO-NEGRA,Marmolisima Negra,Revestimientos murales
2025-05-12,0.0,0.0,29,MARMO-NEGRA,Marmolisima Negra,Revestimientos murales
2025-05-19,11.0,314193.28,29,MARMO-NEGRA,Marmolisima Negra,Revestimientos murales
2025-05-26,4.0,114252.1,29,MARMO-NEGRA,Marmolisima Negra,Revestimientos murales
2025-06-02,0.0,0.0,29,MARMO-NEGRA,Marmolisima Negra,Revestimientos murales
2025-06-09,0.0,0.0,29,MARMO-NEGRA,Marmolisima Negra,Revestimientos murales
2025-06-16,0.0,0.0,29,MARMO-NEGRA,Marmolisima Negra,Revestimientos murales
2025-06-23,0.0,0.0,29,MARMO-NEGRA,Marmolisima Negra,Revestimientos murales
2025-06-30,0.0,0.0,29,MARMO-NEGRA,Marmolisima Negra,Revestimientos murales
2025-07-07,7.0,199941.18,29,MARMO-NEGRA,Marmolisima Negra,Revestimientos murales
2025-07-14,0.0,0.0,29,MARMO-NEGRA,Marmolisima Negra,Revestimientos murales
2025-07-21,0.0,0.0,29,MARMO-NEGRA,Marmolisima Negra,Revestimientos murales
2025-07-28,0.0,0.0,29,MARMO-NEGRA,Marmolisima Negra,Revestimientos murales
2025-08-04,2.0,57126.05,29,MARMO-NEGRA,Marmolisima Negra,Revestimientos murales
2025-08-11,2.0,57126.05,29,MARMO-NEGRA,Marmolisima Negra,Revestimientos murales
2025-08-18,7.0,199941.18,29,MARMO-NEGRA,Marmolisima Negra,Revestimientos murales
2025-08-25,7.0,199941.18,29,MARMO-NEGRA,Marmolisima Negra,Revestimientos murales
2025-09-01,0.0,0.0,29,MARMO-NEGRA,Marmolisima Negra,Revestimientos murales
2025-09-08,0.0,0.0,29,MARMO-NEGRA,Marmolisima Negra,Revestimientos murales
2025-09-15,3.0,85689.08,29,MARMO-NEGRA,Marmolisima Negra,Revestimientos murales
2025-09-22,0.0,0.0,29,MARMO-NEGRA,Marmolisima Negra,Revestimientos murales
2025-09-29,8.0,228504.2,29,MARMO-NEGRA,Marmolisima Negra,Revestimientos murales
2025-10-06,121.0,3456126.0500000003,29,MARMO-NEGRA,Marmolisima Negra,Revestimientos murales
2025-10-13,9.0,257067.23,29,MARMO-NEGRA,Marmolisima Negra,Revestimientos murales
2025-10-20,3.0,85689.08,29,MARMO-NEGRA,Marmolisima Negra,Revestimientos murales
2025-10-27,0.0,0.0,29,MARMO-NEGRA,Marmolisima Negra,Revestimientos murales
2025-11-03,0.0,0.0,29,MARMO-NEGRA,Marmolisima Negra,Revestimientos murales
2025-11-10,2.0,57126.05,29,MARMO-NEGRA,Marmolisima Negra,Revestimientos murales
2025-11-17,16.0,457008.41000000003,29,MARMO-NEGRA,Marmolisima Negra,Revestimientos murales
2025-11-24,2.0,57126.05,29,MARMO-NEGRA,Marmolisima Negra,Revestimientos murales
2025-12-01,10.0,285630.26,29,MARMO-NEGRA,Marmolisima Negra,Revestimientos murales
2025-12-08,2.0,57126.06,29,MARMO-NEGRA,Marmolisima Negra,Revestimientos murales
2025-12-15,6.0,171378.16,29,MARMO-NEGRA,Marmolisima Negra,Revestimientos murales
2025-12-22,0.0,0.0,29,MARMO-NEGRA,Marmolisima Negra,Revestimientos murales
2025-12-29,4.0,114252.1,29,MARMO-NEGRA,Marmolisima Negra,Revestimientos murales
2026-01-05,2.0,57126.05,29,MARMO-NEGRA,Marmolisima Negra,Revestimientos murales
2026-01-12,2.0,57126.05,29,MARMO-NEGRA,Marmolisima Negra,Revestimientos murales
2026-01-19,0.0,0.0,29,MARMO-NEGRA,Marmolisima Negra,Revestimientos murales
2026-01-26,0.0,0.0,29,MARMO-NEGRA,Marmolisima Negra,Revestimientos murales
2026-02-02,3.0,85689.08,29,MARMO-NEGRA,Marmolisima Negra,Revestimientos murales
2026-02-09,3.0,85689.08,29,MARMO-NEGRA,Marmolisima Negra,Revestimientos murales
2026-02-16,1.0,28563.03,29,MARMO-NEGRA,Marmolisima Negra,Revestimientos murales
2026-02-23,0.0,0.0,29,MARMO-NEGRA,Marmolisima Negra,Revestimientos murales
2026-03-02,0.0,0.0,29,MARMO-NEGRA,Marmolisima Negra,Revestimientos murales
2026-03-09,0.0,0.0,29,MARMO-NEGRA,Marmolisima Negra,Revestimientos murales
2026-03-16,3.0,85689.08,29,MARMO-NEGRA,Marmolisima Negra,Revestimientos murales
2026-03-23,11.0,314193.28,29,MARMO-NEGRA,Marmolisima Negra,Revestimientos murales
2026-03-30,0.0,0.0,29,MARMO-NEGRA,Marmolisima Negra,Revestimientos murales
2026-04-06,9.0,257067.22999999998,29,MARMO-NEGRA,Marmolisima Negra,Revestimientos murales
2026-04-13,0.0,0.0,29,MARMO-NEGRA,Marmolisima Negra,Revestimientos murales
2026-04-20,0.0,0.0,29,MARMO-NEGRA,Marmolisima Negra,Revestimientos murales
2026-04-27,0.0,0.0,29,MARMO-NEGRA,Marmolisima Negra,Revestimientos murales
2026-05-04,7.0,199941.18,29,MARMO-NEGRA,Marmolisima Negra,Revestimientos murales
2026-05-11,0.0,0.0,29,MARMO-NEGRA,Marmolisima Negra,Revestimientos murales
2026-05-18,16.0,457008.41000000003,29,MARMO-NEGRA,Marmolisima Negra,Revestimientos murales
2026-05-25,0.0,0.0,29,MARMO-NEGRA,Marmolisima Negra,Revestimientos murales
2026-06-01,0.0,0.0,29,MARMO-NEGRA,Marmolisima Negra,Revestimientos murales
2026-06-08,0.0,0.0,29,MARMO-NEGRA,Marmolisima Negra,Revestimientos murales
2026-06-15,0.0,0.0,29,MARMO-NEGRA,Marmolisima Negra,Revestimientos murales
2026-06-22,0.0,0.0,29,MARMO-NEGRA,Marmolisima Negra,Revestimientos murales
2026-06-29,0.0,0.0,29,MARMO-NEGRA,Marmolisima Negra,Revestimientos murales
2026-07-06,0.0,0.0,29,MARMO-NEGRA,Marmolisima Negra,Revestimientos murales
2024-05-20,4.0,114252.1,30,MARMO-AZUL,Marmolisima Azul,Revestimientos murales
2024-05-27,13.0,371319.34,30,MARMO-AZUL,Marmolisima Azul,Revestimientos murales
2024-06-03,6.0,171378.15,30,MARMO-AZUL,Marmolisima Azul,Revestimientos murales
2024-06-10,23.0,656949.5800000001,30,MARMO-AZUL,Marmolisima Azul,Revestimientos murales
2024-06-17,7.0,199941.18,30,MARMO-AZUL,Marmolisima Azul,Revestimientos murales
2024-06-24,2.0,57126.05,30,MARMO-AZUL,Marmolisima Azul,Revestimientos murales
2024-07-01,10.0,285630.26,30,MARMO-AZUL,Marmolisima Azul,Revestimientos murales
2024-07-08,7.0,199941.18,30,MARMO-AZUL,Marmolisima Azul,Revestimientos murales
2024-07-15,30.0,856890.76,30,MARMO-AZUL,Marmolisima Azul,Revestimientos murales
2024-07-22,4.0,114252.1,30,MARMO-AZUL,Marmolisima Azul,Revestimientos murales
2024-07-29,3.0,85689.08,30,MARMO-AZUL,Marmolisima Azul,Revestimientos murales
2024-08-05,5.0,142815.13,30,MARMO-AZUL,Marmolisima Azul,Revestimientos murales
2024-08-12,0.0,0.0,30,MARMO-AZUL,Marmolisima Azul,Revestimientos murales
2024-08-19,0.0,0.0,30,MARMO-AZUL,Marmolisima Azul,Revestimientos murales
2024-08-26,0.0,0.0,30,MARMO-AZUL,Marmolisima Azul,Revestimientos murales
2024-09-02,10.0,285630.25,30,MARMO-AZUL,Marmolisima Azul,Revestimientos murales
2024-09-09,1.0,28563.03,30,MARMO-AZUL,Marmolisima Azul,Revestimientos murales
2024-09-16,0.0,0.0,30,MARMO-AZUL,Marmolisima Azul,Revestimientos murales
2024-09-23,13.0,371319.32999999996,30,MARMO-AZUL,Marmolisima Azul,Revestimientos murales
2024-09-30,6.0,171378.15,30,MARMO-AZUL,Marmolisima Azul,Revestimientos murales
2024-10-07,0.0,0.0,30,MARMO-AZUL,Marmolisima Azul,Revestimientos murales
2024-10-14,1.0,28563.03,30,MARMO-AZUL,Marmolisima Azul,Revestimientos murales
2024-10-21,0.0,0.0,30,MARMO-AZUL,Marmolisima Azul,Revestimientos murales
2024-10-28,0.0,0.0,30,MARMO-AZUL,Marmolisima Azul,Revestimientos murales
2024-11-04,0.0,0.0,30,MARMO-AZUL,Marmolisima Azul,Revestimientos murales
2024-11-11,6.0,171378.15,30,MARMO-AZUL,Marmolisima Azul,Revestimientos murales
2024-11-18,1.0,28563.03,30,MARMO-AZUL,Marmolisima Azul,Revestimientos murales
2024-11-25,16.0,457008.4,30,MARMO-AZUL,Marmolisima Azul,Revestimientos murales
2024-12-02,13.0,371319.32999999996,30,MARMO-AZUL,Marmolisima Azul,Revestimientos murales
2024-12-09,0.0,0.0,30,MARMO-AZUL,Marmolisima Azul,Revestimientos murales
2024-12-16,4.0,114252.1,30,MARMO-AZUL,Marmolisima Azul,Revestimientos murales
2024-12-23,0.0,0.0,30,MARMO-AZUL,Marmolisima Azul,Revestimientos murales
2024-12-30,26.0,742638.6599999999,30,MARMO-AZUL,Marmolisima Azul,Revestimientos murales
2025-01-06,5.0,142815.13,30,MARMO-AZUL,Marmolisima Azul,Revestimientos murales
2025-01-13,13.0,371319.33,30,MARMO-AZUL,Marmolisima Azul,Revestimientos murales
2025-01-20,21.0,599823.53,30,MARMO-AZUL,Marmolisima Azul,Revestimientos murales
2025-01-27,0.0,0.0,30,MARMO-AZUL,Marmolisima Azul,Revestimientos murales
2025-02-03,0.0,0.0,30,MARMO-AZUL,Marmolisima Azul,Revestimientos murales
2025-02-10,1.0,28563.03,30,MARMO-AZUL,Marmolisima Azul,Revestimientos murales
2025-02-17,11.0,314193.28,30,MARMO-AZUL,Marmolisima Azul,Revestimientos murales
2025-02-24,24.0,685512.6,30,MARMO-AZUL,Marmolisima Azul,Revestimientos murales
2025-03-03,17.0,485571.43,30,MARMO-AZUL,Marmolisima Azul,Revestimientos murales
2025-03-10,2.0,57126.05,30,MARMO-AZUL,Marmolisima Azul,Revestimientos murales
2025-03-17,22.0,628386.56,30,MARMO-AZUL,Marmolisima Azul,Revestimientos murales
2025-03-24,15.0,428445.39,30,MARMO-AZUL,Marmolisima Azul,Revestimientos murales
2025-03-31,4.0,114252.11,30,MARMO-AZUL,Marmolisima Azul,Revestimientos murales
2025-04-07,6.0,171378.15000000002,30,MARMO-AZUL,Marmolisima Azul,Revestimientos murales
2025-04-14,7.0,199941.18,30,MARMO-AZUL,Marmolisima Azul,Revestimientos murales
2025-04-21,12.0,342756.31,30,MARMO-AZUL,Marmolisima Azul,Revestimientos murales
2025-04-28,0.0,0.0,30,MARMO-AZUL,Marmolisima Azul,Revestimientos murales
2025-05-05,0.0,0.0,30,MARMO-AZUL,Marmolisima Azul,Revestimientos murales
2025-05-12,0.0,0.0,30,MARMO-AZUL,Marmolisima Azul,Revestimientos murales
2025-05-19,4.0,114252.1,30,MARMO-AZUL,Marmolisima Azul,Revestimientos murales
2025-05-26,0.0,0.0,30,MARMO-AZUL,Marmolisima Azul,Revestimientos murales
2025-06-02,0.0,0.0,30,MARMO-AZUL,Marmolisima Azul,Revestimientos murales
2025-06-09,0.0,0.0,30,MARMO-AZUL,Marmolisima Azul,Revestimientos murales
2025-06-16,0.0,0.0,30,MARMO-AZUL,Marmolisima Azul,Revestimientos murales
2025-06-23,0.0,0.0,30,MARMO-AZUL,Marmolisima Azul,Revestimientos murales
2025-06-30,0.0,0.0,30,MARMO-AZUL,Marmolisima Azul,Revestimientos murales
2025-07-07,0.0,0.0,30,MARMO-AZUL,Marmolisima Azul,Revestimientos murales
2025-07-14,10.0,285630.25,30,MARMO-AZUL,Marmolisima Azul,Revestimientos murales
2025-07-21,6.0,171378.15,30,MARMO-AZUL,Marmolisima Azul,Revestimientos murales
2025-07-28,0.0,0.0,30,MARMO-AZUL,Marmolisima Azul,Revestimientos murales
2025-08-04,17.0,485571.43,30,MARMO-AZUL,Marmolisima Azul,Revestimientos murales
2025-08-11,4.0,114252.1,30,MARMO-AZUL,Marmolisima Azul,Revestimientos murales
2025-08-18,14.0,399882.35,30,MARMO-AZUL,Marmolisima Azul,Revestimientos murales
2025-08-25,17.0,485571.43,30,MARMO-AZUL,Marmolisima Azul,Revestimientos murales
2025-09-01,13.0,371319.33,30,MARMO-AZUL,Marmolisima Azul,Revestimientos murales
2025-09-08,0.0,0.0,30,MARMO-AZUL,Marmolisima Azul,Revestimientos murales
2025-09-15,6.0,171378.16,30,MARMO-AZUL,Marmolisima Azul,Revestimientos murales
2025-09-22,4.0,114252.1,30,MARMO-AZUL,Marmolisima Azul,Revestimientos murales
2025-09-29,28.0,799764.71,30,MARMO-AZUL,Marmolisima Azul,Revestimientos murales
2025-10-06,17.0,485571.44,30,MARMO-AZUL,Marmolisima Azul,Revestimientos murales
2025-10-13,14.0,399882.35,30,MARMO-AZUL,Marmolisima Azul,Revestimientos murales
2025-10-20,28.0,799764.7100000001,30,MARMO-AZUL,Marmolisima Azul,Revestimientos murales
2025-10-27,8.0,228504.21,30,MARMO-AZUL,Marmolisima Azul,Revestimientos murales
2025-11-03,6.0,171378.15,30,MARMO-AZUL,Marmolisima Azul,Revestimientos murales
2025-11-10,21.0,599823.53,30,MARMO-AZUL,Marmolisima Azul,Revestimientos murales
2025-11-17,11.0,314193.28,30,MARMO-AZUL,Marmolisima Azul,Revestimientos murales
2025-11-24,20.0,571260.51,30,MARMO-AZUL,Marmolisima Azul,Revestimientos murales
2025-12-01,8.0,228504.2,30,MARMO-AZUL,Marmolisima Azul,Revestimientos murales
2025-12-08,1.0,28563.03,30,MARMO-AZUL,Marmolisima Azul,Revestimientos murales
2025-12-15,123.0,3513252.1,30,MARMO-AZUL,Marmolisima Azul,Revestimientos murales
2025-12-22,0.0,0.0,30,MARMO-AZUL,Marmolisima Azul,Revestimientos murales
2025-12-29,1.0,28563.03,30,MARMO-AZUL,Marmolisima Azul,Revestimientos murales
2026-01-05,24.0,685512.6100000001,30,MARMO-AZUL,Marmolisima Azul,Revestimientos murales
2026-01-12,2.0,57126.05,30,MARMO-AZUL,Marmolisima Azul,Revestimientos murales
2026-01-19,0.0,0.0,30,MARMO-AZUL,Marmolisima Azul,Revestimientos murales
2026-01-26,0.0,0.0,30,MARMO-AZUL,Marmolisima Azul,Revestimientos murales
2026-02-02,4.0,114252.1,30,MARMO-AZUL,Marmolisima Azul,Revestimientos murales
2026-02-09,0.0,0.0,30,MARMO-AZUL,Marmolisima Azul,Revestimientos murales
2026-02-16,37.0,1056831.93,30,MARMO-AZUL,Marmolisima Azul,Revestimientos murales
2026-02-23,4.0,114252.1,30,MARMO-AZUL,Marmolisima Azul,Revestimientos murales
2026-03-02,0.0,0.0,30,MARMO-AZUL,Marmolisima Azul,Revestimientos murales
2026-03-09,14.0,399882.35,30,MARMO-AZUL,Marmolisima Azul,Revestimientos murales
2026-03-16,0.0,0.0,30,MARMO-AZUL,Marmolisima Azul,Revestimientos murales
2026-03-23,3.0,85689.08,30,MARMO-AZUL,Marmolisima Azul,Revestimientos murales
2026-03-30,7.0,199941.18,30,MARMO-AZUL,Marmolisima Azul,Revestimientos murales
2026-04-06,6.0,171378.16,30,MARMO-AZUL,Marmolisima Azul,Revestimientos murales
2026-04-13,0.0,0.0,30,MARMO-AZUL,Marmolisima Azul,Revestimientos murales
2026-04-20,0.0,0.0,30,MARMO-AZUL,Marmolisima Azul,Revestimientos murales
2026-04-27,0.0,0.0,30,MARMO-AZUL,Marmolisima Azul,Revestimientos murales
2026-05-04,7.0,199941.18,30,MARMO-AZUL,Marmolisima Azul,Revestimientos murales
2026-05-11,0.0,0.0,30,MARMO-AZUL,Marmolisima Azul,Revestimientos murales
2026-05-18,12.0,342756.31,30,MARMO-AZUL,Marmolisima Azul,Revestimientos murales
2026-05-25,3.0,85689.08,30,MARMO-AZUL,Marmolisima Azul,Revestimientos murales
2026-06-01,3.0,85689.08,30,MARMO-AZUL,Marmolisima Azul,Revestimientos murales
2026-06-08,0.0,0.0,30,MARMO-AZUL,Marmolisima Azul,Revestimientos murales
2026-06-15,0.0,0.0,30,MARMO-AZUL,Marmolisima Azul,Revestimientos murales
2026-06-22,0.0,0.0,30,MARMO-AZUL,Marmolisima Azul,Revestimientos murales
2026-06-29,0.0,0.0,30,MARMO-AZUL,Marmolisima Azul,Revestimientos murales
2026-07-06,0.0,0.0,30,MARMO-AZUL,Marmolisima Azul,Revestimientos murales
2026-01-19,16.0,336000.0,32,MARMOL-SPC-3MM,Marmol SPC 3mm,Revestimientos murales
2026-01-26,19.0,399000.0,32,MARMOL-SPC-3MM,Marmol SPC 3mm,Revestimientos murales
2026-02-02,9.0,189000.0,32,MARMOL-SPC-3MM,Marmol SPC 3mm,Revestimientos murales
2026-02-09,5.0,105000.0,32,MARMOL-SPC-3MM,Marmol SPC 3mm,Revestimientos murales
2026-02-16,3.0,63000.0,32,MARMOL-SPC-3MM,Marmol SPC 3mm,Revestimientos murales
2026-02-23,1.0,21000.0,32,MARMOL-SPC-3MM,Marmol SPC 3mm,Revestimientos murales
2026-03-02,7.0,147000.0,32,MARMOL-SPC-3MM,Marmol SPC 3mm,Revestimientos murales
2026-03-09,0.0,0.0,32,MARMOL-SPC-3MM,Marmol SPC 3mm,Revestimientos murales
2026-03-16,0.0,0.0,32,MARMOL-SPC-3MM,Marmol SPC 3mm,Revestimientos murales
2026-03-23,27.0,567000.0,32,MARMOL-SPC-3MM,Marmol SPC 3mm,Revestimientos murales
2026-03-30,8.0,168000.0,32,MARMOL-SPC-3MM,Marmol SPC 3mm,Revestimientos murales
2026-04-06,9.0,189000.0,32,MARMOL-SPC-3MM,Marmol SPC 3mm,Revestimientos murales
2026-04-13,39.0,819000.0,32,MARMOL-SPC-3MM,Marmol SPC 3mm,Revestimientos murales
2026-04-20,9.0,189000.0,32,MARMOL-SPC-3MM,Marmol SPC 3mm,Revestimientos murales
2026-04-27,3.0,63000.0,32,MARMOL-SPC-3MM,Marmol SPC 3mm,Revestimientos murales
2026-05-04,11.0,231000.0,32,MARMOL-SPC-3MM,Marmol SPC 3mm,Revestimientos murales
2026-05-11,2.0,42000.0,32,MARMOL-SPC-3MM,Marmol SPC 3mm,Revestimientos murales
2026-05-18,4.0,84000.0,32,MARMOL-SPC-3MM,Marmol SPC 3mm,Revestimientos murales
2026-05-25,0.0,0.0,32,MARMOL-SPC-3MM,Marmol SPC 3mm,Revestimientos murales
2026-06-01,0.0,0.0,32,MARMOL-SPC-3MM,Marmol SPC 3mm,Revestimientos murales
2026-06-08,0.0,0.0,32,MARMOL-SPC-3MM,Marmol SPC 3mm,Revestimientos murales
2026-06-15,0.0,0.0,32,MARMOL-SPC-3MM,Marmol SPC 3mm,Revestimientos murales
2026-06-22,0.0,0.0,32,MARMOL-SPC-3MM,Marmol SPC 3mm,Revestimientos murales
2026-06-29,0.0,0.0,32,MARMOL-SPC-3MM,Marmol SPC 3mm,Revestimientos murales
2026-07-06,0.0,0.0,32,MARMOL-SPC-3MM,Marmol SPC 3mm,Revestimientos murales
2024-08-26,41.0,654277.33,33,PANEL-WHITE-INT,Panel White Interior,Revestimientos murales
2024-09-02,1.0,15957.98,33,PANEL-WHITE-INT,Panel White Interior,Revestimientos murales
2024-09-09,0.0,0.0,33,PANEL-WHITE-INT,Panel White Interior,Revestimientos murales
2024-09-16,0.0,0.0,33,PANEL-WHITE-INT,Panel White Interior,Revestimientos murales
2024-09-23,5.0,79789.92,33,PANEL-WHITE-INT,Panel White Interior,Revestimientos murales
2024-09-30,21.0,335117.65,33,PANEL-WHITE-INT,Panel White Interior,Revestimientos murales
2024-10-07,15.0,239369.75,33,PANEL-WHITE-INT,Panel White Interior,Revestimientos murales
2024-10-14,0.0,0.0,33,PANEL-WHITE-INT,Panel White Interior,Revestimientos murales
2024-10-21,8.0,127663.87,33,PANEL-WHITE-INT,Panel White Interior,Revestimientos murales
2024-10-28,15.0,239369.75,33,PANEL-WHITE-INT,Panel White Interior,Revestimientos murales
2024-11-04,0.0,0.0,33,PANEL-WHITE-INT,Panel White Interior,Revestimientos murales
2024-11-11,0.0,0.0,33,PANEL-WHITE-INT,Panel White Interior,Revestimientos murales
2024-11-18,0.0,0.0,33,PANEL-WHITE-INT,Panel White Interior,Revestimientos murales
2024-11-25,35.0,558529.41,33,PANEL-WHITE-INT,Panel White Interior,Revestimientos murales
2024-12-02,9.0,143621.84999999998,33,PANEL-WHITE-INT,Panel White Interior,Revestimientos murales
2024-12-09,0.0,0.0,33,PANEL-WHITE-INT,Panel White Interior,Revestimientos murales
2024-12-16,85.0,1356428.58,33,PANEL-WHITE-INT,Panel White Interior,Revestimientos murales
2024-12-23,23.0,367033.61,33,PANEL-WHITE-INT,Panel White Interior,Revestimientos murales
2024-12-30,5.0,79789.92,33,PANEL-WHITE-INT,Panel White Interior,Revestimientos murales
2025-01-06,0.0,0.0,33,PANEL-WHITE-INT,Panel White Interior,Revestimientos murales
2025-01-13,9.0,143621.85,33,PANEL-WHITE-INT,Panel White Interior,Revestimientos murales
2025-01-20,17.0,271285.71,33,PANEL-WHITE-INT,Panel White Interior,Revestimientos murales
2025-01-27,0.0,0.0,33,PANEL-WHITE-INT,Panel White Interior,Revestimientos murales
2025-02-03,0.0,0.0,33,PANEL-WHITE-INT,Panel White Interior,Revestimientos murales
2025-02-10,7.0,111705.88,33,PANEL-WHITE-INT,Panel White Interior,Revestimientos murales
2025-02-17,0.0,0.0,33,PANEL-WHITE-INT,Panel White Interior,Revestimientos murales
2025-02-24,0.0,0.0,33,PANEL-WHITE-INT,Panel White Interior,Revestimientos murales
2025-03-03,0.0,0.0,33,PANEL-WHITE-INT,Panel White Interior,Revestimientos murales
2025-03-10,0.0,0.0,33,PANEL-WHITE-INT,Panel White Interior,Revestimientos murales
2025-03-17,0.0,0.0,33,PANEL-WHITE-INT,Panel White Interior,Revestimientos murales
2025-03-24,0.0,0.0,33,PANEL-WHITE-INT,Panel White Interior,Revestimientos murales
2025-03-31,0.0,0.0,33,PANEL-WHITE-INT,Panel White Interior,Revestimientos murales
2025-04-07,0.0,0.0,33,PANEL-WHITE-INT,Panel White Interior,Revestimientos murales
2025-04-14,0.0,0.0,33,PANEL-WHITE-INT,Panel White Interior,Revestimientos murales
2025-04-21,0.0,0.0,33,PANEL-WHITE-INT,Panel White Interior,Revestimientos murales
2025-04-28,0.0,0.0,33,PANEL-WHITE-INT,Panel White Interior,Revestimientos murales
2025-05-05,0.0,0.0,33,PANEL-WHITE-INT,Panel White Interior,Revestimientos murales
2025-05-12,0.0,0.0,33,PANEL-WHITE-INT,Panel White Interior,Revestimientos murales
2025-05-19,0.0,0.0,33,PANEL-WHITE-INT,Panel White Interior,Revestimientos murales
2025-05-26,0.0,0.0,33,PANEL-WHITE-INT,Panel White Interior,Revestimientos murales
2025-06-02,0.0,0.0,33,PANEL-WHITE-INT,Panel White Interior,Revestimientos murales
2025-06-09,2.0,31915.97,33,PANEL-WHITE-INT,Panel White Interior,Revestimientos murales
2025-06-16,75.0,1196848.74,33,PANEL-WHITE-INT,Panel White Interior,Revestimientos murales
2025-06-23,8.0,127663.87,33,PANEL-WHITE-INT,Panel White Interior,Revestimientos murales
2025-06-30,13.0,207453.78,33,PANEL-WHITE-INT,Panel White Interior,Revestimientos murales
2025-07-07,38.0,606403.36,33,PANEL-WHITE-INT,Panel White Interior,Revestimientos murales
2025-07-14,6.0,95747.9,33,PANEL-WHITE-INT,Panel White Interior,Revestimientos murales
2025-07-21,2.0,31915.97,33,PANEL-WHITE-INT,Panel White Interior,Revestimientos murales
2025-07-28,0.0,0.0,33,PANEL-WHITE-INT,Panel White Interior,Revestimientos murales
2025-08-04,0.0,0.0,33,PANEL-WHITE-INT,Panel White Interior,Revestimientos murales
2025-08-11,17.0,271285.71,33,PANEL-WHITE-INT,Panel White Interior,Revestimientos murales
2025-08-18,18.0,287243.7,33,PANEL-WHITE-INT,Panel White Interior,Revestimientos murales
2025-08-25,17.0,271285.71,33,PANEL-WHITE-INT,Panel White Interior,Revestimientos murales
2025-09-01,4.0,63831.93,33,PANEL-WHITE-INT,Panel White Interior,Revestimientos murales
2025-09-08,0.0,0.0,33,PANEL-WHITE-INT,Panel White Interior,Revestimientos murales
2025-09-15,0.0,0.0,33,PANEL-WHITE-INT,Panel White Interior,Revestimientos murales
2025-09-22,0.0,0.0,33,PANEL-WHITE-INT,Panel White Interior,Revestimientos murales
2025-09-29,5.0,79789.92,33,PANEL-WHITE-INT,Panel White Interior,Revestimientos murales
2025-10-06,0.0,0.0,33,PANEL-WHITE-INT,Panel White Interior,Revestimientos murales
2025-10-13,1.0,15957.98,33,PANEL-WHITE-INT,Panel White Interior,Revestimientos murales
2025-10-20,60.0,957478.99,33,PANEL-WHITE-INT,Panel White Interior,Revestimientos murales
2025-10-27,0.0,0.0,33,PANEL-WHITE-INT,Panel White Interior,Revestimientos murales
2025-11-03,0.0,0.0,33,PANEL-WHITE-INT,Panel White Interior,Revestimientos murales
2025-11-10,0.0,0.0,33,PANEL-WHITE-INT,Panel White Interior,Revestimientos murales
2025-11-17,0.0,0.0,33,PANEL-WHITE-INT,Panel White Interior,Revestimientos murales
2025-11-24,74.0,1180890.76,33,PANEL-WHITE-INT,Panel White Interior,Revestimientos murales
2025-12-01,0.0,0.0,33,PANEL-WHITE-INT,Panel White Interior,Revestimientos murales
2025-12-08,4.0,63831.93,33,PANEL-WHITE-INT,Panel White Interior,Revestimientos murales
2025-12-15,0.0,0.0,33,PANEL-WHITE-INT,Panel White Interior,Revestimientos murales
2025-12-22,24.0,382991.6,33,PANEL-WHITE-INT,Panel White Interior,Revestimientos murales
2025-12-29,0.0,0.0,33,PANEL-WHITE-INT,Panel White Interior,Revestimientos murales
2026-01-05,0.0,0.0,33,PANEL-WHITE-INT,Panel White Interior,Revestimientos murales
2026-01-12,2.0,31915.97,33,PANEL-WHITE-INT,Panel White Interior,Revestimientos murales
2026-01-19,0.0,0.0,33,PANEL-WHITE-INT,Panel White Interior,Revestimientos murales
2026-01-26,0.0,0.0,33,PANEL-WHITE-INT,Panel White Interior,Revestimientos murales
2026-02-02,0.0,0.0,33,PANEL-WHITE-INT,Panel White Interior,Revestimientos murales
2026-02-09,0.0,0.0,33,PANEL-WHITE-INT,Panel White Interior,Revestimientos murales
2026-02-16,0.0,0.0,33,PANEL-WHITE-INT,Panel White Interior,Revestimientos murales
2026-02-23,0.0,0.0,33,PANEL-WHITE-INT,Panel White Interior,Revestimientos murales
2026-03-02,0.0,0.0,33,PANEL-WHITE-INT,Panel White Interior,Revestimientos murales
2026-03-09,20.0,319159.66,33,PANEL-WHITE-INT,Panel White Interior,Revestimientos murales
2026-03-16,0.0,0.0,33,PANEL-WHITE-INT,Panel White Interior,Revestimientos murales
2026-03-23,40.0,638319.33,33,PANEL-WHITE-INT,Panel White Interior,Revestimientos murales
2026-03-30,0.0,0.0,33,PANEL-WHITE-INT,Panel White Interior,Revestimientos murales
2026-04-06,12.0,191495.8,33,PANEL-WHITE-INT,Panel White Interior,Revestimientos murales
2026-04-13,0.0,0.0,33,PANEL-WHITE-INT,Panel White Interior,Revestimientos murales
2026-04-20,0.0,0.0,33,PANEL-WHITE-INT,Panel White Interior,Revestimientos murales
2026-04-27,0.0,0.0,33,PANEL-WHITE-INT,Panel White Interior,Revestimientos murales
2026-05-04,8.0,127663.87,33,PANEL-WHITE-INT,Panel White Interior,Revestimientos murales
2026-05-11,0.0,0.0,33,PANEL-WHITE-INT,Panel White Interior,Revestimientos murales
2026-05-18,2.0,31915.97,33,PANEL-WHITE-INT,Panel White Interior,Revestimientos murales
2026-05-25,0.0,0.0,33,PANEL-WHITE-INT,Panel White Interior,Revestimientos murales
2026-06-01,0.0,0.0,33,PANEL-WHITE-INT,Panel White Interior,Revestimientos murales
2026-06-08,0.0,0.0,33,PANEL-WHITE-INT,Panel White Interior,Revestimientos murales
2026-06-15,0.0,0.0,33,PANEL-WHITE-INT,Panel White Interior,Revestimientos murales
2026-06-22,0.0,0.0,33,PANEL-WHITE-INT,Panel White Interior,Revestimientos murales
2026-06-29,0.0,0.0,33,PANEL-WHITE-INT,Panel White Interior,Revestimientos murales
2026-07-06,0.0,0.0,33,PANEL-WHITE-INT,Panel White Interior,Revestimientos murales
2025-03-31,15.0,239369.75,34,PANEL-ROCA-LIGHT,Panel Roca Light,Revestimientos murales
2025-04-07,0.0,0.0,34,PANEL-ROCA-LIGHT,Panel Roca Light,Revestimientos murales
2025-04-14,0.0,0.0,34,PANEL-ROCA-LIGHT,Panel Roca Light,Revestimientos murales
2025-04-21,0.0,0.0,34,PANEL-ROCA-LIGHT,Panel Roca Light,Revestimientos murales
2025-04-28,0.0,0.0,34,PANEL-ROCA-LIGHT,Panel Roca Light,Revestimientos murales
2025-05-05,0.0,0.0,34,PANEL-ROCA-LIGHT,Panel Roca Light,Revestimientos murales
2025-05-12,0.0,0.0,34,PANEL-ROCA-LIGHT,Panel Roca Light,Revestimientos murales
2025-05-19,0.0,0.0,34,PANEL-ROCA-LIGHT,Panel Roca Light,Revestimientos murales
2025-05-26,0.0,0.0,34,PANEL-ROCA-LIGHT,Panel Roca Light,Revestimientos murales
2025-06-02,0.0,0.0,34,PANEL-ROCA-LIGHT,Panel Roca Light,Revestimientos murales
2025-06-09,0.0,0.0,34,PANEL-ROCA-LIGHT,Panel Roca Light,Revestimientos murales
2025-06-16,0.0,0.0,34,PANEL-ROCA-LIGHT,Panel Roca Light,Revestimientos murales
2025-06-23,0.0,0.0,34,PANEL-ROCA-LIGHT,Panel Roca Light,Revestimientos murales
2025-06-30,0.0,0.0,34,PANEL-ROCA-LIGHT,Panel Roca Light,Revestimientos murales
2025-07-07,0.0,0.0,34,PANEL-ROCA-LIGHT,Panel Roca Light,Revestimientos murales
2025-07-14,0.0,0.0,34,PANEL-ROCA-LIGHT,Panel Roca Light,Revestimientos murales
2025-07-21,4.0,63831.93,34,PANEL-ROCA-LIGHT,Panel Roca Light,Revestimientos murales
2025-07-28,0.0,0.0,34,PANEL-ROCA-LIGHT,Panel Roca Light,Revestimientos murales
2025-08-04,0.0,0.0,34,PANEL-ROCA-LIGHT,Panel Roca Light,Revestimientos murales
2025-08-11,0.0,0.0,34,PANEL-ROCA-LIGHT,Panel Roca Light,Revestimientos murales
2025-08-18,0.0,0.0,34,PANEL-ROCA-LIGHT,Panel Roca Light,Revestimientos murales
2025-08-25,0.0,0.0,34,PANEL-ROCA-LIGHT,Panel Roca Light,Revestimientos murales
2025-09-01,0.0,0.0,34,PANEL-ROCA-LIGHT,Panel Roca Light,Revestimientos murales
2025-09-08,0.0,0.0,34,PANEL-ROCA-LIGHT,Panel Roca Light,Revestimientos murales
2025-09-15,2.0,31915.97,34,PANEL-ROCA-LIGHT,Panel Roca Light,Revestimientos murales
2025-09-22,0.0,0.0,34,PANEL-ROCA-LIGHT,Panel Roca Light,Revestimientos murales
2025-09-29,0.0,0.0,34,PANEL-ROCA-LIGHT,Panel Roca Light,Revestimientos murales
2025-10-06,0.0,0.0,34,PANEL-ROCA-LIGHT,Panel Roca Light,Revestimientos murales
2025-10-13,4.0,63831.93,34,PANEL-ROCA-LIGHT,Panel Roca Light,Revestimientos murales
2025-10-20,0.0,0.0,34,PANEL-ROCA-LIGHT,Panel Roca Light,Revestimientos murales
2025-10-27,0.0,0.0,34,PANEL-ROCA-LIGHT,Panel Roca Light,Revestimientos murales
2025-11-03,0.0,0.0,34,PANEL-ROCA-LIGHT,Panel Roca Light,Revestimientos murales
2025-11-10,0.0,0.0,34,PANEL-ROCA-LIGHT,Panel Roca Light,Revestimientos murales
2025-11-17,4.0,63831.93,34,PANEL-ROCA-LIGHT,Panel Roca Light,Revestimientos murales
2025-11-24,4.0,63831.93,34,PANEL-ROCA-LIGHT,Panel Roca Light,Revestimientos murales
2025-12-01,0.0,0.0,34,PANEL-ROCA-LIGHT,Panel Roca Light,Revestimientos murales
2025-12-08,0.0,0.0,34,PANEL-ROCA-LIGHT,Panel Roca Light,Revestimientos murales
2025-12-15,0.0,0.0,34,PANEL-ROCA-LIGHT,Panel Roca Light,Revestimientos murales
2025-12-22,0.0,0.0,34,PANEL-ROCA-LIGHT,Panel Roca Light,Revestimientos murales
2025-12-29,0.0,0.0,34,PANEL-ROCA-LIGHT,Panel Roca Light,Revestimientos murales
2026-01-05,0.0,0.0,34,PANEL-ROCA-LIGHT,Panel Roca Light,Revestimientos murales
2026-01-12,0.0,0.0,34,PANEL-ROCA-LIGHT,Panel Roca Light,Revestimientos murales
2026-01-19,0.0,0.0,34,PANEL-ROCA-LIGHT,Panel Roca Light,Revestimientos murales
2026-01-26,0.0,0.0,34,PANEL-ROCA-LIGHT,Panel Roca Light,Revestimientos murales
2026-02-02,0.0,0.0,34,PANEL-ROCA-LIGHT,Panel Roca Light,Revestimientos murales
2026-02-09,0.0,0.0,34,PANEL-ROCA-LIGHT,Panel Roca Light,Revestimientos murales
2026-02-16,0.0,0.0,34,PANEL-ROCA-LIGHT,Panel Roca Light,Revestimientos murales
2026-02-23,0.0,0.0,34,PANEL-ROCA-LIGHT,Panel Roca Light,Revestimientos murales
2026-03-02,0.0,0.0,34,PANEL-ROCA-LIGHT,Panel Roca Light,Revestimientos murales
2026-03-09,0.0,0.0,34,PANEL-ROCA-LIGHT,Panel Roca Light,Revestimientos murales
2026-03-16,0.0,0.0,34,PANEL-ROCA-LIGHT,Panel Roca Light,Revestimientos murales
2026-03-23,0.0,0.0,34,PANEL-ROCA-LIGHT,Panel Roca Light,Revestimientos murales
2026-03-30,0.0,0.0,34,PANEL-ROCA-LIGHT,Panel Roca Light,Revestimientos murales
2026-04-06,0.0,0.0,34,PANEL-ROCA-LIGHT,Panel Roca Light,Revestimientos murales
2026-04-13,0.0,0.0,34,PANEL-ROCA-LIGHT,Panel Roca Light,Revestimientos murales
2026-04-20,0.0,0.0,34,PANEL-ROCA-LIGHT,Panel Roca Light,Revestimientos murales
2026-04-27,0.0,0.0,34,PANEL-ROCA-LIGHT,Panel Roca Light,Revestimientos murales
2026-05-04,0.0,0.0,34,PANEL-ROCA-LIGHT,Panel Roca Light,Revestimientos murales
2026-05-11,0.0,0.0,34,PANEL-ROCA-LIGHT,Panel Roca Light,Revestimientos murales
2026-05-18,0.0,0.0,34,PANEL-ROCA-LIGHT,Panel Roca Light,Revestimientos murales
2026-05-25,0.0,0.0,34,PANEL-ROCA-LIGHT,Panel Roca Light,Revestimientos murales
2026-06-01,0.0,0.0,34,PANEL-ROCA-LIGHT,Panel Roca Light,Revestimientos murales
2026-06-08,0.0,0.0,34,PANEL-ROCA-LIGHT,Panel Roca Light,Revestimientos murales
2026-06-15,0.0,0.0,34,PANEL-ROCA-LIGHT,Panel Roca Light,Revestimientos murales
2026-06-22,0.0,0.0,34,PANEL-ROCA-LIGHT,Panel Roca Light,Revestimientos murales
2026-06-29,0.0,0.0,34,PANEL-ROCA-LIGHT,Panel Roca Light,Revestimientos murales
2026-07-06,0.0,0.0,34,PANEL-ROCA-LIGHT,Panel Roca Light,Revestimientos murales
2024-09-09,8.0,127663.87,35,PANEL-ROCA-BLACK,Panel Roca Black,Revestimientos murales
2024-09-16,0.0,0.0,35,PANEL-ROCA-BLACK,Panel Roca Black,Revestimientos murales
2024-09-23,0.0,0.0,35,PANEL-ROCA-BLACK,Panel Roca Black,Revestimientos murales
2024-09-30,0.0,0.0,35,PANEL-ROCA-BLACK,Panel Roca Black,Revestimientos murales
2024-10-07,0.0,0.0,35,PANEL-ROCA-BLACK,Panel Roca Black,Revestimientos murales
2024-10-14,0.0,0.0,35,PANEL-ROCA-BLACK,Panel Roca Black,Revestimientos murales
2024-10-21,0.0,0.0,35,PANEL-ROCA-BLACK,Panel Roca Black,Revestimientos murales
2024-10-28,0.0,0.0,35,PANEL-ROCA-BLACK,Panel Roca Black,Revestimientos murales
2024-11-04,0.0,0.0,35,PANEL-ROCA-BLACK,Panel Roca Black,Revestimientos murales
2024-11-11,0.0,0.0,35,PANEL-ROCA-BLACK,Panel Roca Black,Revestimientos murales
2024-11-18,0.0,0.0,35,PANEL-ROCA-BLACK,Panel Roca Black,Revestimientos murales
2024-11-25,0.0,0.0,35,PANEL-ROCA-BLACK,Panel Roca Black,Revestimientos murales
2024-12-02,0.0,0.0,35,PANEL-ROCA-BLACK,Panel Roca Black,Revestimientos murales
2024-12-09,0.0,0.0,35,PANEL-ROCA-BLACK,Panel Roca Black,Revestimientos murales
2024-12-16,35.0,558529.41,35,PANEL-ROCA-BLACK,Panel Roca Black,Revestimientos murales
2024-12-23,0.0,0.0,35,PANEL-ROCA-BLACK,Panel Roca Black,Revestimientos murales
2024-12-30,0.0,0.0,35,PANEL-ROCA-BLACK,Panel Roca Black,Revestimientos murales
2025-01-06,0.0,0.0,35,PANEL-ROCA-BLACK,Panel Roca Black,Revestimientos murales
2025-01-13,12.0,191495.8,35,PANEL-ROCA-BLACK,Panel Roca Black,Revestimientos murales
2025-01-20,10.0,159579.83,35,PANEL-ROCA-BLACK,Panel Roca Black,Revestimientos murales
2025-01-27,0.0,0.0,35,PANEL-ROCA-BLACK,Panel Roca Black,Revestimientos murales
2025-02-03,0.0,0.0,35,PANEL-ROCA-BLACK,Panel Roca Black,Revestimientos murales
2025-02-10,0.0,0.0,35,PANEL-ROCA-BLACK,Panel Roca Black,Revestimientos murales
2025-02-17,0.0,0.0,35,PANEL-ROCA-BLACK,Panel Roca Black,Revestimientos murales
2025-02-24,0.0,0.0,35,PANEL-ROCA-BLACK,Panel Roca Black,Revestimientos murales
2025-03-03,0.0,0.0,35,PANEL-ROCA-BLACK,Panel Roca Black,Revestimientos murales
2025-03-10,0.0,0.0,35,PANEL-ROCA-BLACK,Panel Roca Black,Revestimientos murales
2025-03-17,0.0,0.0,35,PANEL-ROCA-BLACK,Panel Roca Black,Revestimientos murales
2025-03-24,0.0,0.0,35,PANEL-ROCA-BLACK,Panel Roca Black,Revestimientos murales
2025-03-31,12.0,191495.8,35,PANEL-ROCA-BLACK,Panel Roca Black,Revestimientos murales
2025-04-07,0.0,0.0,35,PANEL-ROCA-BLACK,Panel Roca Black,Revestimientos murales
2025-04-14,0.0,0.0,35,PANEL-ROCA-BLACK,Panel Roca Black,Revestimientos murales
2025-04-21,0.0,0.0,35,PANEL-ROCA-BLACK,Panel Roca Black,Revestimientos murales
2025-04-28,0.0,0.0,35,PANEL-ROCA-BLACK,Panel Roca Black,Revestimientos murales
2025-05-05,0.0,0.0,35,PANEL-ROCA-BLACK,Panel Roca Black,Revestimientos murales
2025-05-12,0.0,0.0,35,PANEL-ROCA-BLACK,Panel Roca Black,Revestimientos murales
2025-05-19,0.0,0.0,35,PANEL-ROCA-BLACK,Panel Roca Black,Revestimientos murales
2025-05-26,0.0,0.0,35,PANEL-ROCA-BLACK,Panel Roca Black,Revestimientos murales
2025-06-02,0.0,0.0,35,PANEL-ROCA-BLACK,Panel Roca Black,Revestimientos murales
2025-06-09,0.0,0.0,35,PANEL-ROCA-BLACK,Panel Roca Black,Revestimientos murales
2025-06-16,0.0,0.0,35,PANEL-ROCA-BLACK,Panel Roca Black,Revestimientos murales
2025-06-23,0.0,0.0,35,PANEL-ROCA-BLACK,Panel Roca Black,Revestimientos murales
2025-06-30,0.0,0.0,35,PANEL-ROCA-BLACK,Panel Roca Black,Revestimientos murales
2025-07-07,0.0,0.0,35,PANEL-ROCA-BLACK,Panel Roca Black,Revestimientos murales
2025-07-14,0.0,0.0,35,PANEL-ROCA-BLACK,Panel Roca Black,Revestimientos murales
2025-07-21,0.0,0.0,35,PANEL-ROCA-BLACK,Panel Roca Black,Revestimientos murales
2025-07-28,0.0,0.0,35,PANEL-ROCA-BLACK,Panel Roca Black,Revestimientos murales
2025-08-04,0.0,0.0,35,PANEL-ROCA-BLACK,Panel Roca Black,Revestimientos murales
2025-08-11,0.0,0.0,35,PANEL-ROCA-BLACK,Panel Roca Black,Revestimientos murales
2025-08-18,0.0,0.0,35,PANEL-ROCA-BLACK,Panel Roca Black,Revestimientos murales
2025-08-25,0.0,0.0,35,PANEL-ROCA-BLACK,Panel Roca Black,Revestimientos murales
2025-09-01,0.0,0.0,35,PANEL-ROCA-BLACK,Panel Roca Black,Revestimientos murales
2025-09-08,0.0,0.0,35,PANEL-ROCA-BLACK,Panel Roca Black,Revestimientos murales
2025-09-15,4.0,63831.93,35,PANEL-ROCA-BLACK,Panel Roca Black,Revestimientos murales
2025-09-22,0.0,0.0,35,PANEL-ROCA-BLACK,Panel Roca Black,Revestimientos murales
2025-09-29,0.0,0.0,35,PANEL-ROCA-BLACK,Panel Roca Black,Revestimientos murales
2025-10-06,0.0,0.0,35,PANEL-ROCA-BLACK,Panel Roca Black,Revestimientos murales
2025-10-13,2.0,31915.97,35,PANEL-ROCA-BLACK,Panel Roca Black,Revestimientos murales
2025-10-20,0.0,0.0,35,PANEL-ROCA-BLACK,Panel Roca Black,Revestimientos murales
2025-10-27,0.0,0.0,35,PANEL-ROCA-BLACK,Panel Roca Black,Revestimientos murales
2025-11-03,0.0,0.0,35,PANEL-ROCA-BLACK,Panel Roca Black,Revestimientos murales
2025-11-10,0.0,0.0,35,PANEL-ROCA-BLACK,Panel Roca Black,Revestimientos murales
2025-11-17,2.0,31915.97,35,PANEL-ROCA-BLACK,Panel Roca Black,Revestimientos murales
2025-11-24,0.0,0.0,35,PANEL-ROCA-BLACK,Panel Roca Black,Revestimientos murales
2025-12-01,0.0,0.0,35,PANEL-ROCA-BLACK,Panel Roca Black,Revestimientos murales
2025-12-08,0.0,0.0,35,PANEL-ROCA-BLACK,Panel Roca Black,Revestimientos murales
2025-12-15,0.0,0.0,35,PANEL-ROCA-BLACK,Panel Roca Black,Revestimientos murales
2025-12-22,0.0,0.0,35,PANEL-ROCA-BLACK,Panel Roca Black,Revestimientos murales
2025-12-29,0.0,0.0,35,PANEL-ROCA-BLACK,Panel Roca Black,Revestimientos murales
2026-01-05,0.0,0.0,35,PANEL-ROCA-BLACK,Panel Roca Black,Revestimientos murales
2026-01-12,0.0,0.0,35,PANEL-ROCA-BLACK,Panel Roca Black,Revestimientos murales
2026-01-19,0.0,0.0,35,PANEL-ROCA-BLACK,Panel Roca Black,Revestimientos murales
2026-01-26,0.0,0.0,35,PANEL-ROCA-BLACK,Panel Roca Black,Revestimientos murales
2026-02-02,0.0,0.0,35,PANEL-ROCA-BLACK,Panel Roca Black,Revestimientos murales
2026-02-09,0.0,0.0,35,PANEL-ROCA-BLACK,Panel Roca Black,Revestimientos murales
2026-02-16,0.0,0.0,35,PANEL-ROCA-BLACK,Panel Roca Black,Revestimientos murales
2026-02-23,0.0,0.0,35,PANEL-ROCA-BLACK,Panel Roca Black,Revestimientos murales
2026-03-02,0.0,0.0,35,PANEL-ROCA-BLACK,Panel Roca Black,Revestimientos murales
2026-03-09,0.0,0.0,35,PANEL-ROCA-BLACK,Panel Roca Black,Revestimientos murales
2026-03-16,0.0,0.0,35,PANEL-ROCA-BLACK,Panel Roca Black,Revestimientos murales
2026-03-23,0.0,0.0,35,PANEL-ROCA-BLACK,Panel Roca Black,Revestimientos murales
2026-03-30,0.0,0.0,35,PANEL-ROCA-BLACK,Panel Roca Black,Revestimientos murales
2026-04-06,0.0,0.0,35,PANEL-ROCA-BLACK,Panel Roca Black,Revestimientos murales
2026-04-13,0.0,0.0,35,PANEL-ROCA-BLACK,Panel Roca Black,Revestimientos murales
2026-04-20,0.0,0.0,35,PANEL-ROCA-BLACK,Panel Roca Black,Revestimientos murales
2026-04-27,0.0,0.0,35,PANEL-ROCA-BLACK,Panel Roca Black,Revestimientos murales
2026-05-04,0.0,0.0,35,PANEL-ROCA-BLACK,Panel Roca Black,Revestimientos murales
2026-05-11,0.0,0.0,35,PANEL-ROCA-BLACK,Panel Roca Black,Revestimientos murales
2026-05-18,0.0,0.0,35,PANEL-ROCA-BLACK,Panel Roca Black,Revestimientos murales
2026-05-25,0.0,0.0,35,PANEL-ROCA-BLACK,Panel Roca Black,Revestimientos murales
2026-06-01,0.0,0.0,35,PANEL-ROCA-BLACK,Panel Roca Black,Revestimientos murales
2026-06-08,0.0,0.0,35,PANEL-ROCA-BLACK,Panel Roca Black,Revestimientos murales
2026-06-15,0.0,0.0,35,PANEL-ROCA-BLACK,Panel Roca Black,Revestimientos murales
2026-06-22,0.0,0.0,35,PANEL-ROCA-BLACK,Panel Roca Black,Revestimientos murales
2026-06-29,0.0,0.0,35,PANEL-ROCA-BLACK,Panel Roca Black,Revestimientos murales
2026-07-06,0.0,0.0,35,PANEL-ROCA-BLACK,Panel Roca Black,Revestimientos murales
2025-03-31,15.0,100714.29,36,SEPARADOR-AMB,Separador de Ambiente,Revestimientos murales
2025-04-07,0.0,0.0,36,SEPARADOR-AMB,Separador de Ambiente,Revestimientos murales
2025-04-14,0.0,0.0,36,SEPARADOR-AMB,Separador de Ambiente,Revestimientos murales
2025-04-21,0.0,0.0,36,SEPARADOR-AMB,Separador de Ambiente,Revestimientos murales
2025-04-28,0.0,0.0,36,SEPARADOR-AMB,Separador de Ambiente,Revestimientos murales
2025-05-05,0.0,0.0,36,SEPARADOR-AMB,Separador de Ambiente,Revestimientos murales
2025-05-12,0.0,0.0,36,SEPARADOR-AMB,Separador de Ambiente,Revestimientos murales
2025-05-19,0.0,0.0,36,SEPARADOR-AMB,Separador de Ambiente,Revestimientos murales
2025-05-26,0.0,0.0,36,SEPARADOR-AMB,Separador de Ambiente,Revestimientos murales
2025-06-02,1.0,6714.29,36,SEPARADOR-AMB,Separador de Ambiente,Revestimientos murales
2025-06-09,19.0,127571.43,36,SEPARADOR-AMB,Separador de Ambiente,Revestimientos murales
2025-06-16,0.0,0.0,36,SEPARADOR-AMB,Separador de Ambiente,Revestimientos murales
2025-06-23,0.0,0.0,36,SEPARADOR-AMB,Separador de Ambiente,Revestimientos murales
2025-06-30,0.0,0.0,36,SEPARADOR-AMB,Separador de Ambiente,Revestimientos murales
2025-07-07,0.0,0.0,36,SEPARADOR-AMB,Separador de Ambiente,Revestimientos murales
2025-07-14,0.0,0.0,36,SEPARADOR-AMB,Separador de Ambiente,Revestimientos murales
2025-07-21,12.0,80571.43,36,SEPARADOR-AMB,Separador de Ambiente,Revestimientos murales
2025-07-28,0.0,0.0,36,SEPARADOR-AMB,Separador de Ambiente,Revestimientos murales
2025-08-04,0.0,0.0,36,SEPARADOR-AMB,Separador de Ambiente,Revestimientos murales
2025-08-11,0.0,0.0,36,SEPARADOR-AMB,Separador de Ambiente,Revestimientos murales
2025-08-18,0.0,0.0,36,SEPARADOR-AMB,Separador de Ambiente,Revestimientos murales
2025-08-25,0.0,0.0,36,SEPARADOR-AMB,Separador de Ambiente,Revestimientos murales
2025-09-01,0.0,0.0,36,SEPARADOR-AMB,Separador de Ambiente,Revestimientos murales
2025-09-08,0.0,0.0,36,SEPARADOR-AMB,Separador de Ambiente,Revestimientos murales
2025-09-15,0.0,0.0,36,SEPARADOR-AMB,Separador de Ambiente,Revestimientos murales
2025-09-22,0.0,0.0,36,SEPARADOR-AMB,Separador de Ambiente,Revestimientos murales
2025-09-29,0.0,0.0,36,SEPARADOR-AMB,Separador de Ambiente,Revestimientos murales
2025-10-06,0.0,0.0,36,SEPARADOR-AMB,Separador de Ambiente,Revestimientos murales
2025-10-13,0.0,0.0,36,SEPARADOR-AMB,Separador de Ambiente,Revestimientos murales
2025-10-20,0.0,0.0,36,SEPARADOR-AMB,Separador de Ambiente,Revestimientos murales
2025-10-27,0.0,0.0,36,SEPARADOR-AMB,Separador de Ambiente,Revestimientos murales
2025-11-03,0.0,0.0,36,SEPARADOR-AMB,Separador de Ambiente,Revestimientos murales
2025-11-10,0.0,0.0,36,SEPARADOR-AMB,Separador de Ambiente,Revestimientos murales
2025-11-17,0.0,0.0,36,SEPARADOR-AMB,Separador de Ambiente,Revestimientos murales
2025-11-24,0.0,0.0,36,SEPARADOR-AMB,Separador de Ambiente,Revestimientos murales
2025-12-01,0.0,0.0,36,SEPARADOR-AMB,Separador de Ambiente,Revestimientos murales
2025-12-08,0.0,0.0,36,SEPARADOR-AMB,Separador de Ambiente,Revestimientos murales
2025-12-15,0.0,0.0,36,SEPARADOR-AMB,Separador de Ambiente,Revestimientos murales
2025-12-22,0.0,0.0,36,SEPARADOR-AMB,Separador de Ambiente,Revestimientos murales
2025-12-29,0.0,0.0,36,SEPARADOR-AMB,Separador de Ambiente,Revestimientos murales
2026-01-05,0.0,0.0,36,SEPARADOR-AMB,Separador de Ambiente,Revestimientos murales
2026-01-12,0.0,0.0,36,SEPARADOR-AMB,Separador de Ambiente,Revestimientos murales
2026-01-19,0.0,0.0,36,SEPARADOR-AMB,Separador de Ambiente,Revestimientos murales
2026-01-26,0.0,0.0,36,SEPARADOR-AMB,Separador de Ambiente,Revestimientos murales
2026-02-02,0.0,0.0,36,SEPARADOR-AMB,Separador de Ambiente,Revestimientos murales
2026-02-09,0.0,0.0,36,SEPARADOR-AMB,Separador de Ambiente,Revestimientos murales
2026-02-16,0.0,0.0,36,SEPARADOR-AMB,Separador de Ambiente,Revestimientos murales
2026-02-23,0.0,0.0,36,SEPARADOR-AMB,Separador de Ambiente,Revestimientos murales
2026-03-02,0.0,0.0,36,SEPARADOR-AMB,Separador de Ambiente,Revestimientos murales
2026-03-09,0.0,0.0,36,SEPARADOR-AMB,Separador de Ambiente,Revestimientos murales
2026-03-16,0.0,0.0,36,SEPARADOR-AMB,Separador de Ambiente,Revestimientos murales
2026-03-23,0.0,0.0,36,SEPARADOR-AMB,Separador de Ambiente,Revestimientos murales
2026-03-30,0.0,0.0,36,SEPARADOR-AMB,Separador de Ambiente,Revestimientos murales
2026-04-06,0.0,0.0,36,SEPARADOR-AMB,Separador de Ambiente,Revestimientos murales
2026-04-13,0.0,0.0,36,SEPARADOR-AMB,Separador de Ambiente,Revestimientos murales
2026-04-20,0.0,0.0,36,SEPARADOR-AMB,Separador de Ambiente,Revestimientos murales
2026-04-27,0.0,0.0,36,SEPARADOR-AMB,Separador de Ambiente,Revestimientos murales
2026-05-04,0.0,0.0,36,SEPARADOR-AMB,Separador de Ambiente,Revestimientos murales
2026-05-11,0.0,0.0,36,SEPARADOR-AMB,Separador de Ambiente,Revestimientos murales
2026-05-18,0.0,0.0,36,SEPARADOR-AMB,Separador de Ambiente,Revestimientos murales
2026-05-25,0.0,0.0,36,SEPARADOR-AMB,Separador de Ambiente,Revestimientos murales
2026-06-01,0.0,0.0,36,SEPARADOR-AMB,Separador de Ambiente,Revestimientos murales
2026-06-08,0.0,0.0,36,SEPARADOR-AMB,Separador de Ambiente,Revestimientos murales
2026-06-15,0.0,0.0,36,SEPARADOR-AMB,Separador de Ambiente,Revestimientos murales
2026-06-22,0.0,0.0,36,SEPARADOR-AMB,Separador de Ambiente,Revestimientos murales
2026-06-29,0.0,0.0,36,SEPARADOR-AMB,Separador de Ambiente,Revestimientos murales
2026-07-06,0.0,0.0,36,SEPARADOR-AMB,Separador de Ambiente,Revestimientos murales
2024-05-20,38.0,159344.54,37,PERFIL-H-GREY,Perfil H Grey,Perfiles y terminaciones
2024-05-27,55.0,230630.24000000002,37,PERFIL-H-GREY,Perfil H Grey,Perfiles y terminaciones
2024-06-03,66.0,276756.29,37,PERFIL-H-GREY,Perfil H Grey,Perfiles y terminaciones
2024-06-10,25.0,104831.93000000001,37,PERFIL-H-GREY,Perfil H Grey,Perfiles y terminaciones
2024-06-17,8.0,33546.22,37,PERFIL-H-GREY,Perfil H Grey,Perfiles y terminaciones
2024-06-24,26.0,109025.22,37,PERFIL-H-GREY,Perfil H Grey,Perfiles y terminaciones
2024-07-01,28.0,117411.76000000001,37,PERFIL-H-GREY,Perfil H Grey,Perfiles y terminaciones
2024-07-08,21.0,88058.82,37,PERFIL-H-GREY,Perfil H Grey,Perfiles y terminaciones
2024-07-15,28.0,117411.77,37,PERFIL-H-GREY,Perfil H Grey,Perfiles y terminaciones
2024-07-22,3.0,12579.83,37,PERFIL-H-GREY,Perfil H Grey,Perfiles y terminaciones
2024-07-29,3.0,12579.829999999998,37,PERFIL-H-GREY,Perfil H Grey,Perfiles y terminaciones
2024-08-05,7.0,29352.94,37,PERFIL-H-GREY,Perfil H Grey,Perfiles y terminaciones
2024-08-12,0.0,0.0,37,PERFIL-H-GREY,Perfil H Grey,Perfiles y terminaciones
2024-08-19,0.0,0.0,37,PERFIL-H-GREY,Perfil H Grey,Perfiles y terminaciones
2024-08-26,0.0,0.0,37,PERFIL-H-GREY,Perfil H Grey,Perfiles y terminaciones
2024-09-02,21.0,88058.81999999999,37,PERFIL-H-GREY,Perfil H Grey,Perfiles y terminaciones
2024-09-09,14.0,58705.88,37,PERFIL-H-GREY,Perfil H Grey,Perfiles y terminaciones
2024-09-16,0.0,0.0,37,PERFIL-H-GREY,Perfil H Grey,Perfiles y terminaciones
2024-09-23,4.0,16773.11,37,PERFIL-H-GREY,Perfil H Grey,Perfiles y terminaciones
2024-09-30,22.0,92252.1,37,PERFIL-H-GREY,Perfil H Grey,Perfiles y terminaciones
2024-10-07,4.0,16773.11,37,PERFIL-H-GREY,Perfil H Grey,Perfiles y terminaciones
2024-10-14,7.0,29352.94,37,PERFIL-H-GREY,Perfil H Grey,Perfiles y terminaciones
2024-10-21,6.0,25159.66,37,PERFIL-H-GREY,Perfil H Grey,Perfiles y terminaciones
2024-10-28,26.0,109025.21,37,PERFIL-H-GREY,Perfil H Grey,Perfiles y terminaciones
2024-11-04,16.0,67092.44,37,PERFIL-H-GREY,Perfil H Grey,Perfiles y terminaciones
2024-11-11,14.0,58705.880000000005,37,PERFIL-H-GREY,Perfil H Grey,Perfiles y terminaciones
2024-11-18,31.0,129991.59,37,PERFIL-H-GREY,Perfil H Grey,Perfiles y terminaciones
2024-11-25,15.0,62899.159999999996,37,PERFIL-H-GREY,Perfil H Grey,Perfiles y terminaciones
2024-12-02,15.0,62899.159999999996,37,PERFIL-H-GREY,Perfil H Grey,Perfiles y terminaciones
2024-12-09,19.0,79672.27,37,PERFIL-H-GREY,Perfil H Grey,Perfiles y terminaciones
2024-12-16,25.0,104831.93000000001,37,PERFIL-H-GREY,Perfil H Grey,Perfiles y terminaciones
2024-12-23,3.0,12579.829999999998,37,PERFIL-H-GREY,Perfil H Grey,Perfiles y terminaciones
2024-12-30,13.0,54512.61,37,PERFIL-H-GREY,Perfil H Grey,Perfiles y terminaciones
2025-01-06,27.0,113218.48999999999,37,PERFIL-H-GREY,Perfil H Grey,Perfiles y terminaciones
2025-01-13,0.0,0.0,37,PERFIL-H-GREY,Perfil H Grey,Perfiles y terminaciones
2025-01-20,0.0,0.0,37,PERFIL-H-GREY,Perfil H Grey,Perfiles y terminaciones
2025-01-27,16.0,67092.44,37,PERFIL-H-GREY,Perfil H Grey,Perfiles y terminaciones
2025-02-03,0.0,0.0,37,PERFIL-H-GREY,Perfil H Grey,Perfiles y terminaciones
2025-02-10,141.0,591252.1,37,PERFIL-H-GREY,Perfil H Grey,Perfiles y terminaciones
2025-02-17,37.0,155151.25,37,PERFIL-H-GREY,Perfil H Grey,Perfiles y terminaciones
2025-02-24,39.0,163537.81,37,PERFIL-H-GREY,Perfil H Grey,Perfiles y terminaciones
2025-03-03,49.0,205470.59,37,PERFIL-H-GREY,Perfil H Grey,Perfiles y terminaciones
2025-03-10,16.0,67092.44,37,PERFIL-H-GREY,Perfil H Grey,Perfiles y terminaciones
2025-03-17,31.0,129991.59,37,PERFIL-H-GREY,Perfil H Grey,Perfiles y terminaciones
2025-03-24,23.0,96445.38,37,PERFIL-H-GREY,Perfil H Grey,Perfiles y terminaciones
2025-03-31,40.0,167731.09,37,PERFIL-H-GREY,Perfil H Grey,Perfiles y terminaciones
2025-04-07,26.0,109025.2,37,PERFIL-H-GREY,Perfil H Grey,Perfiles y terminaciones
2025-04-14,18.0,75478.98999999999,37,PERFIL-H-GREY,Perfil H Grey,Perfiles y terminaciones
2025-04-21,37.0,155151.25,37,PERFIL-H-GREY,Perfil H Grey,Perfiles y terminaciones
2025-04-28,13.0,54512.6,37,PERFIL-H-GREY,Perfil H Grey,Perfiles y terminaciones
2025-05-05,4.0,16773.11,37,PERFIL-H-GREY,Perfil H Grey,Perfiles y terminaciones
2025-05-12,0.0,0.0,37,PERFIL-H-GREY,Perfil H Grey,Perfiles y terminaciones
2025-05-19,4.0,16773.11,37,PERFIL-H-GREY,Perfil H Grey,Perfiles y terminaciones
2025-05-26,7.0,29352.94,37,PERFIL-H-GREY,Perfil H Grey,Perfiles y terminaciones
2025-06-02,0.0,0.0,37,PERFIL-H-GREY,Perfil H Grey,Perfiles y terminaciones
2025-06-09,5.0,20966.39,37,PERFIL-H-GREY,Perfil H Grey,Perfiles y terminaciones
2025-06-16,0.0,0.0,37,PERFIL-H-GREY,Perfil H Grey,Perfiles y terminaciones
2025-06-23,0.0,0.0,37,PERFIL-H-GREY,Perfil H Grey,Perfiles y terminaciones
2025-06-30,0.0,0.0,37,PERFIL-H-GREY,Perfil H Grey,Perfiles y terminaciones
2025-07-07,10.0,41932.77,37,PERFIL-H-GREY,Perfil H Grey,Perfiles y terminaciones
2025-07-14,28.0,117411.77,37,PERFIL-H-GREY,Perfil H Grey,Perfiles y terminaciones
2025-07-21,40.0,167731.09999999998,37,PERFIL-H-GREY,Perfil H Grey,Perfiles y terminaciones
2025-07-28,25.0,104831.93,37,PERFIL-H-GREY,Perfil H Grey,Perfiles y terminaciones
2025-08-04,16.0,67092.44,37,PERFIL-H-GREY,Perfil H Grey,Perfiles y terminaciones
2025-08-11,7.0,29352.94,37,PERFIL-H-GREY,Perfil H Grey,Perfiles y terminaciones
2025-08-18,41.0,171924.38,37,PERFIL-H-GREY,Perfil H Grey,Perfiles y terminaciones
2025-08-25,32.0,134184.88,37,PERFIL-H-GREY,Perfil H Grey,Perfiles y terminaciones
2025-09-01,71.0,297722.68,37,PERFIL-H-GREY,Perfil H Grey,Perfiles y terminaciones
2025-09-08,14.0,58705.869999999995,37,PERFIL-H-GREY,Perfil H Grey,Perfiles y terminaciones
2025-09-15,21.0,88058.83,37,PERFIL-H-GREY,Perfil H Grey,Perfiles y terminaciones
2025-09-22,26.0,109025.20999999999,37,PERFIL-H-GREY,Perfil H Grey,Perfiles y terminaciones
2025-09-29,31.0,129991.58,37,PERFIL-H-GREY,Perfil H Grey,Perfiles y terminaciones
2025-10-06,71.0,297722.69,37,PERFIL-H-GREY,Perfil H Grey,Perfiles y terminaciones
2025-10-13,29.0,121605.04000000001,37,PERFIL-H-GREY,Perfil H Grey,Perfiles y terminaciones
2025-10-20,31.0,129991.6,37,PERFIL-H-GREY,Perfil H Grey,Perfiles y terminaciones
2025-10-27,16.0,67092.44,37,PERFIL-H-GREY,Perfil H Grey,Perfiles y terminaciones
2025-11-03,22.0,92252.09,37,PERFIL-H-GREY,Perfil H Grey,Perfiles y terminaciones
2025-11-10,18.0,75478.99,37,PERFIL-H-GREY,Perfil H Grey,Perfiles y terminaciones
2025-11-17,32.0,134184.88,37,PERFIL-H-GREY,Perfil H Grey,Perfiles y terminaciones
2025-11-24,14.0,58705.880000000005,37,PERFIL-H-GREY,Perfil H Grey,Perfiles y terminaciones
2025-12-01,24.0,100638.65,37,PERFIL-H-GREY,Perfil H Grey,Perfiles y terminaciones
2025-12-08,1.0,4193.28,37,PERFIL-H-GREY,Perfil H Grey,Perfiles y terminaciones
2025-12-15,6.0,25159.66,37,PERFIL-H-GREY,Perfil H Grey,Perfiles y terminaciones
2025-12-22,0.0,0.0,37,PERFIL-H-GREY,Perfil H Grey,Perfiles y terminaciones
2025-12-29,0.0,0.0,37,PERFIL-H-GREY,Perfil H Grey,Perfiles y terminaciones
2026-01-05,20.0,83865.55,37,PERFIL-H-GREY,Perfil H Grey,Perfiles y terminaciones
2026-01-12,27.0,113218.49,37,PERFIL-H-GREY,Perfil H Grey,Perfiles y terminaciones
2026-01-19,58.0,243210.08000000002,37,PERFIL-H-GREY,Perfil H Grey,Perfiles y terminaciones
2026-01-26,43.0,180310.91999999998,37,PERFIL-H-GREY,Perfil H Grey,Perfiles y terminaciones
2026-02-02,19.0,79672.26999999999,37,PERFIL-H-GREY,Perfil H Grey,Perfiles y terminaciones
2026-02-09,23.0,96445.37,37,PERFIL-H-GREY,Perfil H Grey,Perfiles y terminaciones
2026-02-16,13.0,54512.6,37,PERFIL-H-GREY,Perfil H Grey,Perfiles y terminaciones
2026-02-23,8.0,33546.22,37,PERFIL-H-GREY,Perfil H Grey,Perfiles y terminaciones
2026-03-02,10.0,41932.759999999995,37,PERFIL-H-GREY,Perfil H Grey,Perfiles y terminaciones
2026-03-09,14.0,58705.89,37,PERFIL-H-GREY,Perfil H Grey,Perfiles y terminaciones
2026-03-16,2.0,8386.55,37,PERFIL-H-GREY,Perfil H Grey,Perfiles y terminaciones
2026-03-23,34.0,142571.43,37,PERFIL-H-GREY,Perfil H Grey,Perfiles y terminaciones
2026-03-30,14.0,58705.88,37,PERFIL-H-GREY,Perfil H Grey,Perfiles y terminaciones
2026-04-06,4.0,16773.11,37,PERFIL-H-GREY,Perfil H Grey,Perfiles y terminaciones
2026-04-13,17.0,71285.70999999999,37,PERFIL-H-GREY,Perfil H Grey,Perfiles y terminaciones
2026-04-20,18.0,75478.98999999999,37,PERFIL-H-GREY,Perfil H Grey,Perfiles y terminaciones
2026-04-27,9.0,37739.49,37,PERFIL-H-GREY,Perfil H Grey,Perfiles y terminaciones
2026-05-04,46.0,192890.76,37,PERFIL-H-GREY,Perfil H Grey,Perfiles y terminaciones
2026-05-11,19.0,79672.26999999999,37,PERFIL-H-GREY,Perfil H Grey,Perfiles y terminaciones
2026-05-18,17.0,71285.72,37,PERFIL-H-GREY,Perfil H Grey,Perfiles y terminaciones
2026-05-25,8.0,33546.21,37,PERFIL-H-GREY,Perfil H Grey,Perfiles y terminaciones
2026-06-01,6.0,25159.66,37,PERFIL-H-GREY,Perfil H Grey,Perfiles y terminaciones
2026-06-08,0.0,0.0,37,PERFIL-H-GREY,Perfil H Grey,Perfiles y terminaciones
2026-06-15,0.0,0.0,37,PERFIL-H-GREY,Perfil H Grey,Perfiles y terminaciones
2026-06-22,0.0,0.0,37,PERFIL-H-GREY,Perfil H Grey,Perfiles y terminaciones
2026-06-29,0.0,0.0,37,PERFIL-H-GREY,Perfil H Grey,Perfiles y terminaciones
2026-07-06,0.0,0.0,37,PERFIL-H-GREY,Perfil H Grey,Perfiles y terminaciones
2024-05-20,4.0,16773.11,38,PERFIL-H-GOLD,Perfil H Gold,Perfiles y terminaciones
2024-05-27,20.0,83865.55,38,PERFIL-H-GOLD,Perfil H Gold,Perfiles y terminaciones
2024-06-03,2.0,8386.55,38,PERFIL-H-GOLD,Perfil H Gold,Perfiles y terminaciones
2024-06-10,8.0,33546.21,38,PERFIL-H-GOLD,Perfil H Gold,Perfiles y terminaciones
2024-06-17,0.0,0.0,38,PERFIL-H-GOLD,Perfil H Gold,Perfiles y terminaciones
2024-06-24,4.0,16773.11,38,PERFIL-H-GOLD,Perfil H Gold,Perfiles y terminaciones
2024-07-01,0.0,0.0,38,PERFIL-H-GOLD,Perfil H Gold,Perfiles y terminaciones
2024-07-08,0.0,0.0,38,PERFIL-H-GOLD,Perfil H Gold,Perfiles y terminaciones
2024-07-15,20.0,83865.55,38,PERFIL-H-GOLD,Perfil H Gold,Perfiles y terminaciones
2024-07-22,0.0,0.0,38,PERFIL-H-GOLD,Perfil H Gold,Perfiles y terminaciones
2024-07-29,30.0,125798.32,38,PERFIL-H-GOLD,Perfil H Gold,Perfiles y terminaciones
2024-08-05,0.0,0.0,38,PERFIL-H-GOLD,Perfil H Gold,Perfiles y terminaciones
2024-08-12,0.0,0.0,38,PERFIL-H-GOLD,Perfil H Gold,Perfiles y terminaciones
2024-08-19,3.0,12579.83,38,PERFIL-H-GOLD,Perfil H Gold,Perfiles y terminaciones
2024-08-26,4.0,16773.11,38,PERFIL-H-GOLD,Perfil H Gold,Perfiles y terminaciones
2024-09-02,0.0,0.0,38,PERFIL-H-GOLD,Perfil H Gold,Perfiles y terminaciones
2024-09-09,0.0,0.0,38,PERFIL-H-GOLD,Perfil H Gold,Perfiles y terminaciones
2024-09-16,0.0,0.0,38,PERFIL-H-GOLD,Perfil H Gold,Perfiles y terminaciones
2024-09-23,0.0,0.0,38,PERFIL-H-GOLD,Perfil H Gold,Perfiles y terminaciones
2024-09-30,3.0,12579.83,38,PERFIL-H-GOLD,Perfil H Gold,Perfiles y terminaciones
2024-10-07,0.0,0.0,38,PERFIL-H-GOLD,Perfil H Gold,Perfiles y terminaciones
2024-10-14,0.0,0.0,38,PERFIL-H-GOLD,Perfil H Gold,Perfiles y terminaciones
2024-10-21,6.0,25159.66,38,PERFIL-H-GOLD,Perfil H Gold,Perfiles y terminaciones
2024-10-28,0.0,0.0,38,PERFIL-H-GOLD,Perfil H Gold,Perfiles y terminaciones
2024-11-04,8.0,33546.22,38,PERFIL-H-GOLD,Perfil H Gold,Perfiles y terminaciones
2024-11-11,0.0,0.0,38,PERFIL-H-GOLD,Perfil H Gold,Perfiles y terminaciones
2024-11-18,4.0,16773.11,38,PERFIL-H-GOLD,Perfil H Gold,Perfiles y terminaciones
2024-11-25,0.0,0.0,38,PERFIL-H-GOLD,Perfil H Gold,Perfiles y terminaciones
2024-12-02,0.0,0.0,38,PERFIL-H-GOLD,Perfil H Gold,Perfiles y terminaciones
2024-12-09,0.0,0.0,38,PERFIL-H-GOLD,Perfil H Gold,Perfiles y terminaciones
2024-12-16,2.0,8386.55,38,PERFIL-H-GOLD,Perfil H Gold,Perfiles y terminaciones
2024-12-23,46.0,192890.75,38,PERFIL-H-GOLD,Perfil H Gold,Perfiles y terminaciones
2024-12-30,8.0,33546.21,38,PERFIL-H-GOLD,Perfil H Gold,Perfiles y terminaciones
2025-01-06,10.0,41932.770000000004,38,PERFIL-H-GOLD,Perfil H Gold,Perfiles y terminaciones
2025-01-13,12.0,50319.33,38,PERFIL-H-GOLD,Perfil H Gold,Perfiles y terminaciones
2025-01-20,18.0,75479.0,38,PERFIL-H-GOLD,Perfil H Gold,Perfiles y terminaciones
2025-01-27,14.0,58705.89,38,PERFIL-H-GOLD,Perfil H Gold,Perfiles y terminaciones
2025-02-03,17.0,71285.72,38,PERFIL-H-GOLD,Perfil H Gold,Perfiles y terminaciones
2025-02-10,26.0,109025.21,38,PERFIL-H-GOLD,Perfil H Gold,Perfiles y terminaciones
2025-02-17,8.0,33546.21,38,PERFIL-H-GOLD,Perfil H Gold,Perfiles y terminaciones
2025-02-24,15.0,62899.16,38,PERFIL-H-GOLD,Perfil H Gold,Perfiles y terminaciones
2025-03-03,5.0,20966.39,38,PERFIL-H-GOLD,Perfil H Gold,Perfiles y terminaciones
2025-03-10,7.0,29352.93,38,PERFIL-H-GOLD,Perfil H Gold,Perfiles y terminaciones
2025-03-17,0.0,0.0,38,PERFIL-H-GOLD,Perfil H Gold,Perfiles y terminaciones
2025-03-24,6.0,25159.66,38,PERFIL-H-GOLD,Perfil H Gold,Perfiles y terminaciones
2025-03-31,14.0,58705.88,38,PERFIL-H-GOLD,Perfil H Gold,Perfiles y terminaciones
2025-04-07,0.0,0.0,38,PERFIL-H-GOLD,Perfil H Gold,Perfiles y terminaciones
2025-04-14,0.0,0.0,38,PERFIL-H-GOLD,Perfil H Gold,Perfiles y terminaciones
2025-04-21,0.0,0.0,38,PERFIL-H-GOLD,Perfil H Gold,Perfiles y terminaciones
2025-04-28,0.0,0.0,38,PERFIL-H-GOLD,Perfil H Gold,Perfiles y terminaciones
2025-05-05,2.0,8386.55,38,PERFIL-H-GOLD,Perfil H Gold,Perfiles y terminaciones
2025-05-12,11.0,46126.05,38,PERFIL-H-GOLD,Perfil H Gold,Perfiles y terminaciones
2025-05-19,30.0,125798.32,38,PERFIL-H-GOLD,Perfil H Gold,Perfiles y terminaciones
2025-05-26,2.0,8386.55,38,PERFIL-H-GOLD,Perfil H Gold,Perfiles y terminaciones
2025-06-02,9.0,37739.49,38,PERFIL-H-GOLD,Perfil H Gold,Perfiles y terminaciones
2025-06-09,13.0,54512.61,38,PERFIL-H-GOLD,Perfil H Gold,Perfiles y terminaciones
2025-06-16,5.0,20966.39,38,PERFIL-H-GOLD,Perfil H Gold,Perfiles y terminaciones
2025-06-23,0.0,0.0,38,PERFIL-H-GOLD,Perfil H Gold,Perfiles y terminaciones
2025-06-30,0.0,0.0,38,PERFIL-H-GOLD,Perfil H Gold,Perfiles y terminaciones
2025-07-07,0.0,0.0,38,PERFIL-H-GOLD,Perfil H Gold,Perfiles y terminaciones
2025-07-14,0.0,0.0,38,PERFIL-H-GOLD,Perfil H Gold,Perfiles y terminaciones
2025-07-21,50.0,209663.87,38,PERFIL-H-GOLD,Perfil H Gold,Perfiles y terminaciones
2025-07-28,12.0,50319.33,38,PERFIL-H-GOLD,Perfil H Gold,Perfiles y terminaciones
2025-08-04,4.0,16773.11,38,PERFIL-H-GOLD,Perfil H Gold,Perfiles y terminaciones
2025-08-11,0.0,0.0,38,PERFIL-H-GOLD,Perfil H Gold,Perfiles y terminaciones
2025-08-18,0.0,0.0,38,PERFIL-H-GOLD,Perfil H Gold,Perfiles y terminaciones
2025-08-25,13.0,54512.61,38,PERFIL-H-GOLD,Perfil H Gold,Perfiles y terminaciones
2025-09-01,2.0,8386.55,38,PERFIL-H-GOLD,Perfil H Gold,Perfiles y terminaciones
2025-09-08,10.0,41932.78,38,PERFIL-H-GOLD,Perfil H Gold,Perfiles y terminaciones
2025-09-15,0.0,0.0,38,PERFIL-H-GOLD,Perfil H Gold,Perfiles y terminaciones
2025-09-22,13.0,54512.61,38,PERFIL-H-GOLD,Perfil H Gold,Perfiles y terminaciones
2025-09-29,4.0,16773.11,38,PERFIL-H-GOLD,Perfil H Gold,Perfiles y terminaciones
2025-10-06,4.0,16773.11,38,PERFIL-H-GOLD,Perfil H Gold,Perfiles y terminaciones
2025-10-13,31.0,129991.6,38,PERFIL-H-GOLD,Perfil H Gold,Perfiles y terminaciones
2025-10-20,1.0,4193.28,38,PERFIL-H-GOLD,Perfil H Gold,Perfiles y terminaciones
2025-10-27,6.0,25159.67,38,PERFIL-H-GOLD,Perfil H Gold,Perfiles y terminaciones
2025-11-03,2.0,8386.55,38,PERFIL-H-GOLD,Perfil H Gold,Perfiles y terminaciones
2025-11-10,0.0,0.0,38,PERFIL-H-GOLD,Perfil H Gold,Perfiles y terminaciones
2025-11-17,10.0,41932.770000000004,38,PERFIL-H-GOLD,Perfil H Gold,Perfiles y terminaciones
2025-11-24,3.0,12579.83,38,PERFIL-H-GOLD,Perfil H Gold,Perfiles y terminaciones
2025-12-01,33.0,138378.16,38,PERFIL-H-GOLD,Perfil H Gold,Perfiles y terminaciones
2025-12-08,9.0,37739.5,38,PERFIL-H-GOLD,Perfil H Gold,Perfiles y terminaciones
2025-12-15,24.0,100638.66,38,PERFIL-H-GOLD,Perfil H Gold,Perfiles y terminaciones
2025-12-22,0.0,0.0,38,PERFIL-H-GOLD,Perfil H Gold,Perfiles y terminaciones
2025-12-29,3.0,12579.83,38,PERFIL-H-GOLD,Perfil H Gold,Perfiles y terminaciones
2026-01-05,5.0,20966.39,38,PERFIL-H-GOLD,Perfil H Gold,Perfiles y terminaciones
2026-01-12,29.0,121605.04000000001,38,PERFIL-H-GOLD,Perfil H Gold,Perfiles y terminaciones
2026-01-19,40.0,167731.09,38,PERFIL-H-GOLD,Perfil H Gold,Perfiles y terminaciones
2026-01-26,5.0,20966.39,38,PERFIL-H-GOLD,Perfil H Gold,Perfiles y terminaciones
2026-02-02,11.0,46126.05,38,PERFIL-H-GOLD,Perfil H Gold,Perfiles y terminaciones
2026-02-09,13.0,54512.61,38,PERFIL-H-GOLD,Perfil H Gold,Perfiles y terminaciones
2026-02-16,11.0,46126.049999999996,38,PERFIL-H-GOLD,Perfil H Gold,Perfiles y terminaciones
2026-02-23,0.0,0.0,38,PERFIL-H-GOLD,Perfil H Gold,Perfiles y terminaciones
2026-03-02,0.0,0.0,38,PERFIL-H-GOLD,Perfil H Gold,Perfiles y terminaciones
2026-03-09,0.0,0.0,38,PERFIL-H-GOLD,Perfil H Gold,Perfiles y terminaciones
2026-03-16,0.0,0.0,38,PERFIL-H-GOLD,Perfil H Gold,Perfiles y terminaciones
2026-03-23,0.0,0.0,38,PERFIL-H-GOLD,Perfil H Gold,Perfiles y terminaciones
2026-03-30,0.0,0.0,38,PERFIL-H-GOLD,Perfil H Gold,Perfiles y terminaciones
2026-04-06,0.0,0.0,38,PERFIL-H-GOLD,Perfil H Gold,Perfiles y terminaciones
2026-04-13,3.0,12579.83,38,PERFIL-H-GOLD,Perfil H Gold,Perfiles y terminaciones
2026-04-20,0.0,0.0,38,PERFIL-H-GOLD,Perfil H Gold,Perfiles y terminaciones
2026-04-27,0.0,0.0,38,PERFIL-H-GOLD,Perfil H Gold,Perfiles y terminaciones
2026-05-04,31.0,129991.6,38,PERFIL-H-GOLD,Perfil H Gold,Perfiles y terminaciones
2026-05-11,0.0,0.0,38,PERFIL-H-GOLD,Perfil H Gold,Perfiles y terminaciones
2026-05-18,3.0,12579.83,38,PERFIL-H-GOLD,Perfil H Gold,Perfiles y terminaciones
2026-05-25,0.0,0.0,38,PERFIL-H-GOLD,Perfil H Gold,Perfiles y terminaciones
2026-06-01,2.0,8386.55,38,PERFIL-H-GOLD,Perfil H Gold,Perfiles y terminaciones
2026-06-08,0.0,0.0,38,PERFIL-H-GOLD,Perfil H Gold,Perfiles y terminaciones
2026-06-15,0.0,0.0,38,PERFIL-H-GOLD,Perfil H Gold,Perfiles y terminaciones
2026-06-22,0.0,0.0,38,PERFIL-H-GOLD,Perfil H Gold,Perfiles y terminaciones
2026-06-29,0.0,0.0,38,PERFIL-H-GOLD,Perfil H Gold,Perfiles y terminaciones
2026-07-06,0.0,0.0,38,PERFIL-H-GOLD,Perfil H Gold,Perfiles y terminaciones
2025-07-21,42.0,176117.65,39,PERFIL-E-GREY,Perfil E Grey,Perfiles y terminaciones
2025-07-28,8.0,33546.22,39,PERFIL-E-GREY,Perfil E Grey,Perfiles y terminaciones
2025-08-04,10.0,41932.770000000004,39,PERFIL-E-GREY,Perfil E Grey,Perfiles y terminaciones
2025-08-11,0.0,0.0,39,PERFIL-E-GREY,Perfil E Grey,Perfiles y terminaciones
2025-08-18,20.0,83865.55,39,PERFIL-E-GREY,Perfil E Grey,Perfiles y terminaciones
2025-08-25,25.0,104831.93000000001,39,PERFIL-E-GREY,Perfil E Grey,Perfiles y terminaciones
2025-09-01,19.0,79672.27,39,PERFIL-E-GREY,Perfil E Grey,Perfiles y terminaciones
2025-09-08,3.0,12579.83,39,PERFIL-E-GREY,Perfil E Grey,Perfiles y terminaciones
2025-09-15,6.0,25159.66,39,PERFIL-E-GREY,Perfil E Grey,Perfiles y terminaciones
2025-09-22,4.0,16773.11,39,PERFIL-E-GREY,Perfil E Grey,Perfiles y terminaciones
2025-09-29,17.0,71285.70999999999,39,PERFIL-E-GREY,Perfil E Grey,Perfiles y terminaciones
2025-10-06,8.0,33546.21,39,PERFIL-E-GREY,Perfil E Grey,Perfiles y terminaciones
2025-10-13,10.0,41932.759999999995,39,PERFIL-E-GREY,Perfil E Grey,Perfiles y terminaciones
2025-10-20,9.0,37739.479999999996,39,PERFIL-E-GREY,Perfil E Grey,Perfiles y terminaciones
2025-10-27,6.0,25159.66,39,PERFIL-E-GREY,Perfil E Grey,Perfiles y terminaciones
2025-11-03,4.0,16773.11,39,PERFIL-E-GREY,Perfil E Grey,Perfiles y terminaciones
2025-11-10,0.0,0.0,39,PERFIL-E-GREY,Perfil E Grey,Perfiles y terminaciones
2025-11-17,0.0,0.0,39,PERFIL-E-GREY,Perfil E Grey,Perfiles y terminaciones
2025-11-24,0.0,0.0,39,PERFIL-E-GREY,Perfil E Grey,Perfiles y terminaciones
2025-12-01,7.0,29352.940000000002,39,PERFIL-E-GREY,Perfil E Grey,Perfiles y terminaciones
2025-12-08,0.0,0.0,39,PERFIL-E-GREY,Perfil E Grey,Perfiles y terminaciones
2025-12-15,3.0,12579.83,39,PERFIL-E-GREY,Perfil E Grey,Perfiles y terminaciones
2025-12-22,0.0,0.0,39,PERFIL-E-GREY,Perfil E Grey,Perfiles y terminaciones
2025-12-29,0.0,0.0,39,PERFIL-E-GREY,Perfil E Grey,Perfiles y terminaciones
2026-01-05,8.0,33546.22,39,PERFIL-E-GREY,Perfil E Grey,Perfiles y terminaciones
2026-01-12,20.0,83865.55,39,PERFIL-E-GREY,Perfil E Grey,Perfiles y terminaciones
2026-01-19,5.0,20966.39,39,PERFIL-E-GREY,Perfil E Grey,Perfiles y terminaciones
2026-01-26,15.0,62899.15,39,PERFIL-E-GREY,Perfil E Grey,Perfiles y terminaciones
2026-02-02,19.0,79672.27,39,PERFIL-E-GREY,Perfil E Grey,Perfiles y terminaciones
2026-02-09,3.0,12579.829999999998,39,PERFIL-E-GREY,Perfil E Grey,Perfiles y terminaciones
2026-02-16,3.0,12579.83,39,PERFIL-E-GREY,Perfil E Grey,Perfiles y terminaciones
2026-02-23,9.0,37739.5,39,PERFIL-E-GREY,Perfil E Grey,Perfiles y terminaciones
2026-03-02,8.0,33546.22,39,PERFIL-E-GREY,Perfil E Grey,Perfiles y terminaciones
2026-03-09,8.0,33546.21,39,PERFIL-E-GREY,Perfil E Grey,Perfiles y terminaciones
2026-03-16,0.0,0.0,39,PERFIL-E-GREY,Perfil E Grey,Perfiles y terminaciones
2026-03-23,14.0,58705.869999999995,39,PERFIL-E-GREY,Perfil E Grey,Perfiles y terminaciones
2026-03-30,2.0,8386.55,39,PERFIL-E-GREY,Perfil E Grey,Perfiles y terminaciones
2026-04-06,0.0,0.0,39,PERFIL-E-GREY,Perfil E Grey,Perfiles y terminaciones
2026-04-13,1.0,4193.28,39,PERFIL-E-GREY,Perfil E Grey,Perfiles y terminaciones
2026-04-20,10.0,41932.759999999995,39,PERFIL-E-GREY,Perfil E Grey,Perfiles y terminaciones
2026-04-27,5.0,20966.379999999997,39,PERFIL-E-GREY,Perfil E Grey,Perfiles y terminaciones
2026-05-04,3.0,12579.83,39,PERFIL-E-GREY,Perfil E Grey,Perfiles y terminaciones
2026-05-11,19.0,79672.26999999999,39,PERFIL-E-GREY,Perfil E Grey,Perfiles y terminaciones
2026-05-18,10.0,41932.770000000004,39,PERFIL-E-GREY,Perfil E Grey,Perfiles y terminaciones
2026-05-25,5.0,20966.39,39,PERFIL-E-GREY,Perfil E Grey,Perfiles y terminaciones
2026-06-01,6.0,25159.66,39,PERFIL-E-GREY,Perfil E Grey,Perfiles y terminaciones
2026-06-08,0.0,0.0,39,PERFIL-E-GREY,Perfil E Grey,Perfiles y terminaciones
2026-06-15,0.0,0.0,39,PERFIL-E-GREY,Perfil E Grey,Perfiles y terminaciones
2026-06-22,0.0,0.0,39,PERFIL-E-GREY,Perfil E Grey,Perfiles y terminaciones
2026-06-29,0.0,0.0,39,PERFIL-E-GREY,Perfil E Grey,Perfiles y terminaciones
2026-07-06,0.0,0.0,39,PERFIL-E-GREY,Perfil E Grey,Perfiles y terminaciones
2025-08-04,8.0,33546.22,40,PERFIL-E-GOLD,Perfil E Gold,Perfiles y terminaciones
2025-08-11,0.0,0.0,40,PERFIL-E-GOLD,Perfil E Gold,Perfiles y terminaciones
2025-08-18,0.0,0.0,40,PERFIL-E-GOLD,Perfil E Gold,Perfiles y terminaciones
2025-08-25,0.0,0.0,40,PERFIL-E-GOLD,Perfil E Gold,Perfiles y terminaciones
2025-09-01,7.0,29352.940000000002,40,PERFIL-E-GOLD,Perfil E Gold,Perfiles y terminaciones
2025-09-08,3.0,12579.829999999998,40,PERFIL-E-GOLD,Perfil E Gold,Perfiles y terminaciones
2025-09-15,0.0,0.0,40,PERFIL-E-GOLD,Perfil E Gold,Perfiles y terminaciones
2025-09-22,1.0,4193.28,40,PERFIL-E-GOLD,Perfil E Gold,Perfiles y terminaciones
2025-09-29,2.0,8386.55,40,PERFIL-E-GOLD,Perfil E Gold,Perfiles y terminaciones
2025-10-06,0.0,0.0,40,PERFIL-E-GOLD,Perfil E Gold,Perfiles y terminaciones
2025-10-13,8.0,33546.21,40,PERFIL-E-GOLD,Perfil E Gold,Perfiles y terminaciones
2025-10-20,1.0,4193.28,40,PERFIL-E-GOLD,Perfil E Gold,Perfiles y terminaciones
2025-10-27,1.0,4193.28,40,PERFIL-E-GOLD,Perfil E Gold,Perfiles y terminaciones
2025-11-03,0.0,0.0,40,PERFIL-E-GOLD,Perfil E Gold,Perfiles y terminaciones
2025-11-10,1.0,4193.28,40,PERFIL-E-GOLD,Perfil E Gold,Perfiles y terminaciones
2025-11-17,10.0,41932.770000000004,40,PERFIL-E-GOLD,Perfil E Gold,Perfiles y terminaciones
2025-11-24,5.0,20966.39,40,PERFIL-E-GOLD,Perfil E Gold,Perfiles y terminaciones
2025-12-01,6.0,25159.66,40,PERFIL-E-GOLD,Perfil E Gold,Perfiles y terminaciones
2025-12-08,2.0,8386.55,40,PERFIL-E-GOLD,Perfil E Gold,Perfiles y terminaciones
2025-12-15,13.0,54512.6,40,PERFIL-E-GOLD,Perfil E Gold,Perfiles y terminaciones
2025-12-22,0.0,0.0,40,PERFIL-E-GOLD,Perfil E Gold,Perfiles y terminaciones
2025-12-29,0.0,0.0,40,PERFIL-E-GOLD,Perfil E Gold,Perfiles y terminaciones
2026-01-05,7.0,29352.94,40,PERFIL-E-GOLD,Perfil E Gold,Perfiles y terminaciones
2026-01-12,13.0,54512.61,40,PERFIL-E-GOLD,Perfil E Gold,Perfiles y terminaciones
2026-01-19,0.0,0.0,40,PERFIL-E-GOLD,Perfil E Gold,Perfiles y terminaciones
2026-01-26,0.0,0.0,40,PERFIL-E-GOLD,Perfil E Gold,Perfiles y terminaciones
2026-02-02,0.0,0.0,40,PERFIL-E-GOLD,Perfil E Gold,Perfiles y terminaciones
2026-02-09,0.0,0.0,40,PERFIL-E-GOLD,Perfil E Gold,Perfiles y terminaciones
2026-02-16,0.0,0.0,40,PERFIL-E-GOLD,Perfil E Gold,Perfiles y terminaciones
2026-02-23,0.0,0.0,40,PERFIL-E-GOLD,Perfil E Gold,Perfiles y terminaciones
2026-03-02,0.0,0.0,40,PERFIL-E-GOLD,Perfil E Gold,Perfiles y terminaciones
2026-03-09,0.0,0.0,40,PERFIL-E-GOLD,Perfil E Gold,Perfiles y terminaciones
2026-03-16,0.0,0.0,40,PERFIL-E-GOLD,Perfil E Gold,Perfiles y terminaciones
2026-03-23,0.0,0.0,40,PERFIL-E-GOLD,Perfil E Gold,Perfiles y terminaciones
2026-03-30,0.0,0.0,40,PERFIL-E-GOLD,Perfil E Gold,Perfiles y terminaciones
2026-04-06,0.0,0.0,40,PERFIL-E-GOLD,Perfil E Gold,Perfiles y terminaciones
2026-04-13,0.0,0.0,40,PERFIL-E-GOLD,Perfil E Gold,Perfiles y terminaciones
2026-04-20,0.0,0.0,40,PERFIL-E-GOLD,Perfil E Gold,Perfiles y terminaciones
2026-04-27,0.0,0.0,40,PERFIL-E-GOLD,Perfil E Gold,Perfiles y terminaciones
2026-05-04,3.0,12579.83,40,PERFIL-E-GOLD,Perfil E Gold,Perfiles y terminaciones
2026-05-11,0.0,0.0,40,PERFIL-E-GOLD,Perfil E Gold,Perfiles y terminaciones
2026-05-18,0.0,0.0,40,PERFIL-E-GOLD,Perfil E Gold,Perfiles y terminaciones
2026-05-25,0.0,0.0,40,PERFIL-E-GOLD,Perfil E Gold,Perfiles y terminaciones
2026-06-01,0.0,0.0,40,PERFIL-E-GOLD,Perfil E Gold,Perfiles y terminaciones
2026-06-08,0.0,0.0,40,PERFIL-E-GOLD,Perfil E Gold,Perfiles y terminaciones
2026-06-15,0.0,0.0,40,PERFIL-E-GOLD,Perfil E Gold,Perfiles y terminaciones
2026-06-22,0.0,0.0,40,PERFIL-E-GOLD,Perfil E Gold,Perfiles y terminaciones
2026-06-29,0.0,0.0,40,PERFIL-E-GOLD,Perfil E Gold,Perfiles y terminaciones
2026-07-06,0.0,0.0,40,PERFIL-E-GOLD,Perfil E Gold,Perfiles y terminaciones
2025-09-22,5.0,37773.11,41,PERFIL-ITS-V-CIPRES,Perfil ITSPANEL V Cipres,Perfiles y terminaciones
2025-09-29,2.0,15109.24,41,PERFIL-ITS-V-CIPRES,Perfil ITSPANEL V Cipres,Perfiles y terminaciones
2025-10-06,2.0,15109.24,41,PERFIL-ITS-V-CIPRES,Perfil ITSPANEL V Cipres,Perfiles y terminaciones
2025-10-13,0.0,0.0,41,PERFIL-ITS-V-CIPRES,Perfil ITSPANEL V Cipres,Perfiles y terminaciones
2025-10-20,10.0,75546.22,41,PERFIL-ITS-V-CIPRES,Perfil ITSPANEL V Cipres,Perfiles y terminaciones
2025-10-27,0.0,0.0,41,PERFIL-ITS-V-CIPRES,Perfil ITSPANEL V Cipres,Perfiles y terminaciones
2025-11-03,0.0,0.0,41,PERFIL-ITS-V-CIPRES,Perfil ITSPANEL V Cipres,Perfiles y terminaciones
2025-11-10,2.0,15109.24,41,PERFIL-ITS-V-CIPRES,Perfil ITSPANEL V Cipres,Perfiles y terminaciones
2025-11-17,5.0,37773.11,41,PERFIL-ITS-V-CIPRES,Perfil ITSPANEL V Cipres,Perfiles y terminaciones
2025-11-24,0.0,0.0,41,PERFIL-ITS-V-CIPRES,Perfil ITSPANEL V Cipres,Perfiles y terminaciones
2025-12-01,0.0,0.0,41,PERFIL-ITS-V-CIPRES,Perfil ITSPANEL V Cipres,Perfiles y terminaciones
2025-12-08,4.0,30218.49,41,PERFIL-ITS-V-CIPRES,Perfil ITSPANEL V Cipres,Perfiles y terminaciones
2025-12-15,0.0,0.0,41,PERFIL-ITS-V-CIPRES,Perfil ITSPANEL V Cipres,Perfiles y terminaciones
2025-12-22,0.0,0.0,41,PERFIL-ITS-V-CIPRES,Perfil ITSPANEL V Cipres,Perfiles y terminaciones
2025-12-29,13.0,98210.08,41,PERFIL-ITS-V-CIPRES,Perfil ITSPANEL V Cipres,Perfiles y terminaciones
2026-01-05,7.0,52882.350000000006,41,PERFIL-ITS-V-CIPRES,Perfil ITSPANEL V Cipres,Perfiles y terminaciones
2026-01-12,3.0,22663.86,41,PERFIL-ITS-V-CIPRES,Perfil ITSPANEL V Cipres,Perfiles y terminaciones
2026-01-19,9.0,67991.59,41,PERFIL-ITS-V-CIPRES,Perfil ITSPANEL V Cipres,Perfiles y terminaciones
2026-01-26,27.0,203974.79,41,PERFIL-ITS-V-CIPRES,Perfil ITSPANEL V Cipres,Perfiles y terminaciones
2026-02-02,0.0,0.0,41,PERFIL-ITS-V-CIPRES,Perfil ITSPANEL V Cipres,Perfiles y terminaciones
2026-02-09,0.0,0.0,41,PERFIL-ITS-V-CIPRES,Perfil ITSPANEL V Cipres,Perfiles y terminaciones
2026-02-16,0.0,0.0,41,PERFIL-ITS-V-CIPRES,Perfil ITSPANEL V Cipres,Perfiles y terminaciones
2026-02-23,0.0,0.0,41,PERFIL-ITS-V-CIPRES,Perfil ITSPANEL V Cipres,Perfiles y terminaciones
2026-03-02,0.0,0.0,41,PERFIL-ITS-V-CIPRES,Perfil ITSPANEL V Cipres,Perfiles y terminaciones
2026-03-09,0.0,0.0,41,PERFIL-ITS-V-CIPRES,Perfil ITSPANEL V Cipres,Perfiles y terminaciones
2026-03-16,0.0,0.0,41,PERFIL-ITS-V-CIPRES,Perfil ITSPANEL V Cipres,Perfiles y terminaciones
2026-03-23,11.0,83100.84,41,PERFIL-ITS-V-CIPRES,Perfil ITSPANEL V Cipres,Perfiles y terminaciones
2026-03-30,0.0,0.0,41,PERFIL-ITS-V-CIPRES,Perfil ITSPANEL V Cipres,Perfiles y terminaciones
2026-04-06,0.0,0.0,41,PERFIL-ITS-V-CIPRES,Perfil ITSPANEL V Cipres,Perfiles y terminaciones
2026-04-13,3.0,22663.87,41,PERFIL-ITS-V-CIPRES,Perfil ITSPANEL V Cipres,Perfiles y terminaciones
2026-04-20,0.0,0.0,41,PERFIL-ITS-V-CIPRES,Perfil ITSPANEL V Cipres,Perfiles y terminaciones
2026-04-27,0.0,0.0,41,PERFIL-ITS-V-CIPRES,Perfil ITSPANEL V Cipres,Perfiles y terminaciones
2026-05-04,0.0,0.0,41,PERFIL-ITS-V-CIPRES,Perfil ITSPANEL V Cipres,Perfiles y terminaciones
2026-05-11,0.0,0.0,41,PERFIL-ITS-V-CIPRES,Perfil ITSPANEL V Cipres,Perfiles y terminaciones
2026-05-18,0.0,0.0,41,PERFIL-ITS-V-CIPRES,Perfil ITSPANEL V Cipres,Perfiles y terminaciones
2026-05-25,0.0,0.0,41,PERFIL-ITS-V-CIPRES,Perfil ITSPANEL V Cipres,Perfiles y terminaciones
2026-06-01,5.0,37773.11,41,PERFIL-ITS-V-CIPRES,Perfil ITSPANEL V Cipres,Perfiles y terminaciones
2026-06-08,0.0,0.0,41,PERFIL-ITS-V-CIPRES,Perfil ITSPANEL V Cipres,Perfiles y terminaciones
2026-06-15,0.0,0.0,41,PERFIL-ITS-V-CIPRES,Perfil ITSPANEL V Cipres,Perfiles y terminaciones
2026-06-22,0.0,0.0,41,PERFIL-ITS-V-CIPRES,Perfil ITSPANEL V Cipres,Perfiles y terminaciones
2026-06-29,0.0,0.0,41,PERFIL-ITS-V-CIPRES,Perfil ITSPANEL V Cipres,Perfiles y terminaciones
2026-07-06,0.0,0.0,41,PERFIL-ITS-V-CIPRES,Perfil ITSPANEL V Cipres,Perfiles y terminaciones
2025-11-03,4.0,0.0,42,PERFIL-ITS-V-ALERCE,Perfil ITSPANEL V Alerce,Perfiles y terminaciones
2025-11-10,6.0,0.0,42,PERFIL-ITS-V-ALERCE,Perfil ITSPANEL V Alerce,Perfiles y terminaciones
2025-11-17,2.0,0.0,42,PERFIL-ITS-V-ALERCE,Perfil ITSPANEL V Alerce,Perfiles y terminaciones
2025-11-24,5.0,0.0,42,PERFIL-ITS-V-ALERCE,Perfil ITSPANEL V Alerce,Perfiles y terminaciones
2025-12-01,6.0,0.0,42,PERFIL-ITS-V-ALERCE,Perfil ITSPANEL V Alerce,Perfiles y terminaciones
2025-12-08,5.0,0.0,42,PERFIL-ITS-V-ALERCE,Perfil ITSPANEL V Alerce,Perfiles y terminaciones
2025-12-15,2.0,0.0,42,PERFIL-ITS-V-ALERCE,Perfil ITSPANEL V Alerce,Perfiles y terminaciones
2025-12-22,1.0,0.0,42,PERFIL-ITS-V-ALERCE,Perfil ITSPANEL V Alerce,Perfiles y terminaciones
2025-12-29,0.0,0.0,42,PERFIL-ITS-V-ALERCE,Perfil ITSPANEL V Alerce,Perfiles y terminaciones
2026-01-05,2.0,0.0,42,PERFIL-ITS-V-ALERCE,Perfil ITSPANEL V Alerce,Perfiles y terminaciones
2026-01-12,2.0,0.0,42,PERFIL-ITS-V-ALERCE,Perfil ITSPANEL V Alerce,Perfiles y terminaciones
2026-01-19,2.0,0.0,42,PERFIL-ITS-V-ALERCE,Perfil ITSPANEL V Alerce,Perfiles y terminaciones
2026-01-26,2.0,0.0,42,PERFIL-ITS-V-ALERCE,Perfil ITSPANEL V Alerce,Perfiles y terminaciones
2026-02-02,0.0,0.0,42,PERFIL-ITS-V-ALERCE,Perfil ITSPANEL V Alerce,Perfiles y terminaciones
2026-02-09,0.0,0.0,42,PERFIL-ITS-V-ALERCE,Perfil ITSPANEL V Alerce,Perfiles y terminaciones
2026-02-16,11.0,0.0,42,PERFIL-ITS-V-ALERCE,Perfil ITSPANEL V Alerce,Perfiles y terminaciones
2026-02-23,0.0,0.0,42,PERFIL-ITS-V-ALERCE,Perfil ITSPANEL V Alerce,Perfiles y terminaciones
2026-03-02,0.0,0.0,42,PERFIL-ITS-V-ALERCE,Perfil ITSPANEL V Alerce,Perfiles y terminaciones
2026-03-09,0.0,0.0,42,PERFIL-ITS-V-ALERCE,Perfil ITSPANEL V Alerce,Perfiles y terminaciones
2026-03-16,0.0,0.0,42,PERFIL-ITS-V-ALERCE,Perfil ITSPANEL V Alerce,Perfiles y terminaciones
2026-03-23,0.0,0.0,42,PERFIL-ITS-V-ALERCE,Perfil ITSPANEL V Alerce,Perfiles y terminaciones
2026-03-30,0.0,0.0,42,PERFIL-ITS-V-ALERCE,Perfil ITSPANEL V Alerce,Perfiles y terminaciones
2026-04-06,0.0,0.0,42,PERFIL-ITS-V-ALERCE,Perfil ITSPANEL V Alerce,Perfiles y terminaciones
2026-04-13,0.0,0.0,42,PERFIL-ITS-V-ALERCE,Perfil ITSPANEL V Alerce,Perfiles y terminaciones
2026-04-20,0.0,0.0,42,PERFIL-ITS-V-ALERCE,Perfil ITSPANEL V Alerce,Perfiles y terminaciones
2026-04-27,0.0,0.0,42,PERFIL-ITS-V-ALERCE,Perfil ITSPANEL V Alerce,Perfiles y terminaciones
2026-05-04,0.0,0.0,42,PERFIL-ITS-V-ALERCE,Perfil ITSPANEL V Alerce,Perfiles y terminaciones
2026-05-11,0.0,0.0,42,PERFIL-ITS-V-ALERCE,Perfil ITSPANEL V Alerce,Perfiles y terminaciones
2026-05-18,0.0,0.0,42,PERFIL-ITS-V-ALERCE,Perfil ITSPANEL V Alerce,Perfiles y terminaciones
2026-05-25,0.0,0.0,42,PERFIL-ITS-V-ALERCE,Perfil ITSPANEL V Alerce,Perfiles y terminaciones
2026-06-01,2.0,0.0,42,PERFIL-ITS-V-ALERCE,Perfil ITSPANEL V Alerce,Perfiles y terminaciones
2026-06-08,0.0,0.0,42,PERFIL-ITS-V-ALERCE,Perfil ITSPANEL V Alerce,Perfiles y terminaciones
2026-06-15,0.0,0.0,42,PERFIL-ITS-V-ALERCE,Perfil ITSPANEL V Alerce,Perfiles y terminaciones
2026-06-22,0.0,0.0,42,PERFIL-ITS-V-ALERCE,Perfil ITSPANEL V Alerce,Perfiles y terminaciones
2026-06-29,0.0,0.0,42,PERFIL-ITS-V-ALERCE,Perfil ITSPANEL V Alerce,Perfiles y terminaciones
2026-07-06,0.0,0.0,42,PERFIL-ITS-V-ALERCE,Perfil ITSPANEL V Alerce,Perfiles y terminaciones
2026-01-05,6.0,35243.7,43,PERFIL-ITS-V-GRIS,Perfil ITSPANEL V Gris,Perfiles y terminaciones
2026-01-12,0.0,0.0,43,PERFIL-ITS-V-GRIS,Perfil ITSPANEL V Gris,Perfiles y terminaciones
2026-01-19,6.0,35243.7,43,PERFIL-ITS-V-GRIS,Perfil ITSPANEL V Gris,Perfiles y terminaciones
2026-01-26,7.0,41117.65,43,PERFIL-ITS-V-GRIS,Perfil ITSPANEL V Gris,Perfiles y terminaciones
2026-02-02,0.0,0.0,43,PERFIL-ITS-V-GRIS,Perfil ITSPANEL V Gris,Perfiles y terminaciones
2026-02-09,6.0,35243.7,43,PERFIL-ITS-V-GRIS,Perfil ITSPANEL V Gris,Perfiles y terminaciones
2026-02-16,2.0,11747.9,43,PERFIL-ITS-V-GRIS,Perfil ITSPANEL V Gris,Perfiles y terminaciones
2026-02-23,9.0,52865.549999999996,43,PERFIL-ITS-V-GRIS,Perfil ITSPANEL V Gris,Perfiles y terminaciones
2026-03-02,1.0,5873.95,43,PERFIL-ITS-V-GRIS,Perfil ITSPANEL V Gris,Perfiles y terminaciones
2026-03-09,0.0,0.0,43,PERFIL-ITS-V-GRIS,Perfil ITSPANEL V Gris,Perfiles y terminaciones
2026-03-16,5.0,29369.75,43,PERFIL-ITS-V-GRIS,Perfil ITSPANEL V Gris,Perfiles y terminaciones
2026-03-23,0.0,0.0,43,PERFIL-ITS-V-GRIS,Perfil ITSPANEL V Gris,Perfiles y terminaciones
2026-03-30,1.0,5873.95,43,PERFIL-ITS-V-GRIS,Perfil ITSPANEL V Gris,Perfiles y terminaciones
2026-04-06,7.0,41117.65,43,PERFIL-ITS-V-GRIS,Perfil ITSPANEL V Gris,Perfiles y terminaciones
2026-04-13,0.0,0.0,43,PERFIL-ITS-V-GRIS,Perfil ITSPANEL V Gris,Perfiles y terminaciones
2026-04-20,5.0,29369.75,43,PERFIL-ITS-V-GRIS,Perfil ITSPANEL V Gris,Perfiles y terminaciones
2026-04-27,0.0,0.0,43,PERFIL-ITS-V-GRIS,Perfil ITSPANEL V Gris,Perfiles y terminaciones
2026-05-04,0.0,0.0,43,PERFIL-ITS-V-GRIS,Perfil ITSPANEL V Gris,Perfiles y terminaciones
2026-05-11,0.0,0.0,43,PERFIL-ITS-V-GRIS,Perfil ITSPANEL V Gris,Perfiles y terminaciones
2026-05-18,0.0,0.0,43,PERFIL-ITS-V-GRIS,Perfil ITSPANEL V Gris,Perfiles y terminaciones
2026-05-25,0.0,0.0,43,PERFIL-ITS-V-GRIS,Perfil ITSPANEL V Gris,Perfiles y terminaciones
2026-06-01,0.0,0.0,43,PERFIL-ITS-V-GRIS,Perfil ITSPANEL V Gris,Perfiles y terminaciones
2026-06-08,0.0,0.0,43,PERFIL-ITS-V-GRIS,Perfil ITSPANEL V Gris,Perfiles y terminaciones
2026-06-15,0.0,0.0,43,PERFIL-ITS-V-GRIS,Perfil ITSPANEL V Gris,Perfiles y terminaciones
2026-06-22,0.0,0.0,43,PERFIL-ITS-V-GRIS,Perfil ITSPANEL V Gris,Perfiles y terminaciones
2026-06-29,0.0,0.0,43,PERFIL-ITS-V-GRIS,Perfil ITSPANEL V Gris,Perfiles y terminaciones
2026-07-06,0.0,0.0,43,PERFIL-ITS-V-GRIS,Perfil ITSPANEL V Gris,Perfiles y terminaciones
2025-11-03,5.0,37773.11,44,PERFIL-ITS-V-NEGRO,Perfil ITSPANEL V Negro,Perfiles y terminaciones
2025-11-10,0.0,0.0,44,PERFIL-ITS-V-NEGRO,Perfil ITSPANEL V Negro,Perfiles y terminaciones
2025-11-17,0.0,0.0,44,PERFIL-ITS-V-NEGRO,Perfil ITSPANEL V Negro,Perfiles y terminaciones
2025-11-24,0.0,0.0,44,PERFIL-ITS-V-NEGRO,Perfil ITSPANEL V Negro,Perfiles y terminaciones
2025-12-01,0.0,0.0,44,PERFIL-ITS-V-NEGRO,Perfil ITSPANEL V Negro,Perfiles y terminaciones
2025-12-08,4.0,30218.49,44,PERFIL-ITS-V-NEGRO,Perfil ITSPANEL V Negro,Perfiles y terminaciones
2025-12-15,0.0,0.0,44,PERFIL-ITS-V-NEGRO,Perfil ITSPANEL V Negro,Perfiles y terminaciones
2025-12-22,5.0,37773.11,44,PERFIL-ITS-V-NEGRO,Perfil ITSPANEL V Negro,Perfiles y terminaciones
2025-12-29,0.0,0.0,44,PERFIL-ITS-V-NEGRO,Perfil ITSPANEL V Negro,Perfiles y terminaciones
2026-01-05,0.0,0.0,44,PERFIL-ITS-V-NEGRO,Perfil ITSPANEL V Negro,Perfiles y terminaciones
2026-01-12,0.0,0.0,44,PERFIL-ITS-V-NEGRO,Perfil ITSPANEL V Negro,Perfiles y terminaciones
2026-01-19,0.0,0.0,44,PERFIL-ITS-V-NEGRO,Perfil ITSPANEL V Negro,Perfiles y terminaciones
2026-01-26,0.0,0.0,44,PERFIL-ITS-V-NEGRO,Perfil ITSPANEL V Negro,Perfiles y terminaciones
2026-02-02,8.0,60436.97,44,PERFIL-ITS-V-NEGRO,Perfil ITSPANEL V Negro,Perfiles y terminaciones
2026-02-09,0.0,0.0,44,PERFIL-ITS-V-NEGRO,Perfil ITSPANEL V Negro,Perfiles y terminaciones
2026-02-16,6.0,45327.73,44,PERFIL-ITS-V-NEGRO,Perfil ITSPANEL V Negro,Perfiles y terminaciones
2026-02-23,3.0,22663.87,44,PERFIL-ITS-V-NEGRO,Perfil ITSPANEL V Negro,Perfiles y terminaciones
2026-03-02,0.0,0.0,44,PERFIL-ITS-V-NEGRO,Perfil ITSPANEL V Negro,Perfiles y terminaciones
2026-03-09,0.0,0.0,44,PERFIL-ITS-V-NEGRO,Perfil ITSPANEL V Negro,Perfiles y terminaciones
2026-03-16,0.0,0.0,44,PERFIL-ITS-V-NEGRO,Perfil ITSPANEL V Negro,Perfiles y terminaciones
2026-03-23,0.0,0.0,44,PERFIL-ITS-V-NEGRO,Perfil ITSPANEL V Negro,Perfiles y terminaciones
2026-03-30,0.0,0.0,44,PERFIL-ITS-V-NEGRO,Perfil ITSPANEL V Negro,Perfiles y terminaciones
2026-04-06,0.0,0.0,44,PERFIL-ITS-V-NEGRO,Perfil ITSPANEL V Negro,Perfiles y terminaciones
2026-04-13,0.0,0.0,44,PERFIL-ITS-V-NEGRO,Perfil ITSPANEL V Negro,Perfiles y terminaciones
2026-04-20,0.0,0.0,44,PERFIL-ITS-V-NEGRO,Perfil ITSPANEL V Negro,Perfiles y terminaciones
2026-04-27,0.0,0.0,44,PERFIL-ITS-V-NEGRO,Perfil ITSPANEL V Negro,Perfiles y terminaciones
2026-05-04,0.0,0.0,44,PERFIL-ITS-V-NEGRO,Perfil ITSPANEL V Negro,Perfiles y terminaciones
2026-05-11,0.0,0.0,44,PERFIL-ITS-V-NEGRO,Perfil ITSPANEL V Negro,Perfiles y terminaciones
2026-05-18,0.0,0.0,44,PERFIL-ITS-V-NEGRO,Perfil ITSPANEL V Negro,Perfiles y terminaciones
2026-05-25,0.0,0.0,44,PERFIL-ITS-V-NEGRO,Perfil ITSPANEL V Negro,Perfiles y terminaciones
2026-06-01,33.0,249302.52000000002,44,PERFIL-ITS-V-NEGRO,Perfil ITSPANEL V Negro,Perfiles y terminaciones
2026-06-08,0.0,0.0,44,PERFIL-ITS-V-NEGRO,Perfil ITSPANEL V Negro,Perfiles y terminaciones
2026-06-15,0.0,0.0,44,PERFIL-ITS-V-NEGRO,Perfil ITSPANEL V Negro,Perfiles y terminaciones
2026-06-22,0.0,0.0,44,PERFIL-ITS-V-NEGRO,Perfil ITSPANEL V Negro,Perfiles y terminaciones
2026-06-29,0.0,0.0,44,PERFIL-ITS-V-NEGRO,Perfil ITSPANEL V Negro,Perfiles y terminaciones
2026-07-06,0.0,0.0,44,PERFIL-ITS-V-NEGRO,Perfil ITSPANEL V Negro,Perfiles y terminaciones
2025-11-10,4.0,30218.49,45,PERFIL-ITS-V-BLANCO,Perfil ITSPANEL V Blanco,Perfiles y terminaciones
2025-11-17,0.0,0.0,45,PERFIL-ITS-V-BLANCO,Perfil ITSPANEL V Blanco,Perfiles y terminaciones
2025-11-24,0.0,0.0,45,PERFIL-ITS-V-BLANCO,Perfil ITSPANEL V Blanco,Perfiles y terminaciones
2025-12-01,0.0,0.0,45,PERFIL-ITS-V-BLANCO,Perfil ITSPANEL V Blanco,Perfiles y terminaciones
2025-12-08,0.0,0.0,45,PERFIL-ITS-V-BLANCO,Perfil ITSPANEL V Blanco,Perfiles y terminaciones
2025-12-15,0.0,0.0,45,PERFIL-ITS-V-BLANCO,Perfil ITSPANEL V Blanco,Perfiles y terminaciones
2025-12-22,0.0,0.0,45,PERFIL-ITS-V-BLANCO,Perfil ITSPANEL V Blanco,Perfiles y terminaciones
2025-12-29,0.0,0.0,45,PERFIL-ITS-V-BLANCO,Perfil ITSPANEL V Blanco,Perfiles y terminaciones
2026-01-05,0.0,0.0,45,PERFIL-ITS-V-BLANCO,Perfil ITSPANEL V Blanco,Perfiles y terminaciones
2026-01-12,0.0,0.0,45,PERFIL-ITS-V-BLANCO,Perfil ITSPANEL V Blanco,Perfiles y terminaciones
2026-01-19,0.0,0.0,45,PERFIL-ITS-V-BLANCO,Perfil ITSPANEL V Blanco,Perfiles y terminaciones
2026-01-26,0.0,0.0,45,PERFIL-ITS-V-BLANCO,Perfil ITSPANEL V Blanco,Perfiles y terminaciones
2026-02-02,0.0,0.0,45,PERFIL-ITS-V-BLANCO,Perfil ITSPANEL V Blanco,Perfiles y terminaciones
2026-02-09,2.0,15109.24,45,PERFIL-ITS-V-BLANCO,Perfil ITSPANEL V Blanco,Perfiles y terminaciones
2026-02-16,0.0,0.0,45,PERFIL-ITS-V-BLANCO,Perfil ITSPANEL V Blanco,Perfiles y terminaciones
2026-02-23,6.0,45327.73,45,PERFIL-ITS-V-BLANCO,Perfil ITSPANEL V Blanco,Perfiles y terminaciones
2026-03-02,2.0,15109.24,45,PERFIL-ITS-V-BLANCO,Perfil ITSPANEL V Blanco,Perfiles y terminaciones
2026-03-09,10.0,75546.22,45,PERFIL-ITS-V-BLANCO,Perfil ITSPANEL V Blanco,Perfiles y terminaciones
2026-03-16,0.0,0.0,45,PERFIL-ITS-V-BLANCO,Perfil ITSPANEL V Blanco,Perfiles y terminaciones
2026-03-23,0.0,0.0,45,PERFIL-ITS-V-BLANCO,Perfil ITSPANEL V Blanco,Perfiles y terminaciones
2026-03-30,0.0,0.0,45,PERFIL-ITS-V-BLANCO,Perfil ITSPANEL V Blanco,Perfiles y terminaciones
2026-04-06,3.0,22663.87,45,PERFIL-ITS-V-BLANCO,Perfil ITSPANEL V Blanco,Perfiles y terminaciones
2026-04-13,0.0,0.0,45,PERFIL-ITS-V-BLANCO,Perfil ITSPANEL V Blanco,Perfiles y terminaciones
2026-04-20,0.0,0.0,45,PERFIL-ITS-V-BLANCO,Perfil ITSPANEL V Blanco,Perfiles y terminaciones
2026-04-27,0.0,0.0,45,PERFIL-ITS-V-BLANCO,Perfil ITSPANEL V Blanco,Perfiles y terminaciones
2026-05-04,2.0,15109.24,45,PERFIL-ITS-V-BLANCO,Perfil ITSPANEL V Blanco,Perfiles y terminaciones
2026-05-11,0.0,0.0,45,PERFIL-ITS-V-BLANCO,Perfil ITSPANEL V Blanco,Perfiles y terminaciones
2026-05-18,1.0,7554.62,45,PERFIL-ITS-V-BLANCO,Perfil ITSPANEL V Blanco,Perfiles y terminaciones
2026-05-25,0.0,0.0,45,PERFIL-ITS-V-BLANCO,Perfil ITSPANEL V Blanco,Perfiles y terminaciones
2026-06-01,2.0,15109.24,45,PERFIL-ITS-V-BLANCO,Perfil ITSPANEL V Blanco,Perfiles y terminaciones
2026-06-08,0.0,0.0,45,PERFIL-ITS-V-BLANCO,Perfil ITSPANEL V Blanco,Perfiles y terminaciones
2026-06-15,0.0,0.0,45,PERFIL-ITS-V-BLANCO,Perfil ITSPANEL V Blanco,Perfiles y terminaciones
2026-06-22,0.0,0.0,45,PERFIL-ITS-V-BLANCO,Perfil ITSPANEL V Blanco,Perfiles y terminaciones
2026-06-29,0.0,0.0,45,PERFIL-ITS-V-BLANCO,Perfil ITSPANEL V Blanco,Perfiles y terminaciones
2026-07-06,0.0,0.0,45,PERFIL-ITS-V-BLANCO,Perfil ITSPANEL V Blanco,Perfiles y terminaciones
2025-09-22,2.0,15109.24,46,PERFIL-ITS-J-CIPRES,Perfil ITSPANEL J Cipres,Perfiles y terminaciones
2025-09-29,10.0,75546.22,46,PERFIL-ITS-J-CIPRES,Perfil ITSPANEL J Cipres,Perfiles y terminaciones
2025-10-06,4.0,30218.49,46,PERFIL-ITS-J-CIPRES,Perfil ITSPANEL J Cipres,Perfiles y terminaciones
2025-10-13,25.0,188865.54,46,PERFIL-ITS-J-CIPRES,Perfil ITSPANEL J Cipres,Perfiles y terminaciones
2025-10-20,43.0,324848.74,46,PERFIL-ITS-J-CIPRES,Perfil ITSPANEL J Cipres,Perfiles y terminaciones
2025-10-27,0.0,0.0,46,PERFIL-ITS-J-CIPRES,Perfil ITSPANEL J Cipres,Perfiles y terminaciones
2025-11-03,0.0,0.0,46,PERFIL-ITS-J-CIPRES,Perfil ITSPANEL J Cipres,Perfiles y terminaciones
2025-11-10,48.0,362621.84,46,PERFIL-ITS-J-CIPRES,Perfil ITSPANEL J Cipres,Perfiles y terminaciones
2025-11-17,27.0,203974.79,46,PERFIL-ITS-J-CIPRES,Perfil ITSPANEL J Cipres,Perfiles y terminaciones
2025-11-24,10.0,75546.22,46,PERFIL-ITS-J-CIPRES,Perfil ITSPANEL J Cipres,Perfiles y terminaciones
2025-12-01,7.0,52882.35,46,PERFIL-ITS-J-CIPRES,Perfil ITSPANEL J Cipres,Perfiles y terminaciones
2025-12-08,32.0,241747.9,46,PERFIL-ITS-J-CIPRES,Perfil ITSPANEL J Cipres,Perfiles y terminaciones
2025-12-15,0.0,0.0,46,PERFIL-ITS-J-CIPRES,Perfil ITSPANEL J Cipres,Perfiles y terminaciones
2025-12-22,0.0,0.0,46,PERFIL-ITS-J-CIPRES,Perfil ITSPANEL J Cipres,Perfiles y terminaciones
2025-12-29,56.0,423058.82,46,PERFIL-ITS-J-CIPRES,Perfil ITSPANEL J Cipres,Perfiles y terminaciones
2026-01-05,17.0,128428.57,46,PERFIL-ITS-J-CIPRES,Perfil ITSPANEL J Cipres,Perfiles y terminaciones
2026-01-12,5.0,37773.11,46,PERFIL-ITS-J-CIPRES,Perfil ITSPANEL J Cipres,Perfiles y terminaciones
2026-01-19,26.0,196420.16999999998,46,PERFIL-ITS-J-CIPRES,Perfil ITSPANEL J Cipres,Perfiles y terminaciones
2026-01-26,38.0,287075.63,46,PERFIL-ITS-J-CIPRES,Perfil ITSPANEL J Cipres,Perfiles y terminaciones
2026-02-02,20.0,151092.44,46,PERFIL-ITS-J-CIPRES,Perfil ITSPANEL J Cipres,Perfiles y terminaciones
2026-02-09,0.0,0.0,46,PERFIL-ITS-J-CIPRES,Perfil ITSPANEL J Cipres,Perfiles y terminaciones
2026-02-16,15.0,113319.33,46,PERFIL-ITS-J-CIPRES,Perfil ITSPANEL J Cipres,Perfiles y terminaciones
2026-02-23,0.0,0.0,46,PERFIL-ITS-J-CIPRES,Perfil ITSPANEL J Cipres,Perfiles y terminaciones
2026-03-02,0.0,0.0,46,PERFIL-ITS-J-CIPRES,Perfil ITSPANEL J Cipres,Perfiles y terminaciones
2026-03-09,0.0,0.0,46,PERFIL-ITS-J-CIPRES,Perfil ITSPANEL J Cipres,Perfiles y terminaciones
2026-03-16,0.0,0.0,46,PERFIL-ITS-J-CIPRES,Perfil ITSPANEL J Cipres,Perfiles y terminaciones
2026-03-23,0.0,0.0,46,PERFIL-ITS-J-CIPRES,Perfil ITSPANEL J Cipres,Perfiles y terminaciones
2026-03-30,0.0,0.0,46,PERFIL-ITS-J-CIPRES,Perfil ITSPANEL J Cipres,Perfiles y terminaciones
2026-04-06,0.0,0.0,46,PERFIL-ITS-J-CIPRES,Perfil ITSPANEL J Cipres,Perfiles y terminaciones
2026-04-13,0.0,0.0,46,PERFIL-ITS-J-CIPRES,Perfil ITSPANEL J Cipres,Perfiles y terminaciones
2026-04-20,0.0,0.0,46,PERFIL-ITS-J-CIPRES,Perfil ITSPANEL J Cipres,Perfiles y terminaciones
2026-04-27,0.0,0.0,46,PERFIL-ITS-J-CIPRES,Perfil ITSPANEL J Cipres,Perfiles y terminaciones
2026-05-04,0.0,0.0,46,PERFIL-ITS-J-CIPRES,Perfil ITSPANEL J Cipres,Perfiles y terminaciones
2026-05-11,0.0,0.0,46,PERFIL-ITS-J-CIPRES,Perfil ITSPANEL J Cipres,Perfiles y terminaciones
2026-05-18,1.0,7554.62,46,PERFIL-ITS-J-CIPRES,Perfil ITSPANEL J Cipres,Perfiles y terminaciones
2026-05-25,0.0,0.0,46,PERFIL-ITS-J-CIPRES,Perfil ITSPANEL J Cipres,Perfiles y terminaciones
2026-06-01,32.0,241747.90000000002,46,PERFIL-ITS-J-CIPRES,Perfil ITSPANEL J Cipres,Perfiles y terminaciones
2026-06-08,0.0,0.0,46,PERFIL-ITS-J-CIPRES,Perfil ITSPANEL J Cipres,Perfiles y terminaciones
2026-06-15,0.0,0.0,46,PERFIL-ITS-J-CIPRES,Perfil ITSPANEL J Cipres,Perfiles y terminaciones
2026-06-22,0.0,0.0,46,PERFIL-ITS-J-CIPRES,Perfil ITSPANEL J Cipres,Perfiles y terminaciones
2026-06-29,0.0,0.0,46,PERFIL-ITS-J-CIPRES,Perfil ITSPANEL J Cipres,Perfiles y terminaciones
2026-07-06,0.0,0.0,46,PERFIL-ITS-J-CIPRES,Perfil ITSPANEL J Cipres,Perfiles y terminaciones
2025-11-03,10.0,75546.22,47,PERFIL-ITS-J-ALERCE,Perfil ITSPANEL J Alerce,Perfiles y terminaciones
2025-11-10,7.0,52882.350000000006,47,PERFIL-ITS-J-ALERCE,Perfil ITSPANEL J Alerce,Perfiles y terminaciones
2025-11-17,10.0,75546.22,47,PERFIL-ITS-J-ALERCE,Perfil ITSPANEL J Alerce,Perfiles y terminaciones
2025-11-24,30.0,226638.64,47,PERFIL-ITS-J-ALERCE,Perfil ITSPANEL J Alerce,Perfiles y terminaciones
2025-12-01,25.0,188865.54,47,PERFIL-ITS-J-ALERCE,Perfil ITSPANEL J Alerce,Perfiles y terminaciones
2025-12-08,26.0,196420.17,47,PERFIL-ITS-J-ALERCE,Perfil ITSPANEL J Alerce,Perfiles y terminaciones
2025-12-15,12.0,90655.46,47,PERFIL-ITS-J-ALERCE,Perfil ITSPANEL J Alerce,Perfiles y terminaciones
2025-12-22,3.0,22663.87,47,PERFIL-ITS-J-ALERCE,Perfil ITSPANEL J Alerce,Perfiles y terminaciones
2025-12-29,0.0,0.0,47,PERFIL-ITS-J-ALERCE,Perfil ITSPANEL J Alerce,Perfiles y terminaciones
2026-01-05,0.0,0.0,47,PERFIL-ITS-J-ALERCE,Perfil ITSPANEL J Alerce,Perfiles y terminaciones
2026-01-12,3.0,22663.87,47,PERFIL-ITS-J-ALERCE,Perfil ITSPANEL J Alerce,Perfiles y terminaciones
2026-01-19,0.0,0.0,47,PERFIL-ITS-J-ALERCE,Perfil ITSPANEL J Alerce,Perfiles y terminaciones
2026-01-26,0.0,0.0,47,PERFIL-ITS-J-ALERCE,Perfil ITSPANEL J Alerce,Perfiles y terminaciones
2026-02-02,0.0,0.0,47,PERFIL-ITS-J-ALERCE,Perfil ITSPANEL J Alerce,Perfiles y terminaciones
2026-02-09,0.0,0.0,47,PERFIL-ITS-J-ALERCE,Perfil ITSPANEL J Alerce,Perfiles y terminaciones
2026-02-16,0.0,0.0,47,PERFIL-ITS-J-ALERCE,Perfil ITSPANEL J Alerce,Perfiles y terminaciones
2026-02-23,0.0,0.0,47,PERFIL-ITS-J-ALERCE,Perfil ITSPANEL J Alerce,Perfiles y terminaciones
2026-03-02,0.0,0.0,47,PERFIL-ITS-J-ALERCE,Perfil ITSPANEL J Alerce,Perfiles y terminaciones
2026-03-09,0.0,0.0,47,PERFIL-ITS-J-ALERCE,Perfil ITSPANEL J Alerce,Perfiles y terminaciones
2026-03-16,0.0,0.0,47,PERFIL-ITS-J-ALERCE,Perfil ITSPANEL J Alerce,Perfiles y terminaciones
2026-03-23,0.0,0.0,47,PERFIL-ITS-J-ALERCE,Perfil ITSPANEL J Alerce,Perfiles y terminaciones
2026-03-30,0.0,0.0,47,PERFIL-ITS-J-ALERCE,Perfil ITSPANEL J Alerce,Perfiles y terminaciones
2026-04-06,0.0,0.0,47,PERFIL-ITS-J-ALERCE,Perfil ITSPANEL J Alerce,Perfiles y terminaciones
2026-04-13,0.0,0.0,47,PERFIL-ITS-J-ALERCE,Perfil ITSPANEL J Alerce,Perfiles y terminaciones
2026-04-20,0.0,0.0,47,PERFIL-ITS-J-ALERCE,Perfil ITSPANEL J Alerce,Perfiles y terminaciones
2026-04-27,0.0,0.0,47,PERFIL-ITS-J-ALERCE,Perfil ITSPANEL J Alerce,Perfiles y terminaciones
2026-05-04,0.0,0.0,47,PERFIL-ITS-J-ALERCE,Perfil ITSPANEL J Alerce,Perfiles y terminaciones
2026-05-11,0.0,0.0,47,PERFIL-ITS-J-ALERCE,Perfil ITSPANEL J Alerce,Perfiles y terminaciones
2026-05-18,0.0,0.0,47,PERFIL-ITS-J-ALERCE,Perfil ITSPANEL J Alerce,Perfiles y terminaciones
2026-05-25,0.0,0.0,47,PERFIL-ITS-J-ALERCE,Perfil ITSPANEL J Alerce,Perfiles y terminaciones
2026-06-01,0.0,0.0,47,PERFIL-ITS-J-ALERCE,Perfil ITSPANEL J Alerce,Perfiles y terminaciones
2026-06-08,6.0,45327.73,47,PERFIL-ITS-J-ALERCE,Perfil ITSPANEL J Alerce,Perfiles y terminaciones
2026-06-15,0.0,0.0,47,PERFIL-ITS-J-ALERCE,Perfil ITSPANEL J Alerce,Perfiles y terminaciones
2026-06-22,0.0,0.0,47,PERFIL-ITS-J-ALERCE,Perfil ITSPANEL J Alerce,Perfiles y terminaciones
2026-06-29,0.0,0.0,47,PERFIL-ITS-J-ALERCE,Perfil ITSPANEL J Alerce,Perfiles y terminaciones
2026-07-06,0.0,0.0,47,PERFIL-ITS-J-ALERCE,Perfil ITSPANEL J Alerce,Perfiles y terminaciones
2025-12-29,12.0,90655.46,48,PERFIL-ITS-J-GRIS,Perfil ITSPANEL J Gris,Perfiles y terminaciones
2026-01-05,20.0,151092.44,48,PERFIL-ITS-J-GRIS,Perfil ITSPANEL J Gris,Perfiles y terminaciones
2026-01-12,4.0,30218.49,48,PERFIL-ITS-J-GRIS,Perfil ITSPANEL J Gris,Perfiles y terminaciones
2026-01-19,58.0,438168.07,48,PERFIL-ITS-J-GRIS,Perfil ITSPANEL J Gris,Perfiles y terminaciones
2026-01-26,39.0,294630.25,48,PERFIL-ITS-J-GRIS,Perfil ITSPANEL J Gris,Perfiles y terminaciones
2026-02-02,10.0,75546.22,48,PERFIL-ITS-J-GRIS,Perfil ITSPANEL J Gris,Perfiles y terminaciones
2026-02-09,10.0,75546.22,48,PERFIL-ITS-J-GRIS,Perfil ITSPANEL J Gris,Perfiles y terminaciones
2026-02-16,22.0,166201.68,48,PERFIL-ITS-J-GRIS,Perfil ITSPANEL J Gris,Perfiles y terminaciones
2026-02-23,9.0,67991.6,48,PERFIL-ITS-J-GRIS,Perfil ITSPANEL J Gris,Perfiles y terminaciones
2026-03-02,0.0,0.0,48,PERFIL-ITS-J-GRIS,Perfil ITSPANEL J Gris,Perfiles y terminaciones
2026-03-09,4.0,30218.48,48,PERFIL-ITS-J-GRIS,Perfil ITSPANEL J Gris,Perfiles y terminaciones
2026-03-16,0.0,0.0,48,PERFIL-ITS-J-GRIS,Perfil ITSPANEL J Gris,Perfiles y terminaciones
2026-03-23,0.0,0.0,48,PERFIL-ITS-J-GRIS,Perfil ITSPANEL J Gris,Perfiles y terminaciones
2026-03-30,0.0,0.0,48,PERFIL-ITS-J-GRIS,Perfil ITSPANEL J Gris,Perfiles y terminaciones
2026-04-06,0.0,0.0,48,PERFIL-ITS-J-GRIS,Perfil ITSPANEL J Gris,Perfiles y terminaciones
2026-04-13,0.0,0.0,48,PERFIL-ITS-J-GRIS,Perfil ITSPANEL J Gris,Perfiles y terminaciones
2026-04-20,2.0,15109.24,48,PERFIL-ITS-J-GRIS,Perfil ITSPANEL J Gris,Perfiles y terminaciones
2026-04-27,0.0,0.0,48,PERFIL-ITS-J-GRIS,Perfil ITSPANEL J Gris,Perfiles y terminaciones
2026-05-04,0.0,0.0,48,PERFIL-ITS-J-GRIS,Perfil ITSPANEL J Gris,Perfiles y terminaciones
2026-05-11,0.0,0.0,48,PERFIL-ITS-J-GRIS,Perfil ITSPANEL J Gris,Perfiles y terminaciones
2026-05-18,0.0,0.0,48,PERFIL-ITS-J-GRIS,Perfil ITSPANEL J Gris,Perfiles y terminaciones
2026-05-25,0.0,0.0,48,PERFIL-ITS-J-GRIS,Perfil ITSPANEL J Gris,Perfiles y terminaciones
2026-06-01,0.0,0.0,48,PERFIL-ITS-J-GRIS,Perfil ITSPANEL J Gris,Perfiles y terminaciones
2026-06-08,0.0,0.0,48,PERFIL-ITS-J-GRIS,Perfil ITSPANEL J Gris,Perfiles y terminaciones
2026-06-15,0.0,0.0,48,PERFIL-ITS-J-GRIS,Perfil ITSPANEL J Gris,Perfiles y terminaciones
2026-06-22,0.0,0.0,48,PERFIL-ITS-J-GRIS,Perfil ITSPANEL J Gris,Perfiles y terminaciones
2026-06-29,0.0,0.0,48,PERFIL-ITS-J-GRIS,Perfil ITSPANEL J Gris,Perfiles y terminaciones
2026-07-06,0.0,0.0,48,PERFIL-ITS-J-GRIS,Perfil ITSPANEL J Gris,Perfiles y terminaciones
2025-10-13,20.0,151092.44,49,PERFIL-ITS-J-NEGRO,Perfil ITSPANEL J Negro,Perfiles y terminaciones
2025-10-20,0.0,0.0,49,PERFIL-ITS-J-NEGRO,Perfil ITSPANEL J Negro,Perfiles y terminaciones
2025-10-27,12.0,90655.46,49,PERFIL-ITS-J-NEGRO,Perfil ITSPANEL J Negro,Perfiles y terminaciones
2025-11-03,18.0,135983.19,49,PERFIL-ITS-J-NEGRO,Perfil ITSPANEL J Negro,Perfiles y terminaciones
2025-11-10,13.0,98210.09,49,PERFIL-ITS-J-NEGRO,Perfil ITSPANEL J Negro,Perfiles y terminaciones
2025-11-17,4.0,30218.49,49,PERFIL-ITS-J-NEGRO,Perfil ITSPANEL J Negro,Perfiles y terminaciones
2025-11-24,0.0,0.0,49,PERFIL-ITS-J-NEGRO,Perfil ITSPANEL J Negro,Perfiles y terminaciones
2025-12-01,0.0,0.0,49,PERFIL-ITS-J-NEGRO,Perfil ITSPANEL J Negro,Perfiles y terminaciones
2025-12-08,0.0,0.0,49,PERFIL-ITS-J-NEGRO,Perfil ITSPANEL J Negro,Perfiles y terminaciones
2025-12-15,0.0,0.0,49,PERFIL-ITS-J-NEGRO,Perfil ITSPANEL J Negro,Perfiles y terminaciones
2025-12-22,0.0,0.0,49,PERFIL-ITS-J-NEGRO,Perfil ITSPANEL J Negro,Perfiles y terminaciones
2025-12-29,0.0,0.0,49,PERFIL-ITS-J-NEGRO,Perfil ITSPANEL J Negro,Perfiles y terminaciones
2026-01-05,0.0,0.0,49,PERFIL-ITS-J-NEGRO,Perfil ITSPANEL J Negro,Perfiles y terminaciones
2026-01-12,0.0,0.0,49,PERFIL-ITS-J-NEGRO,Perfil ITSPANEL J Negro,Perfiles y terminaciones
2026-01-19,0.0,0.0,49,PERFIL-ITS-J-NEGRO,Perfil ITSPANEL J Negro,Perfiles y terminaciones
2026-01-26,0.0,0.0,49,PERFIL-ITS-J-NEGRO,Perfil ITSPANEL J Negro,Perfiles y terminaciones
2026-02-02,0.0,0.0,49,PERFIL-ITS-J-NEGRO,Perfil ITSPANEL J Negro,Perfiles y terminaciones
2026-02-09,0.0,0.0,49,PERFIL-ITS-J-NEGRO,Perfil ITSPANEL J Negro,Perfiles y terminaciones
2026-02-16,0.0,0.0,49,PERFIL-ITS-J-NEGRO,Perfil ITSPANEL J Negro,Perfiles y terminaciones
2026-02-23,0.0,0.0,49,PERFIL-ITS-J-NEGRO,Perfil ITSPANEL J Negro,Perfiles y terminaciones
2026-03-02,0.0,0.0,49,PERFIL-ITS-J-NEGRO,Perfil ITSPANEL J Negro,Perfiles y terminaciones
2026-03-09,0.0,0.0,49,PERFIL-ITS-J-NEGRO,Perfil ITSPANEL J Negro,Perfiles y terminaciones
2026-03-16,0.0,0.0,49,PERFIL-ITS-J-NEGRO,Perfil ITSPANEL J Negro,Perfiles y terminaciones
2026-03-23,0.0,0.0,49,PERFIL-ITS-J-NEGRO,Perfil ITSPANEL J Negro,Perfiles y terminaciones
2026-03-30,0.0,0.0,49,PERFIL-ITS-J-NEGRO,Perfil ITSPANEL J Negro,Perfiles y terminaciones
2026-04-06,0.0,0.0,49,PERFIL-ITS-J-NEGRO,Perfil ITSPANEL J Negro,Perfiles y terminaciones
2026-04-13,0.0,0.0,49,PERFIL-ITS-J-NEGRO,Perfil ITSPANEL J Negro,Perfiles y terminaciones
2026-04-20,0.0,0.0,49,PERFIL-ITS-J-NEGRO,Perfil ITSPANEL J Negro,Perfiles y terminaciones
2026-04-27,0.0,0.0,49,PERFIL-ITS-J-NEGRO,Perfil ITSPANEL J Negro,Perfiles y terminaciones
2026-05-04,0.0,0.0,49,PERFIL-ITS-J-NEGRO,Perfil ITSPANEL J Negro,Perfiles y terminaciones
2026-05-11,0.0,0.0,49,PERFIL-ITS-J-NEGRO,Perfil ITSPANEL J Negro,Perfiles y terminaciones
2026-05-18,0.0,0.0,49,PERFIL-ITS-J-NEGRO,Perfil ITSPANEL J Negro,Perfiles y terminaciones
2026-05-25,0.0,0.0,49,PERFIL-ITS-J-NEGRO,Perfil ITSPANEL J Negro,Perfiles y terminaciones
2026-06-01,40.0,302184.87,49,PERFIL-ITS-J-NEGRO,Perfil ITSPANEL J Negro,Perfiles y terminaciones
2026-06-08,0.0,0.0,49,PERFIL-ITS-J-NEGRO,Perfil ITSPANEL J Negro,Perfiles y terminaciones
2026-06-15,0.0,0.0,49,PERFIL-ITS-J-NEGRO,Perfil ITSPANEL J Negro,Perfiles y terminaciones
2026-06-22,0.0,0.0,49,PERFIL-ITS-J-NEGRO,Perfil ITSPANEL J Negro,Perfiles y terminaciones
2026-06-29,0.0,0.0,49,PERFIL-ITS-J-NEGRO,Perfil ITSPANEL J Negro,Perfiles y terminaciones
2026-07-06,0.0,0.0,49,PERFIL-ITS-J-NEGRO,Perfil ITSPANEL J Negro,Perfiles y terminaciones
2025-11-03,22.0,166201.68,50,PERFIL-ITS-J-BLANCO,Perfil ITSPANEL J Blanco,Perfiles y terminaciones
2025-11-10,3.0,22663.87,50,PERFIL-ITS-J-BLANCO,Perfil ITSPANEL J Blanco,Perfiles y terminaciones
2025-11-17,0.0,0.0,50,PERFIL-ITS-J-BLANCO,Perfil ITSPANEL J Blanco,Perfiles y terminaciones
2025-11-24,20.0,151092.44,50,PERFIL-ITS-J-BLANCO,Perfil ITSPANEL J Blanco,Perfiles y terminaciones
2025-12-01,0.0,0.0,50,PERFIL-ITS-J-BLANCO,Perfil ITSPANEL J Blanco,Perfiles y terminaciones
2025-12-08,0.0,0.0,50,PERFIL-ITS-J-BLANCO,Perfil ITSPANEL J Blanco,Perfiles y terminaciones
2025-12-15,0.0,0.0,50,PERFIL-ITS-J-BLANCO,Perfil ITSPANEL J Blanco,Perfiles y terminaciones
2025-12-22,0.0,0.0,50,PERFIL-ITS-J-BLANCO,Perfil ITSPANEL J Blanco,Perfiles y terminaciones
2025-12-29,0.0,0.0,50,PERFIL-ITS-J-BLANCO,Perfil ITSPANEL J Blanco,Perfiles y terminaciones
2026-01-05,0.0,0.0,50,PERFIL-ITS-J-BLANCO,Perfil ITSPANEL J Blanco,Perfiles y terminaciones
2026-01-12,0.0,0.0,50,PERFIL-ITS-J-BLANCO,Perfil ITSPANEL J Blanco,Perfiles y terminaciones
2026-01-19,4.0,30218.49,50,PERFIL-ITS-J-BLANCO,Perfil ITSPANEL J Blanco,Perfiles y terminaciones
2026-01-26,0.0,0.0,50,PERFIL-ITS-J-BLANCO,Perfil ITSPANEL J Blanco,Perfiles y terminaciones
2026-02-02,4.0,30218.489999999998,50,PERFIL-ITS-J-BLANCO,Perfil ITSPANEL J Blanco,Perfiles y terminaciones
2026-02-09,0.0,0.0,50,PERFIL-ITS-J-BLANCO,Perfil ITSPANEL J Blanco,Perfiles y terminaciones
2026-02-16,0.0,0.0,50,PERFIL-ITS-J-BLANCO,Perfil ITSPANEL J Blanco,Perfiles y terminaciones
2026-02-23,27.0,203974.79,50,PERFIL-ITS-J-BLANCO,Perfil ITSPANEL J Blanco,Perfiles y terminaciones
2026-03-02,7.0,52882.36,50,PERFIL-ITS-J-BLANCO,Perfil ITSPANEL J Blanco,Perfiles y terminaciones
2026-03-09,12.0,90655.46,50,PERFIL-ITS-J-BLANCO,Perfil ITSPANEL J Blanco,Perfiles y terminaciones
2026-03-16,5.0,37773.11,50,PERFIL-ITS-J-BLANCO,Perfil ITSPANEL J Blanco,Perfiles y terminaciones
2026-03-23,0.0,0.0,50,PERFIL-ITS-J-BLANCO,Perfil ITSPANEL J Blanco,Perfiles y terminaciones
2026-03-30,0.0,0.0,50,PERFIL-ITS-J-BLANCO,Perfil ITSPANEL J Blanco,Perfiles y terminaciones
2026-04-06,0.0,0.0,50,PERFIL-ITS-J-BLANCO,Perfil ITSPANEL J Blanco,Perfiles y terminaciones
2026-04-13,0.0,0.0,50,PERFIL-ITS-J-BLANCO,Perfil ITSPANEL J Blanco,Perfiles y terminaciones
2026-04-20,0.0,0.0,50,PERFIL-ITS-J-BLANCO,Perfil ITSPANEL J Blanco,Perfiles y terminaciones
2026-04-27,0.0,0.0,50,PERFIL-ITS-J-BLANCO,Perfil ITSPANEL J Blanco,Perfiles y terminaciones
2026-05-04,0.0,0.0,50,PERFIL-ITS-J-BLANCO,Perfil ITSPANEL J Blanco,Perfiles y terminaciones
2026-05-11,0.0,0.0,50,PERFIL-ITS-J-BLANCO,Perfil ITSPANEL J Blanco,Perfiles y terminaciones
2026-05-18,1.0,7554.62,50,PERFIL-ITS-J-BLANCO,Perfil ITSPANEL J Blanco,Perfiles y terminaciones
2026-05-25,0.0,0.0,50,PERFIL-ITS-J-BLANCO,Perfil ITSPANEL J Blanco,Perfiles y terminaciones
2026-06-01,0.0,0.0,50,PERFIL-ITS-J-BLANCO,Perfil ITSPANEL J Blanco,Perfiles y terminaciones
2026-06-08,0.0,0.0,50,PERFIL-ITS-J-BLANCO,Perfil ITSPANEL J Blanco,Perfiles y terminaciones
2026-06-15,0.0,0.0,50,PERFIL-ITS-J-BLANCO,Perfil ITSPANEL J Blanco,Perfiles y terminaciones
2026-06-22,0.0,0.0,50,PERFIL-ITS-J-BLANCO,Perfil ITSPANEL J Blanco,Perfiles y terminaciones
2026-06-29,0.0,0.0,50,PERFIL-ITS-J-BLANCO,Perfil ITSPANEL J Blanco,Perfiles y terminaciones
2026-07-06,0.0,0.0,50,PERFIL-ITS-J-BLANCO,Perfil ITSPANEL J Blanco,Perfiles y terminaciones
2026-01-05,16.0,134319.33000000002,51,PERFIL-ITS-H-GRIS,Perfil ITSPANEL H Gris,Perfiles y terminaciones
2026-01-12,0.0,0.0,51,PERFIL-ITS-H-GRIS,Perfil ITSPANEL H Gris,Perfiles y terminaciones
2026-01-19,1.0,8394.96,51,PERFIL-ITS-H-GRIS,Perfil ITSPANEL H Gris,Perfiles y terminaciones
2026-01-26,15.0,125924.37,51,PERFIL-ITS-H-GRIS,Perfil ITSPANEL H Gris,Perfiles y terminaciones
2026-02-02,1.0,8394.96,51,PERFIL-ITS-H-GRIS,Perfil ITSPANEL H Gris,Perfiles y terminaciones
2026-02-09,0.0,0.0,51,PERFIL-ITS-H-GRIS,Perfil ITSPANEL H Gris,Perfiles y terminaciones
2026-02-16,1.0,8394.96,51,PERFIL-ITS-H-GRIS,Perfil ITSPANEL H Gris,Perfiles y terminaciones
2026-02-23,15.0,125924.37,51,PERFIL-ITS-H-GRIS,Perfil ITSPANEL H Gris,Perfiles y terminaciones
2026-03-02,8.0,67159.67,51,PERFIL-ITS-H-GRIS,Perfil ITSPANEL H Gris,Perfiles y terminaciones
2026-03-09,3.0,25184.87,51,PERFIL-ITS-H-GRIS,Perfil ITSPANEL H Gris,Perfiles y terminaciones
2026-03-16,0.0,0.0,51,PERFIL-ITS-H-GRIS,Perfil ITSPANEL H Gris,Perfiles y terminaciones
2026-03-23,0.0,0.0,51,PERFIL-ITS-H-GRIS,Perfil ITSPANEL H Gris,Perfiles y terminaciones
2026-03-30,0.0,0.0,51,PERFIL-ITS-H-GRIS,Perfil ITSPANEL H Gris,Perfiles y terminaciones
2026-04-06,5.0,41974.79,51,PERFIL-ITS-H-GRIS,Perfil ITSPANEL H Gris,Perfiles y terminaciones
2026-04-13,6.0,50369.75,51,PERFIL-ITS-H-GRIS,Perfil ITSPANEL H Gris,Perfiles y terminaciones
2026-04-20,1.0,8394.96,51,PERFIL-ITS-H-GRIS,Perfil ITSPANEL H Gris,Perfiles y terminaciones
2026-04-27,2.0,16789.92,51,PERFIL-ITS-H-GRIS,Perfil ITSPANEL H Gris,Perfiles y terminaciones
2026-05-04,0.0,0.0,51,PERFIL-ITS-H-GRIS,Perfil ITSPANEL H Gris,Perfiles y terminaciones
2026-05-11,0.0,0.0,51,PERFIL-ITS-H-GRIS,Perfil ITSPANEL H Gris,Perfiles y terminaciones
2026-05-18,0.0,0.0,51,PERFIL-ITS-H-GRIS,Perfil ITSPANEL H Gris,Perfiles y terminaciones
2026-05-25,0.0,0.0,51,PERFIL-ITS-H-GRIS,Perfil ITSPANEL H Gris,Perfiles y terminaciones
2026-06-01,0.0,0.0,51,PERFIL-ITS-H-GRIS,Perfil ITSPANEL H Gris,Perfiles y terminaciones
2026-06-08,0.0,0.0,51,PERFIL-ITS-H-GRIS,Perfil ITSPANEL H Gris,Perfiles y terminaciones
2026-06-15,0.0,0.0,51,PERFIL-ITS-H-GRIS,Perfil ITSPANEL H Gris,Perfiles y terminaciones
2026-06-22,0.0,0.0,51,PERFIL-ITS-H-GRIS,Perfil ITSPANEL H Gris,Perfiles y terminaciones
2026-06-29,0.0,0.0,51,PERFIL-ITS-H-GRIS,Perfil ITSPANEL H Gris,Perfiles y terminaciones
2026-07-06,0.0,0.0,51,PERFIL-ITS-H-GRIS,Perfil ITSPANEL H Gris,Perfiles y terminaciones
2026-01-19,3.0,25184.87,52,PERFIL-ITS-H-CIPRES,Perfil ITSPANEL H Cipres,Perfiles y terminaciones
2026-01-26,12.0,100739.48999999999,52,PERFIL-ITS-H-CIPRES,Perfil ITSPANEL H Cipres,Perfiles y terminaciones
2026-02-02,0.0,0.0,52,PERFIL-ITS-H-CIPRES,Perfil ITSPANEL H Cipres,Perfiles y terminaciones
2026-02-09,1.0,8394.96,52,PERFIL-ITS-H-CIPRES,Perfil ITSPANEL H Cipres,Perfiles y terminaciones
2026-02-16,0.0,0.0,52,PERFIL-ITS-H-CIPRES,Perfil ITSPANEL H Cipres,Perfiles y terminaciones
2026-02-23,0.0,0.0,52,PERFIL-ITS-H-CIPRES,Perfil ITSPANEL H Cipres,Perfiles y terminaciones
2026-03-02,0.0,0.0,52,PERFIL-ITS-H-CIPRES,Perfil ITSPANEL H Cipres,Perfiles y terminaciones
2026-03-09,1.0,8394.96,52,PERFIL-ITS-H-CIPRES,Perfil ITSPANEL H Cipres,Perfiles y terminaciones
2026-03-16,0.0,0.0,52,PERFIL-ITS-H-CIPRES,Perfil ITSPANEL H Cipres,Perfiles y terminaciones
2026-03-23,6.0,50369.75,52,PERFIL-ITS-H-CIPRES,Perfil ITSPANEL H Cipres,Perfiles y terminaciones
2026-03-30,0.0,0.0,52,PERFIL-ITS-H-CIPRES,Perfil ITSPANEL H Cipres,Perfiles y terminaciones
2026-04-06,0.0,0.0,52,PERFIL-ITS-H-CIPRES,Perfil ITSPANEL H Cipres,Perfiles y terminaciones
2026-04-13,0.0,0.0,52,PERFIL-ITS-H-CIPRES,Perfil ITSPANEL H Cipres,Perfiles y terminaciones
2026-04-20,0.0,0.0,52,PERFIL-ITS-H-CIPRES,Perfil ITSPANEL H Cipres,Perfiles y terminaciones
2026-04-27,0.0,0.0,52,PERFIL-ITS-H-CIPRES,Perfil ITSPANEL H Cipres,Perfiles y terminaciones
2026-05-04,0.0,0.0,52,PERFIL-ITS-H-CIPRES,Perfil ITSPANEL H Cipres,Perfiles y terminaciones
2026-05-11,0.0,0.0,52,PERFIL-ITS-H-CIPRES,Perfil ITSPANEL H Cipres,Perfiles y terminaciones
2026-05-18,0.0,0.0,52,PERFIL-ITS-H-CIPRES,Perfil ITSPANEL H Cipres,Perfiles y terminaciones
2026-05-25,0.0,0.0,52,PERFIL-ITS-H-CIPRES,Perfil ITSPANEL H Cipres,Perfiles y terminaciones
2026-06-01,1.0,8394.96,52,PERFIL-ITS-H-CIPRES,Perfil ITSPANEL H Cipres,Perfiles y terminaciones
2026-06-08,0.0,0.0,52,PERFIL-ITS-H-CIPRES,Perfil ITSPANEL H Cipres,Perfiles y terminaciones
2026-06-15,0.0,0.0,52,PERFIL-ITS-H-CIPRES,Perfil ITSPANEL H Cipres,Perfiles y terminaciones
2026-06-22,0.0,0.0,52,PERFIL-ITS-H-CIPRES,Perfil ITSPANEL H Cipres,Perfiles y terminaciones
2026-06-29,0.0,0.0,52,PERFIL-ITS-H-CIPRES,Perfil ITSPANEL H Cipres,Perfiles y terminaciones
2026-07-06,0.0,0.0,52,PERFIL-ITS-H-CIPRES,Perfil ITSPANEL H Cipres,Perfiles y terminaciones
2026-01-05,3.0,25184.87,53,PERFIL-ITS-H-NEGRO,Perfil ITSPANEL H Negro,Perfiles y terminaciones
2026-01-12,0.0,0.0,53,PERFIL-ITS-H-NEGRO,Perfil ITSPANEL H Negro,Perfiles y terminaciones
2026-01-19,0.0,0.0,53,PERFIL-ITS-H-NEGRO,Perfil ITSPANEL H Negro,Perfiles y terminaciones
2026-01-26,0.0,0.0,53,PERFIL-ITS-H-NEGRO,Perfil ITSPANEL H Negro,Perfiles y terminaciones
2026-02-02,0.0,0.0,53,PERFIL-ITS-H-NEGRO,Perfil ITSPANEL H Negro,Perfiles y terminaciones
2026-02-09,0.0,0.0,53,PERFIL-ITS-H-NEGRO,Perfil ITSPANEL H Negro,Perfiles y terminaciones
2026-02-16,0.0,0.0,53,PERFIL-ITS-H-NEGRO,Perfil ITSPANEL H Negro,Perfiles y terminaciones
2026-02-23,2.0,16789.92,53,PERFIL-ITS-H-NEGRO,Perfil ITSPANEL H Negro,Perfiles y terminaciones
2026-03-02,3.0,25184.87,53,PERFIL-ITS-H-NEGRO,Perfil ITSPANEL H Negro,Perfiles y terminaciones
2026-03-09,2.0,16789.92,53,PERFIL-ITS-H-NEGRO,Perfil ITSPANEL H Negro,Perfiles y terminaciones
2026-03-16,0.0,0.0,53,PERFIL-ITS-H-NEGRO,Perfil ITSPANEL H Negro,Perfiles y terminaciones
2026-03-23,0.0,0.0,53,PERFIL-ITS-H-NEGRO,Perfil ITSPANEL H Negro,Perfiles y terminaciones
2026-03-30,0.0,0.0,53,PERFIL-ITS-H-NEGRO,Perfil ITSPANEL H Negro,Perfiles y terminaciones
2026-04-06,3.0,25184.87,53,PERFIL-ITS-H-NEGRO,Perfil ITSPANEL H Negro,Perfiles y terminaciones
2026-04-13,1.0,8394.96,53,PERFIL-ITS-H-NEGRO,Perfil ITSPANEL H Negro,Perfiles y terminaciones
2026-04-20,0.0,0.0,53,PERFIL-ITS-H-NEGRO,Perfil ITSPANEL H Negro,Perfiles y terminaciones
2026-04-27,0.0,0.0,53,PERFIL-ITS-H-NEGRO,Perfil ITSPANEL H Negro,Perfiles y terminaciones
2026-05-04,3.0,25184.87,53,PERFIL-ITS-H-NEGRO,Perfil ITSPANEL H Negro,Perfiles y terminaciones
2026-05-11,0.0,0.0,53,PERFIL-ITS-H-NEGRO,Perfil ITSPANEL H Negro,Perfiles y terminaciones
2026-05-18,0.0,0.0,53,PERFIL-ITS-H-NEGRO,Perfil ITSPANEL H Negro,Perfiles y terminaciones
2026-05-25,0.0,0.0,53,PERFIL-ITS-H-NEGRO,Perfil ITSPANEL H Negro,Perfiles y terminaciones
2026-06-01,0.0,0.0,53,PERFIL-ITS-H-NEGRO,Perfil ITSPANEL H Negro,Perfiles y terminaciones
2026-06-08,0.0,0.0,53,PERFIL-ITS-H-NEGRO,Perfil ITSPANEL H Negro,Perfiles y terminaciones
2026-06-15,0.0,0.0,53,PERFIL-ITS-H-NEGRO,Perfil ITSPANEL H Negro,Perfiles y terminaciones
2026-06-22,0.0,0.0,53,PERFIL-ITS-H-NEGRO,Perfil ITSPANEL H Negro,Perfiles y terminaciones
2026-06-29,0.0,0.0,53,PERFIL-ITS-H-NEGRO,Perfil ITSPANEL H Negro,Perfiles y terminaciones
2026-07-06,0.0,0.0,53,PERFIL-ITS-H-NEGRO,Perfil ITSPANEL H Negro,Perfiles y terminaciones
2026-01-05,7.0,58764.71,54,PERFIL-ITS-H-ALERCE,Perfil ITSPANEL H Alerce,Perfiles y terminaciones
2026-01-12,2.0,16789.92,54,PERFIL-ITS-H-ALERCE,Perfil ITSPANEL H Alerce,Perfiles y terminaciones
2026-01-19,6.0,50369.75,54,PERFIL-ITS-H-ALERCE,Perfil ITSPANEL H Alerce,Perfiles y terminaciones
2026-01-26,1.0,8394.96,54,PERFIL-ITS-H-ALERCE,Perfil ITSPANEL H Alerce,Perfiles y terminaciones
2026-02-02,2.0,16789.92,54,PERFIL-ITS-H-ALERCE,Perfil ITSPANEL H Alerce,Perfiles y terminaciones
2026-02-09,0.0,0.0,54,PERFIL-ITS-H-ALERCE,Perfil ITSPANEL H Alerce,Perfiles y terminaciones
2026-02-16,0.0,0.0,54,PERFIL-ITS-H-ALERCE,Perfil ITSPANEL H Alerce,Perfiles y terminaciones
2026-02-23,0.0,0.0,54,PERFIL-ITS-H-ALERCE,Perfil ITSPANEL H Alerce,Perfiles y terminaciones
2026-03-02,0.0,0.0,54,PERFIL-ITS-H-ALERCE,Perfil ITSPANEL H Alerce,Perfiles y terminaciones
2026-03-09,0.0,0.0,54,PERFIL-ITS-H-ALERCE,Perfil ITSPANEL H Alerce,Perfiles y terminaciones
2026-03-16,0.0,0.0,54,PERFIL-ITS-H-ALERCE,Perfil ITSPANEL H Alerce,Perfiles y terminaciones
2026-03-23,0.0,0.0,54,PERFIL-ITS-H-ALERCE,Perfil ITSPANEL H Alerce,Perfiles y terminaciones
2026-03-30,0.0,0.0,54,PERFIL-ITS-H-ALERCE,Perfil ITSPANEL H Alerce,Perfiles y terminaciones
2026-04-06,0.0,0.0,54,PERFIL-ITS-H-ALERCE,Perfil ITSPANEL H Alerce,Perfiles y terminaciones
2026-04-13,3.0,25184.87,54,PERFIL-ITS-H-ALERCE,Perfil ITSPANEL H Alerce,Perfiles y terminaciones
2026-04-20,0.0,0.0,54,PERFIL-ITS-H-ALERCE,Perfil ITSPANEL H Alerce,Perfiles y terminaciones
2026-04-27,0.0,0.0,54,PERFIL-ITS-H-ALERCE,Perfil ITSPANEL H Alerce,Perfiles y terminaciones
2026-05-04,0.0,0.0,54,PERFIL-ITS-H-ALERCE,Perfil ITSPANEL H Alerce,Perfiles y terminaciones
2026-05-11,0.0,0.0,54,PERFIL-ITS-H-ALERCE,Perfil ITSPANEL H Alerce,Perfiles y terminaciones
2026-05-18,0.0,0.0,54,PERFIL-ITS-H-ALERCE,Perfil ITSPANEL H Alerce,Perfiles y terminaciones
2026-05-25,0.0,0.0,54,PERFIL-ITS-H-ALERCE,Perfil ITSPANEL H Alerce,Perfiles y terminaciones
2026-06-01,0.0,0.0,54,PERFIL-ITS-H-ALERCE,Perfil ITSPANEL H Alerce,Perfiles y terminaciones
2026-06-08,0.0,0.0,54,PERFIL-ITS-H-ALERCE,Perfil ITSPANEL H Alerce,Perfiles y terminaciones
2026-06-15,0.0,0.0,54,PERFIL-ITS-H-ALERCE,Perfil ITSPANEL H Alerce,Perfiles y terminaciones
2026-06-22,0.0,0.0,54,PERFIL-ITS-H-ALERCE,Perfil ITSPANEL H Alerce,Perfiles y terminaciones
2026-06-29,0.0,0.0,54,PERFIL-ITS-H-ALERCE,Perfil ITSPANEL H Alerce,Perfiles y terminaciones
2026-07-06,0.0,0.0,54,PERFIL-ITS-H-ALERCE,Perfil ITSPANEL H Alerce,Perfiles y terminaciones
2026-01-05,23.0,154428.58,56,PERFIL-INICIO,Perfil Inicio,Perfiles y terminaciones
2026-01-12,0.0,0.0,56,PERFIL-INICIO,Perfil Inicio,Perfiles y terminaciones
2026-01-19,38.0,255142.86,56,PERFIL-INICIO,Perfil Inicio,Perfiles y terminaciones
2026-01-26,15.0,100714.28,56,PERFIL-INICIO,Perfil Inicio,Perfiles y terminaciones
2026-02-02,23.0,154428.57,56,PERFIL-INICIO,Perfil Inicio,Perfiles y terminaciones
2026-02-09,6.0,40285.71,56,PERFIL-INICIO,Perfil Inicio,Perfiles y terminaciones
2026-02-16,32.0,214857.14,56,PERFIL-INICIO,Perfil Inicio,Perfiles y terminaciones
2026-02-23,51.0,342428.58,56,PERFIL-INICIO,Perfil Inicio,Perfiles y terminaciones
2026-03-02,4.0,26857.14,56,PERFIL-INICIO,Perfil Inicio,Perfiles y terminaciones
2026-03-09,28.0,187999.99000000002,56,PERFIL-INICIO,Perfil Inicio,Perfiles y terminaciones
2026-03-16,17.0,114142.86,56,PERFIL-INICIO,Perfil Inicio,Perfiles y terminaciones
2026-03-23,10.0,67142.86,56,PERFIL-INICIO,Perfil Inicio,Perfiles y terminaciones
2026-03-30,13.0,87285.71,56,PERFIL-INICIO,Perfil Inicio,Perfiles y terminaciones
2026-04-06,22.0,147714.28,56,PERFIL-INICIO,Perfil Inicio,Perfiles y terminaciones
2026-04-13,3.0,20142.86,56,PERFIL-INICIO,Perfil Inicio,Perfiles y terminaciones
2026-04-20,17.0,114142.85999999999,56,PERFIL-INICIO,Perfil Inicio,Perfiles y terminaciones
2026-04-27,4.0,26857.14,56,PERFIL-INICIO,Perfil Inicio,Perfiles y terminaciones
2026-05-04,3.0,20142.86,56,PERFIL-INICIO,Perfil Inicio,Perfiles y terminaciones
2026-05-11,0.0,0.0,56,PERFIL-INICIO,Perfil Inicio,Perfiles y terminaciones
2026-05-18,0.0,0.0,56,PERFIL-INICIO,Perfil Inicio,Perfiles y terminaciones
2026-05-25,2.0,13428.57,56,PERFIL-INICIO,Perfil Inicio,Perfiles y terminaciones
2026-06-01,60.0,402857.14,56,PERFIL-INICIO,Perfil Inicio,Perfiles y terminaciones
2026-06-08,0.0,0.0,56,PERFIL-INICIO,Perfil Inicio,Perfiles y terminaciones
2026-06-15,0.0,0.0,56,PERFIL-INICIO,Perfil Inicio,Perfiles y terminaciones
2026-06-22,0.0,0.0,56,PERFIL-INICIO,Perfil Inicio,Perfiles y terminaciones
2026-06-29,0.0,0.0,56,PERFIL-INICIO,Perfil Inicio,Perfiles y terminaciones
2026-07-06,0.0,0.0,56,PERFIL-INICIO,Perfil Inicio,Perfiles y terminaciones
2026-01-12,11.0,46126.05,57,PERFIL-L-WPC-LIGHT,Perfil L WPC Light,Perfiles y terminaciones
2026-01-19,6.0,25159.66,57,PERFIL-L-WPC-LIGHT,Perfil L WPC Light,Perfiles y terminaciones
2026-01-26,0.0,0.0,57,PERFIL-L-WPC-LIGHT,Perfil L WPC Light,Perfiles y terminaciones
2026-02-02,7.0,29352.94,57,PERFIL-L-WPC-LIGHT,Perfil L WPC Light,Perfiles y terminaciones
2026-02-09,1.0,4193.28,57,PERFIL-L-WPC-LIGHT,Perfil L WPC Light,Perfiles y terminaciones
2026-02-16,0.0,0.0,57,PERFIL-L-WPC-LIGHT,Perfil L WPC Light,Perfiles y terminaciones
2026-02-23,4.0,16773.1,57,PERFIL-L-WPC-LIGHT,Perfil L WPC Light,Perfiles y terminaciones
2026-03-02,4.0,16773.11,57,PERFIL-L-WPC-LIGHT,Perfil L WPC Light,Perfiles y terminaciones
2026-03-09,0.0,0.0,57,PERFIL-L-WPC-LIGHT,Perfil L WPC Light,Perfiles y terminaciones
2026-03-16,5.0,20966.39,57,PERFIL-L-WPC-LIGHT,Perfil L WPC Light,Perfiles y terminaciones
2026-03-23,1.0,4193.28,57,PERFIL-L-WPC-LIGHT,Perfil L WPC Light,Perfiles y terminaciones
2026-03-30,1.0,4193.28,57,PERFIL-L-WPC-LIGHT,Perfil L WPC Light,Perfiles y terminaciones
2026-04-06,0.0,0.0,57,PERFIL-L-WPC-LIGHT,Perfil L WPC Light,Perfiles y terminaciones
2026-04-13,0.0,0.0,57,PERFIL-L-WPC-LIGHT,Perfil L WPC Light,Perfiles y terminaciones
2026-04-20,7.0,29352.94,57,PERFIL-L-WPC-LIGHT,Perfil L WPC Light,Perfiles y terminaciones
2026-04-27,4.0,16773.11,57,PERFIL-L-WPC-LIGHT,Perfil L WPC Light,Perfiles y terminaciones
2026-05-04,16.0,67092.44,57,PERFIL-L-WPC-LIGHT,Perfil L WPC Light,Perfiles y terminaciones
2026-05-11,0.0,0.0,57,PERFIL-L-WPC-LIGHT,Perfil L WPC Light,Perfiles y terminaciones
2026-05-18,2.0,8386.55,57,PERFIL-L-WPC-LIGHT,Perfil L WPC Light,Perfiles y terminaciones
2026-05-25,3.0,12579.83,57,PERFIL-L-WPC-LIGHT,Perfil L WPC Light,Perfiles y terminaciones
2026-06-01,2.0,8386.55,57,PERFIL-L-WPC-LIGHT,Perfil L WPC Light,Perfiles y terminaciones
2026-06-08,0.0,0.0,57,PERFIL-L-WPC-LIGHT,Perfil L WPC Light,Perfiles y terminaciones
2026-06-15,0.0,0.0,57,PERFIL-L-WPC-LIGHT,Perfil L WPC Light,Perfiles y terminaciones
2026-06-22,0.0,0.0,57,PERFIL-L-WPC-LIGHT,Perfil L WPC Light,Perfiles y terminaciones
2026-06-29,0.0,0.0,57,PERFIL-L-WPC-LIGHT,Perfil L WPC Light,Perfiles y terminaciones
2026-07-06,0.0,0.0,57,PERFIL-L-WPC-LIGHT,Perfil L WPC Light,Perfiles y terminaciones
2026-01-19,4.0,16773.11,58,PERFIL-L-WPC-AGED,Perfil L WPC Aged,Perfiles y terminaciones
2026-01-26,0.0,0.0,58,PERFIL-L-WPC-AGED,Perfil L WPC Aged,Perfiles y terminaciones
2026-02-02,1.0,4193.28,58,PERFIL-L-WPC-AGED,Perfil L WPC Aged,Perfiles y terminaciones
2026-02-09,4.0,16773.1,58,PERFIL-L-WPC-AGED,Perfil L WPC Aged,Perfiles y terminaciones
2026-02-16,6.0,25159.66,58,PERFIL-L-WPC-AGED,Perfil L WPC Aged,Perfiles y terminaciones
2026-02-23,1.0,4193.28,58,PERFIL-L-WPC-AGED,Perfil L WPC Aged,Perfiles y terminaciones
2026-03-02,0.0,0.0,58,PERFIL-L-WPC-AGED,Perfil L WPC Aged,Perfiles y terminaciones
2026-03-09,0.0,0.0,58,PERFIL-L-WPC-AGED,Perfil L WPC Aged,Perfiles y terminaciones
2026-03-16,15.0,62899.16,58,PERFIL-L-WPC-AGED,Perfil L WPC Aged,Perfiles y terminaciones
2026-03-23,1.0,4193.28,58,PERFIL-L-WPC-AGED,Perfil L WPC Aged,Perfiles y terminaciones
2026-03-30,0.0,0.0,58,PERFIL-L-WPC-AGED,Perfil L WPC Aged,Perfiles y terminaciones
2026-04-06,3.0,12579.829999999998,58,PERFIL-L-WPC-AGED,Perfil L WPC Aged,Perfiles y terminaciones
2026-04-13,7.0,29352.93,58,PERFIL-L-WPC-AGED,Perfil L WPC Aged,Perfiles y terminaciones
2026-04-20,4.0,16773.11,58,PERFIL-L-WPC-AGED,Perfil L WPC Aged,Perfiles y terminaciones
2026-04-27,0.0,0.0,58,PERFIL-L-WPC-AGED,Perfil L WPC Aged,Perfiles y terminaciones
2026-05-04,0.0,0.0,58,PERFIL-L-WPC-AGED,Perfil L WPC Aged,Perfiles y terminaciones
2026-05-11,0.0,0.0,58,PERFIL-L-WPC-AGED,Perfil L WPC Aged,Perfiles y terminaciones
2026-05-18,0.0,0.0,58,PERFIL-L-WPC-AGED,Perfil L WPC Aged,Perfiles y terminaciones
2026-05-25,2.0,8386.55,58,PERFIL-L-WPC-AGED,Perfil L WPC Aged,Perfiles y terminaciones
2026-06-01,3.0,12579.83,58,PERFIL-L-WPC-AGED,Perfil L WPC Aged,Perfiles y terminaciones
2026-06-08,0.0,0.0,58,PERFIL-L-WPC-AGED,Perfil L WPC Aged,Perfiles y terminaciones
2026-06-15,0.0,0.0,58,PERFIL-L-WPC-AGED,Perfil L WPC Aged,Perfiles y terminaciones
2026-06-22,0.0,0.0,58,PERFIL-L-WPC-AGED,Perfil L WPC Aged,Perfiles y terminaciones
2026-06-29,0.0,0.0,58,PERFIL-L-WPC-AGED,Perfil L WPC Aged,Perfiles y terminaciones
2026-07-06,0.0,0.0,58,PERFIL-L-WPC-AGED,Perfil L WPC Aged,Perfiles y terminaciones
2024-06-10,112.0,18729.42,59,CLIP-MONTAJE,Clip de montaje,Perfiles y terminaciones
2024-06-17,945.0,158029.42,59,CLIP-MONTAJE,Clip de montaje,Perfiles y terminaciones
2024-06-24,350.0,58529.409999999996,59,CLIP-MONTAJE,Clip de montaje,Perfiles y terminaciones
2024-07-01,516.0,86289.08,59,CLIP-MONTAJE,Clip de montaje,Perfiles y terminaciones
2024-07-08,412.0,68897.48,59,CLIP-MONTAJE,Clip de montaje,Perfiles y terminaciones
2024-07-15,280.0,46823.53,59,CLIP-MONTAJE,Clip de montaje,Perfiles y terminaciones
2024-07-22,240.0,40134.46,59,CLIP-MONTAJE,Clip de montaje,Perfiles y terminaciones
2024-07-29,281.0,46990.759999999995,59,CLIP-MONTAJE,Clip de montaje,Perfiles y terminaciones
2024-08-05,40.0,6689.08,59,CLIP-MONTAJE,Clip de montaje,Perfiles y terminaciones
2024-08-12,345.0,57693.28,59,CLIP-MONTAJE,Clip de montaje,Perfiles y terminaciones
2024-08-19,626.0,104684.03,59,CLIP-MONTAJE,Clip de montaje,Perfiles y terminaciones
2024-08-26,40.0,6689.08,59,CLIP-MONTAJE,Clip de montaje,Perfiles y terminaciones
2024-09-02,112.0,18729.41,59,CLIP-MONTAJE,Clip de montaje,Perfiles y terminaciones
2024-09-09,0.0,0.0,59,CLIP-MONTAJE,Clip de montaje,Perfiles y terminaciones
2024-09-16,58.0,9699.16,59,CLIP-MONTAJE,Clip de montaje,Perfiles y terminaciones
2024-09-23,172.0,28763.03,59,CLIP-MONTAJE,Clip de montaje,Perfiles y terminaciones
2024-09-30,245.0,40970.59,59,CLIP-MONTAJE,Clip de montaje,Perfiles y terminaciones
2024-10-07,310.0,51840.34,59,CLIP-MONTAJE,Clip de montaje,Perfiles y terminaciones
2024-10-14,210.0,35117.64,59,CLIP-MONTAJE,Clip de montaje,Perfiles y terminaciones
2024-10-21,60.0,10033.61,59,CLIP-MONTAJE,Clip de montaje,Perfiles y terminaciones
2024-10-28,300.0,50168.06999999999,59,CLIP-MONTAJE,Clip de montaje,Perfiles y terminaciones
2024-11-04,120.0,20067.23,59,CLIP-MONTAJE,Clip de montaje,Perfiles y terminaciones
2024-11-11,100.0,16722.69,59,CLIP-MONTAJE,Clip de montaje,Perfiles y terminaciones
2024-11-18,100.0,16722.69,59,CLIP-MONTAJE,Clip de montaje,Perfiles y terminaciones
2024-11-25,100.0,16722.69,59,CLIP-MONTAJE,Clip de montaje,Perfiles y terminaciones
2024-12-02,181.0,30268.059999999998,59,CLIP-MONTAJE,Clip de montaje,Perfiles y terminaciones
2024-12-09,0.0,0.0,59,CLIP-MONTAJE,Clip de montaje,Perfiles y terminaciones
2024-12-16,200.0,33445.38,59,CLIP-MONTAJE,Clip de montaje,Perfiles y terminaciones
2024-12-23,195.0,32609.25,59,CLIP-MONTAJE,Clip de montaje,Perfiles y terminaciones
2024-12-30,80.0,13378.16,59,CLIP-MONTAJE,Clip de montaje,Perfiles y terminaciones
2025-01-06,385.0,64382.35,59,CLIP-MONTAJE,Clip de montaje,Perfiles y terminaciones
2025-01-13,370.0,61873.95,59,CLIP-MONTAJE,Clip de montaje,Perfiles y terminaciones
2025-01-20,604.0,101005.04000000001,59,CLIP-MONTAJE,Clip de montaje,Perfiles y terminaciones
2025-01-27,415.0,69399.16,59,CLIP-MONTAJE,Clip de montaje,Perfiles y terminaciones
2025-02-03,223.0,37291.61,59,CLIP-MONTAJE,Clip de montaje,Perfiles y terminaciones
2025-02-10,337.0,56355.46,59,CLIP-MONTAJE,Clip de montaje,Perfiles y terminaciones
2025-02-17,379.0,63378.99,59,CLIP-MONTAJE,Clip de montaje,Perfiles y terminaciones
2025-02-24,469.0,78429.42,59,CLIP-MONTAJE,Clip de montaje,Perfiles y terminaciones
2025-03-03,256.0,42810.09,59,CLIP-MONTAJE,Clip de montaje,Perfiles y terminaciones
2025-03-10,291.0,48663.03,59,CLIP-MONTAJE,Clip de montaje,Perfiles y terminaciones
2025-03-17,316.0,52843.7,59,CLIP-MONTAJE,Clip de montaje,Perfiles y terminaciones
2025-03-24,10.0,1672.27,59,CLIP-MONTAJE,Clip de montaje,Perfiles y terminaciones
2025-03-31,407.0,68061.34,59,CLIP-MONTAJE,Clip de montaje,Perfiles y terminaciones
2025-04-07,693.0,115888.24,59,CLIP-MONTAJE,Clip de montaje,Perfiles y terminaciones
2025-04-14,100.0,16722.69,59,CLIP-MONTAJE,Clip de montaje,Perfiles y terminaciones
2025-04-21,260.0,43478.99,59,CLIP-MONTAJE,Clip de montaje,Perfiles y terminaciones
2025-04-28,167.0,27926.89,59,CLIP-MONTAJE,Clip de montaje,Perfiles y terminaciones
2025-05-05,12.0,2006.72,59,CLIP-MONTAJE,Clip de montaje,Perfiles y terminaciones
2025-05-12,0.0,0.0,59,CLIP-MONTAJE,Clip de montaje,Perfiles y terminaciones
2025-05-19,140.0,23411.769999999997,59,CLIP-MONTAJE,Clip de montaje,Perfiles y terminaciones
2025-05-26,20.0,3344.54,59,CLIP-MONTAJE,Clip de montaje,Perfiles y terminaciones
2025-06-02,200.0,33445.38,59,CLIP-MONTAJE,Clip de montaje,Perfiles y terminaciones
2025-06-09,420.0,70235.3,59,CLIP-MONTAJE,Clip de montaje,Perfiles y terminaciones
2025-06-16,40.0,6689.08,59,CLIP-MONTAJE,Clip de montaje,Perfiles y terminaciones
2025-06-23,36.0,6020.17,59,CLIP-MONTAJE,Clip de montaje,Perfiles y terminaciones
2025-06-30,0.0,0.0,59,CLIP-MONTAJE,Clip de montaje,Perfiles y terminaciones
2025-07-07,139.0,23244.539999999997,59,CLIP-MONTAJE,Clip de montaje,Perfiles y terminaciones
2025-07-14,461.0,77091.59,59,CLIP-MONTAJE,Clip de montaje,Perfiles y terminaciones
2025-07-21,540.0,90302.53,59,CLIP-MONTAJE,Clip de montaje,Perfiles y terminaciones
2025-07-28,300.0,50168.06999999999,59,CLIP-MONTAJE,Clip de montaje,Perfiles y terminaciones
2025-08-04,247.0,41305.04,59,CLIP-MONTAJE,Clip de montaje,Perfiles y terminaciones
2025-08-11,386.0,64549.579999999994,59,CLIP-MONTAJE,Clip de montaje,Perfiles y terminaciones
2025-08-18,561.0,93814.28,59,CLIP-MONTAJE,Clip de montaje,Perfiles y terminaciones
2025-08-25,1680.0,280941.19,59,CLIP-MONTAJE,Clip de montaje,Perfiles y terminaciones
2025-09-01,452.0,75586.56,59,CLIP-MONTAJE,Clip de montaje,Perfiles y terminaciones
2025-09-08,1147.0,191809.24000000002,59,CLIP-MONTAJE,Clip de montaje,Perfiles y terminaciones
2025-09-15,80.0,13378.150000000001,59,CLIP-MONTAJE,Clip de montaje,Perfiles y terminaciones
2025-09-22,410.0,68563.02,59,CLIP-MONTAJE,Clip de montaje,Perfiles y terminaciones
2025-09-29,250.0,41806.72,59,CLIP-MONTAJE,Clip de montaje,Perfiles y terminaciones
2025-10-06,740.0,123747.9,59,CLIP-MONTAJE,Clip de montaje,Perfiles y terminaciones
2025-10-13,200.0,33445.38,59,CLIP-MONTAJE,Clip de montaje,Perfiles y terminaciones
2025-10-20,150.0,25084.04,59,CLIP-MONTAJE,Clip de montaje,Perfiles y terminaciones
2025-10-27,1090.0,182277.31,59,CLIP-MONTAJE,Clip de montaje,Perfiles y terminaciones
2025-11-03,751.0,125587.4,59,CLIP-MONTAJE,Clip de montaje,Perfiles y terminaciones
2025-11-10,180.0,30100.84,59,CLIP-MONTAJE,Clip de montaje,Perfiles y terminaciones
2025-11-17,340.0,56857.14,59,CLIP-MONTAJE,Clip de montaje,Perfiles y terminaciones
2025-11-24,1079.0,180437.82,59,CLIP-MONTAJE,Clip de montaje,Perfiles y terminaciones
2025-12-01,337.0,56355.46,59,CLIP-MONTAJE,Clip de montaje,Perfiles y terminaciones
2025-12-08,244.0,40803.369999999995,59,CLIP-MONTAJE,Clip de montaje,Perfiles y terminaciones
2025-12-15,459.0,76757.15,59,CLIP-MONTAJE,Clip de montaje,Perfiles y terminaciones
2025-12-22,312.0,52174.79,59,CLIP-MONTAJE,Clip de montaje,Perfiles y terminaciones
2025-12-29,44.0,7357.98,59,CLIP-MONTAJE,Clip de montaje,Perfiles y terminaciones
2026-01-05,260.0,43478.99,59,CLIP-MONTAJE,Clip de montaje,Perfiles y terminaciones
2026-01-12,2543.0,425257.98,59,CLIP-MONTAJE,Clip de montaje,Perfiles y terminaciones
2026-01-19,200.0,33445.38,59,CLIP-MONTAJE,Clip de montaje,Perfiles y terminaciones
2026-01-26,0.0,0.0,59,CLIP-MONTAJE,Clip de montaje,Perfiles y terminaciones
2026-02-02,150.0,25084.03,59,CLIP-MONTAJE,Clip de montaje,Perfiles y terminaciones
2026-02-09,260.0,43478.99,59,CLIP-MONTAJE,Clip de montaje,Perfiles y terminaciones
2026-02-16,940.0,157193.28,59,CLIP-MONTAJE,Clip de montaje,Perfiles y terminaciones
2026-02-23,415.0,69399.16,59,CLIP-MONTAJE,Clip de montaje,Perfiles y terminaciones
2026-03-02,430.0,71907.56,59,CLIP-MONTAJE,Clip de montaje,Perfiles y terminaciones
2026-03-09,410.0,68563.03,59,CLIP-MONTAJE,Clip de montaje,Perfiles y terminaciones
2026-03-16,680.0,113714.29000000001,59,CLIP-MONTAJE,Clip de montaje,Perfiles y terminaciones
2026-03-23,525.0,87794.12,59,CLIP-MONTAJE,Clip de montaje,Perfiles y terminaciones
2026-03-30,270.0,45151.259999999995,59,CLIP-MONTAJE,Clip de montaje,Perfiles y terminaciones
2026-04-06,334.0,55853.79,59,CLIP-MONTAJE,Clip de montaje,Perfiles y terminaciones
2026-04-13,550.0,91974.79,59,CLIP-MONTAJE,Clip de montaje,Perfiles y terminaciones
2026-04-20,500.0,83613.44,59,CLIP-MONTAJE,Clip de montaje,Perfiles y terminaciones
2026-04-27,270.0,45151.259999999995,59,CLIP-MONTAJE,Clip de montaje,Perfiles y terminaciones
2026-05-04,134.0,22408.41,59,CLIP-MONTAJE,Clip de montaje,Perfiles y terminaciones
2026-05-11,100.0,16722.69,59,CLIP-MONTAJE,Clip de montaje,Perfiles y terminaciones
2026-05-18,321.0,53679.83,59,CLIP-MONTAJE,Clip de montaje,Perfiles y terminaciones
2026-05-25,390.0,65218.49,59,CLIP-MONTAJE,Clip de montaje,Perfiles y terminaciones
2026-06-01,71.0,11873.11,59,CLIP-MONTAJE,Clip de montaje,Perfiles y terminaciones
2026-06-08,0.0,0.0,59,CLIP-MONTAJE,Clip de montaje,Perfiles y terminaciones
2026-06-15,0.0,0.0,59,CLIP-MONTAJE,Clip de montaje,Perfiles y terminaciones
2026-06-22,0.0,0.0,59,CLIP-MONTAJE,Clip de montaje,Perfiles y terminaciones
2026-06-29,0.0,0.0,59,CLIP-MONTAJE,Clip de montaje,Perfiles y terminaciones
2026-07-06,0.0,0.0,59,CLIP-MONTAJE,Clip de montaje,Perfiles y terminaciones
2024-02-05,72.0,235361.34000000003,60,NO-CLAVO,No Clavo,Adhesivos
2024-02-12,18.0,58840.34,60,NO-CLAVO,No Clavo,Adhesivos
2024-02-19,51.0,166714.28,60,NO-CLAVO,No Clavo,Adhesivos
2024-02-26,21.0,68647.07,60,NO-CLAVO,No Clavo,Adhesivos
2024-03-04,0.0,0.0,60,NO-CLAVO,No Clavo,Adhesivos
2024-03-11,6.0,19613.45,60,NO-CLAVO,No Clavo,Adhesivos
2024-03-18,70.0,228823.54,60,NO-CLAVO,No Clavo,Adhesivos
2024-03-25,27.0,88260.5,60,NO-CLAVO,No Clavo,Adhesivos
2024-04-01,32.0,104605.04000000001,60,NO-CLAVO,No Clavo,Adhesivos
2024-04-08,25.0,81722.70000000001,60,NO-CLAVO,No Clavo,Adhesivos
2024-04-15,20.0,65378.149999999994,60,NO-CLAVO,No Clavo,Adhesivos
2024-04-22,1.0,3268.91,60,NO-CLAVO,No Clavo,Adhesivos
2024-04-29,0.0,0.0,60,NO-CLAVO,No Clavo,Adhesivos
2024-05-06,0.0,0.0,60,NO-CLAVO,No Clavo,Adhesivos
2024-05-13,1.0,3268.91,60,NO-CLAVO,No Clavo,Adhesivos
2024-05-20,10.0,32689.079999999998,60,NO-CLAVO,No Clavo,Adhesivos
2024-05-27,0.0,0.0,60,NO-CLAVO,No Clavo,Adhesivos
2024-06-03,30.0,98067.24,60,NO-CLAVO,No Clavo,Adhesivos
2024-06-10,25.0,81722.7,60,NO-CLAVO,No Clavo,Adhesivos
2024-06-17,17.0,55571.43,60,NO-CLAVO,No Clavo,Adhesivos
2024-06-24,38.0,124218.49,60,NO-CLAVO,No Clavo,Adhesivos
2024-07-01,46.0,150369.75,60,NO-CLAVO,No Clavo,Adhesivos
2024-07-08,27.0,88260.51,60,NO-CLAVO,No Clavo,Adhesivos
2024-07-15,28.0,91529.42,60,NO-CLAVO,No Clavo,Adhesivos
2024-07-22,15.0,49033.630000000005,60,NO-CLAVO,No Clavo,Adhesivos
2024-07-29,18.0,58840.34,60,NO-CLAVO,No Clavo,Adhesivos
2024-08-05,12.0,39226.89,60,NO-CLAVO,No Clavo,Adhesivos
2024-08-12,7.0,22882.36,60,NO-CLAVO,No Clavo,Adhesivos
2024-08-19,13.0,42495.8,60,NO-CLAVO,No Clavo,Adhesivos
2024-08-26,9.0,29420.18,60,NO-CLAVO,No Clavo,Adhesivos
2024-09-02,23.0,75184.88,60,NO-CLAVO,No Clavo,Adhesivos
2024-09-09,9.0,29420.17,60,NO-CLAVO,No Clavo,Adhesivos
2024-09-16,1.0,3268.91,60,NO-CLAVO,No Clavo,Adhesivos
2024-09-23,23.0,75184.89,60,NO-CLAVO,No Clavo,Adhesivos
2024-09-30,37.0,120949.57999999999,60,NO-CLAVO,No Clavo,Adhesivos
2024-10-07,17.0,55571.44,60,NO-CLAVO,No Clavo,Adhesivos
2024-10-14,17.0,55571.44,60,NO-CLAVO,No Clavo,Adhesivos
2024-10-21,13.0,42495.8,60,NO-CLAVO,No Clavo,Adhesivos
2024-10-28,21.0,68647.06,60,NO-CLAVO,No Clavo,Adhesivos
2024-11-04,4.0,13075.63,60,NO-CLAVO,No Clavo,Adhesivos
2024-11-11,22.0,71915.97,60,NO-CLAVO,No Clavo,Adhesivos
2024-11-18,11.0,35957.979999999996,60,NO-CLAVO,No Clavo,Adhesivos
2024-11-25,23.0,75184.88,60,NO-CLAVO,No Clavo,Adhesivos
2024-12-02,15.0,49033.61,60,NO-CLAVO,No Clavo,Adhesivos
2024-12-09,17.0,55571.44,60,NO-CLAVO,No Clavo,Adhesivos
2024-12-16,14.0,45764.71,60,NO-CLAVO,No Clavo,Adhesivos
2024-12-23,2.0,6537.82,60,NO-CLAVO,No Clavo,Adhesivos
2024-12-30,13.0,42495.799999999996,60,NO-CLAVO,No Clavo,Adhesivos
2025-01-06,14.0,45764.71,60,NO-CLAVO,No Clavo,Adhesivos
2025-01-13,15.0,49033.619999999995,60,NO-CLAVO,No Clavo,Adhesivos
2025-01-20,69.0,225554.62,60,NO-CLAVO,No Clavo,Adhesivos
2025-01-27,47.0,153638.66,60,NO-CLAVO,No Clavo,Adhesivos
2025-02-03,10.0,32689.08,60,NO-CLAVO,No Clavo,Adhesivos
2025-02-10,57.0,186327.72999999998,60,NO-CLAVO,No Clavo,Adhesivos
2025-02-17,58.0,189596.63999999998,60,NO-CLAVO,No Clavo,Adhesivos
2025-02-24,17.0,55571.44,60,NO-CLAVO,No Clavo,Adhesivos
2025-03-03,36.0,117680.67,60,NO-CLAVO,No Clavo,Adhesivos
2025-03-10,23.0,75184.88,60,NO-CLAVO,No Clavo,Adhesivos
2025-03-17,15.0,49033.61,60,NO-CLAVO,No Clavo,Adhesivos
2025-03-24,24.0,78453.79000000001,60,NO-CLAVO,No Clavo,Adhesivos
2025-03-31,60.0,196134.45,60,NO-CLAVO,No Clavo,Adhesivos
2025-04-07,31.0,101336.14,60,NO-CLAVO,No Clavo,Adhesivos
2025-04-14,23.0,75184.87,60,NO-CLAVO,No Clavo,Adhesivos
2025-04-21,25.0,81722.7,60,NO-CLAVO,No Clavo,Adhesivos
2025-04-28,11.0,35957.979999999996,60,NO-CLAVO,No Clavo,Adhesivos
2025-05-05,16.0,52302.52,60,NO-CLAVO,No Clavo,Adhesivos
2025-05-12,3.0,9806.72,60,NO-CLAVO,No Clavo,Adhesivos
2025-05-19,22.0,71915.97,60,NO-CLAVO,No Clavo,Adhesivos
2025-05-26,2.0,6537.82,60,NO-CLAVO,No Clavo,Adhesivos
2025-06-02,29.0,94798.31999999999,60,NO-CLAVO,No Clavo,Adhesivos
2025-06-09,64.0,209210.09,60,NO-CLAVO,No Clavo,Adhesivos
2025-06-16,8.0,26151.26,60,NO-CLAVO,No Clavo,Adhesivos
2025-06-23,10.0,32689.079999999998,60,NO-CLAVO,No Clavo,Adhesivos
2025-06-30,11.0,36882.35,60,NO-CLAVO,No Clavo,Adhesivos
2025-07-07,10.0,33529.41,60,NO-CLAVO,No Clavo,Adhesivos
2025-07-14,27.0,90529.41,60,NO-CLAVO,No Clavo,Adhesivos
2025-07-21,21.0,70411.76,60,NO-CLAVO,No Clavo,Adhesivos
2025-07-28,13.0,43588.23,60,NO-CLAVO,No Clavo,Adhesivos
2025-08-04,87.0,291705.87,60,NO-CLAVO,No Clavo,Adhesivos
2025-08-11,9.0,30176.47,60,NO-CLAVO,No Clavo,Adhesivos
2025-08-18,11.0,36882.36,60,NO-CLAVO,No Clavo,Adhesivos
2025-08-25,41.0,137470.59,60,NO-CLAVO,No Clavo,Adhesivos
2025-09-01,33.0,110647.05,60,NO-CLAVO,No Clavo,Adhesivos
2025-09-08,21.0,70411.75,60,NO-CLAVO,No Clavo,Adhesivos
2025-09-15,31.0,103941.18,60,NO-CLAVO,No Clavo,Adhesivos
2025-09-22,41.0,137470.59,60,NO-CLAVO,No Clavo,Adhesivos
2025-09-29,33.0,110647.06,60,NO-CLAVO,No Clavo,Adhesivos
2025-10-06,21.0,70411.76,60,NO-CLAVO,No Clavo,Adhesivos
2025-10-13,15.0,50294.12,60,NO-CLAVO,No Clavo,Adhesivos
2025-10-20,4.0,13411.76,60,NO-CLAVO,No Clavo,Adhesivos
2025-10-27,7.0,23470.59,60,NO-CLAVO,No Clavo,Adhesivos
2025-11-03,11.0,36882.35,60,NO-CLAVO,No Clavo,Adhesivos
2025-11-10,8.0,26823.53,60,NO-CLAVO,No Clavo,Adhesivos
2025-11-17,13.0,43588.229999999996,60,NO-CLAVO,No Clavo,Adhesivos
2025-11-24,19.0,63705.87,60,NO-CLAVO,No Clavo,Adhesivos
2025-12-01,88.0,295058.82999999996,60,NO-CLAVO,No Clavo,Adhesivos
2025-12-08,14.0,46941.170000000006,60,NO-CLAVO,No Clavo,Adhesivos
2025-12-15,16.0,53647.06,60,NO-CLAVO,No Clavo,Adhesivos
2025-12-22,0.0,0.0,60,NO-CLAVO,No Clavo,Adhesivos
2025-12-29,3.0,10058.82,60,NO-CLAVO,No Clavo,Adhesivos
2026-01-05,46.0,154235.29,60,NO-CLAVO,No Clavo,Adhesivos
2026-01-12,10.0,33529.41,60,NO-CLAVO,No Clavo,Adhesivos
2026-01-19,34.0,114000.0,60,NO-CLAVO,No Clavo,Adhesivos
2026-01-26,39.0,130764.71,60,NO-CLAVO,No Clavo,Adhesivos
2026-02-02,26.0,87176.48,60,NO-CLAVO,No Clavo,Adhesivos
2026-02-09,33.0,110647.06,60,NO-CLAVO,No Clavo,Adhesivos
2026-02-16,4.0,13411.76,60,NO-CLAVO,No Clavo,Adhesivos
2026-02-23,14.0,46941.18,60,NO-CLAVO,No Clavo,Adhesivos
2026-03-02,39.0,130764.7,60,NO-CLAVO,No Clavo,Adhesivos
2026-03-09,0.0,0.0,60,NO-CLAVO,No Clavo,Adhesivos
2026-03-16,65.0,217941.18,60,NO-CLAVO,No Clavo,Adhesivos
2026-03-23,20.0,67058.82,60,NO-CLAVO,No Clavo,Adhesivos
2026-03-30,0.0,0.0,60,NO-CLAVO,No Clavo,Adhesivos
2026-04-06,18.0,60352.939999999995,60,NO-CLAVO,No Clavo,Adhesivos
2026-04-13,15.0,50294.13,60,NO-CLAVO,No Clavo,Adhesivos
2026-04-20,8.0,26823.52,60,NO-CLAVO,No Clavo,Adhesivos
2026-04-27,4.0,13411.76,60,NO-CLAVO,No Clavo,Adhesivos
2026-05-04,8.0,26823.52,60,NO-CLAVO,No Clavo,Adhesivos
2026-05-11,4.0,13411.76,60,NO-CLAVO,No Clavo,Adhesivos
2026-05-18,16.0,53647.06,60,NO-CLAVO,No Clavo,Adhesivos
2026-05-25,14.0,46941.18,60,NO-CLAVO,No Clavo,Adhesivos
2026-06-01,6.0,20117.64,60,NO-CLAVO,No Clavo,Adhesivos
2026-06-08,0.0,0.0,60,NO-CLAVO,No Clavo,Adhesivos
2026-06-15,0.0,0.0,60,NO-CLAVO,No Clavo,Adhesivos
2026-06-22,0.0,0.0,60,NO-CLAVO,No Clavo,Adhesivos
2026-06-29,0.0,0.0,60,NO-CLAVO,No Clavo,Adhesivos
2026-07-06,0.0,0.0,60,NO-CLAVO,No Clavo,Adhesivos
2024-02-05,12.0,79563.01000000001,61,FIX-ALL,Fix All,Adhesivos
2024-02-12,6.0,39781.52,61,FIX-ALL,Fix All,Adhesivos
2024-02-19,12.0,79563.01999999999,61,FIX-ALL,Fix All,Adhesivos
2024-02-26,47.0,311621.85,61,FIX-ALL,Fix All,Adhesivos
2024-03-04,4.0,26521.0,61,FIX-ALL,Fix All,Adhesivos
2024-03-11,30.0,198907.56,61,FIX-ALL,Fix All,Adhesivos
2024-03-18,3.0,19890.76,61,FIX-ALL,Fix All,Adhesivos
2024-03-25,0.0,0.0,61,FIX-ALL,Fix All,Adhesivos
2024-04-01,1.0,6630.25,61,FIX-ALL,Fix All,Adhesivos
2024-04-08,0.0,0.0,61,FIX-ALL,Fix All,Adhesivos
2024-04-15,0.0,0.0,61,FIX-ALL,Fix All,Adhesivos
2024-04-22,0.0,0.0,61,FIX-ALL,Fix All,Adhesivos
2024-04-29,0.0,0.0,61,FIX-ALL,Fix All,Adhesivos
2024-05-06,0.0,0.0,61,FIX-ALL,Fix All,Adhesivos
2024-05-13,0.0,0.0,61,FIX-ALL,Fix All,Adhesivos
2024-05-20,22.0,145865.53999999998,61,FIX-ALL,Fix All,Adhesivos
2024-05-27,0.0,0.0,61,FIX-ALL,Fix All,Adhesivos
2024-06-03,1.0,6630.25,61,FIX-ALL,Fix All,Adhesivos
2024-06-10,0.0,0.0,61,FIX-ALL,Fix All,Adhesivos
2024-06-17,0.0,0.0,61,FIX-ALL,Fix All,Adhesivos
2024-06-24,11.0,72932.76999999999,61,FIX-ALL,Fix All,Adhesivos
2024-07-01,9.0,59672.270000000004,61,FIX-ALL,Fix All,Adhesivos
2024-07-08,13.0,86193.27,61,FIX-ALL,Fix All,Adhesivos
2024-07-15,1.0,6630.25,61,FIX-ALL,Fix All,Adhesivos
2024-07-22,1.0,6630.25,61,FIX-ALL,Fix All,Adhesivos
2024-07-29,4.0,26521.01,61,FIX-ALL,Fix All,Adhesivos
2024-08-05,0.0,0.0,61,FIX-ALL,Fix All,Adhesivos
2024-08-12,0.0,0.0,61,FIX-ALL,Fix All,Adhesivos
2024-08-19,3.0,19890.76,61,FIX-ALL,Fix All,Adhesivos
2024-08-26,4.0,26521.01,61,FIX-ALL,Fix All,Adhesivos
2024-09-02,11.0,72932.77,61,FIX-ALL,Fix All,Adhesivos
2024-09-09,9.0,59672.26,61,FIX-ALL,Fix All,Adhesivos
2024-09-16,0.0,0.0,61,FIX-ALL,Fix All,Adhesivos
2024-09-23,15.0,99453.78,61,FIX-ALL,Fix All,Adhesivos
2024-09-30,13.0,86193.27,61,FIX-ALL,Fix All,Adhesivos
2024-10-07,1.0,6630.25,61,FIX-ALL,Fix All,Adhesivos
2024-10-14,0.0,0.0,61,FIX-ALL,Fix All,Adhesivos
2024-10-21,0.0,0.0,61,FIX-ALL,Fix All,Adhesivos
2024-10-28,0.0,0.0,61,FIX-ALL,Fix All,Adhesivos
2024-11-04,0.0,0.0,61,FIX-ALL,Fix All,Adhesivos
2024-11-11,0.0,0.0,61,FIX-ALL,Fix All,Adhesivos
2024-11-18,0.0,0.0,61,FIX-ALL,Fix All,Adhesivos
2024-11-25,0.0,0.0,61,FIX-ALL,Fix All,Adhesivos
2024-12-02,3.0,19890.76,61,FIX-ALL,Fix All,Adhesivos
2024-12-09,0.0,0.0,61,FIX-ALL,Fix All,Adhesivos
2024-12-16,15.0,99453.77,61,FIX-ALL,Fix All,Adhesivos
2024-12-23,3.0,19890.76,61,FIX-ALL,Fix All,Adhesivos
2024-12-30,3.0,19890.76,61,FIX-ALL,Fix All,Adhesivos
2025-01-06,33.0,218798.32,61,FIX-ALL,Fix All,Adhesivos
2025-01-13,0.0,0.0,61,FIX-ALL,Fix All,Adhesivos
2025-01-20,7.0,46411.77,61,FIX-ALL,Fix All,Adhesivos
2025-01-27,33.0,218798.32,61,FIX-ALL,Fix All,Adhesivos
2025-02-03,12.0,79563.02,61,FIX-ALL,Fix All,Adhesivos
2025-02-10,22.0,145865.54,61,FIX-ALL,Fix All,Adhesivos
2025-02-17,22.0,145865.53,61,FIX-ALL,Fix All,Adhesivos
2025-02-24,29.0,192277.31,61,FIX-ALL,Fix All,Adhesivos
2025-03-03,5.0,33151.259999999995,61,FIX-ALL,Fix All,Adhesivos
2025-03-10,5.0,33151.26,61,FIX-ALL,Fix All,Adhesivos
2025-03-17,6.0,39781.51,61,FIX-ALL,Fix All,Adhesivos
2025-03-24,5.0,33151.259999999995,61,FIX-ALL,Fix All,Adhesivos
2025-03-31,11.0,72932.78,61,FIX-ALL,Fix All,Adhesivos
2025-04-07,26.0,172386.55000000002,61,FIX-ALL,Fix All,Adhesivos
2025-04-14,10.0,66302.51999999999,61,FIX-ALL,Fix All,Adhesivos
2025-04-21,5.0,33151.259999999995,61,FIX-ALL,Fix All,Adhesivos
2025-04-28,0.0,0.0,61,FIX-ALL,Fix All,Adhesivos
2025-05-05,0.0,0.0,61,FIX-ALL,Fix All,Adhesivos
2025-05-12,0.0,0.0,61,FIX-ALL,Fix All,Adhesivos
2025-05-19,3.0,19890.76,61,FIX-ALL,Fix All,Adhesivos
2025-05-26,1.0,6630.25,61,FIX-ALL,Fix All,Adhesivos
2025-06-02,14.0,92823.53,61,FIX-ALL,Fix All,Adhesivos
2025-06-09,1.0,6630.25,61,FIX-ALL,Fix All,Adhesivos
2025-06-16,4.0,26521.0,61,FIX-ALL,Fix All,Adhesivos
2025-06-23,8.0,53042.01,61,FIX-ALL,Fix All,Adhesivos
2025-06-30,1.0,6714.29,61,FIX-ALL,Fix All,Adhesivos
2025-07-07,19.0,127571.43,61,FIX-ALL,Fix All,Adhesivos
2025-07-14,2.0,13428.57,61,FIX-ALL,Fix All,Adhesivos
2025-07-21,7.0,47000.01,61,FIX-ALL,Fix All,Adhesivos
2025-07-28,1.0,6714.29,61,FIX-ALL,Fix All,Adhesivos
2025-08-04,11.0,73857.14,61,FIX-ALL,Fix All,Adhesivos
2025-08-11,0.0,0.0,61,FIX-ALL,Fix All,Adhesivos
2025-08-18,2.0,13428.57,61,FIX-ALL,Fix All,Adhesivos
2025-08-25,18.0,120857.15,61,FIX-ALL,Fix All,Adhesivos
2025-09-01,7.0,47000.01,61,FIX-ALL,Fix All,Adhesivos
2025-09-08,13.0,87285.70999999999,61,FIX-ALL,Fix All,Adhesivos
2025-09-15,2.0,13428.57,61,FIX-ALL,Fix All,Adhesivos
2025-09-22,20.0,134285.71,61,FIX-ALL,Fix All,Adhesivos
2025-09-29,23.0,154428.57,61,FIX-ALL,Fix All,Adhesivos
2025-10-06,22.0,147714.29,61,FIX-ALL,Fix All,Adhesivos
2025-10-13,35.0,235000.01,61,FIX-ALL,Fix All,Adhesivos
2025-10-20,11.0,73857.15,61,FIX-ALL,Fix All,Adhesivos
2025-10-27,6.0,40285.71,61,FIX-ALL,Fix All,Adhesivos
2025-11-03,13.0,87285.70999999999,61,FIX-ALL,Fix All,Adhesivos
2025-11-10,20.0,134285.72,61,FIX-ALL,Fix All,Adhesivos
2025-11-17,10.0,67142.85,61,FIX-ALL,Fix All,Adhesivos
2025-11-24,8.0,53714.28,61,FIX-ALL,Fix All,Adhesivos
2025-12-01,10.0,67142.85,61,FIX-ALL,Fix All,Adhesivos
2025-12-08,4.0,26857.15,61,FIX-ALL,Fix All,Adhesivos
2025-12-15,30.0,201428.57,61,FIX-ALL,Fix All,Adhesivos
2025-12-22,0.0,0.0,61,FIX-ALL,Fix All,Adhesivos
2025-12-29,6.0,40285.72,61,FIX-ALL,Fix All,Adhesivos
2026-01-05,38.0,255142.86,61,FIX-ALL,Fix All,Adhesivos
2026-01-12,13.0,87285.72,61,FIX-ALL,Fix All,Adhesivos
2026-01-19,5.0,33571.43,61,FIX-ALL,Fix All,Adhesivos
2026-01-26,21.0,141000.0,61,FIX-ALL,Fix All,Adhesivos
2026-02-02,18.0,120857.14,61,FIX-ALL,Fix All,Adhesivos
2026-02-09,4.0,26857.14,61,FIX-ALL,Fix All,Adhesivos
2026-02-16,17.0,114142.85999999999,61,FIX-ALL,Fix All,Adhesivos
2026-02-23,11.0,73857.14,61,FIX-ALL,Fix All,Adhesivos
2026-03-02,7.0,47000.01,61,FIX-ALL,Fix All,Adhesivos
2026-03-09,23.0,154428.57,61,FIX-ALL,Fix All,Adhesivos
2026-03-16,6.0,40285.71,61,FIX-ALL,Fix All,Adhesivos
2026-03-23,21.0,141000.0,61,FIX-ALL,Fix All,Adhesivos
2026-03-30,13.0,87285.72,61,FIX-ALL,Fix All,Adhesivos
2026-04-06,20.0,134285.71,61,FIX-ALL,Fix All,Adhesivos
2026-04-13,10.0,67142.86,61,FIX-ALL,Fix All,Adhesivos
2026-04-20,12.0,80571.43,61,FIX-ALL,Fix All,Adhesivos
2026-04-27,13.0,87285.70999999999,61,FIX-ALL,Fix All,Adhesivos
2026-05-04,19.0,127571.43,61,FIX-ALL,Fix All,Adhesivos
2026-05-11,0.0,0.0,61,FIX-ALL,Fix All,Adhesivos
2026-05-18,33.0,221571.44,61,FIX-ALL,Fix All,Adhesivos
2026-05-25,11.0,73857.14,61,FIX-ALL,Fix All,Adhesivos
2026-06-01,11.0,73857.14,61,FIX-ALL,Fix All,Adhesivos
2026-06-08,0.0,0.0,61,FIX-ALL,Fix All,Adhesivos
2026-06-15,0.0,0.0,61,FIX-ALL,Fix All,Adhesivos
2026-06-22,0.0,0.0,61,FIX-ALL,Fix All,Adhesivos
2026-06-29,0.0,0.0,61,FIX-ALL,Fix All,Adhesivos
2026-07-06,0.0,0.0,61,FIX-ALL,Fix All,Adhesivos
2024-02-05,4.0,67193.28,62,GALON-NO-CLAVO,Galon no Clavo,Adhesivos
2024-02-12,0.0,0.0,62,GALON-NO-CLAVO,Galon no Clavo,Adhesivos
2024-02-19,6.0,100789.92,62,GALON-NO-CLAVO,Galon no Clavo,Adhesivos
2024-02-26,2.0,33596.64,62,GALON-NO-CLAVO,Galon no Clavo,Adhesivos
2024-03-04,0.0,0.0,62,GALON-NO-CLAVO,Galon no Clavo,Adhesivos
2024-03-11,6.0,100789.92,62,GALON-NO-CLAVO,Galon no Clavo,Adhesivos
2024-03-18,2.0,33596.64,62,GALON-NO-CLAVO,Galon no Clavo,Adhesivos
2024-03-25,0.0,0.0,62,GALON-NO-CLAVO,Galon no Clavo,Adhesivos
2024-04-01,0.0,0.0,62,GALON-NO-CLAVO,Galon no Clavo,Adhesivos
2024-04-08,0.0,0.0,62,GALON-NO-CLAVO,Galon no Clavo,Adhesivos
2024-04-15,0.0,0.0,62,GALON-NO-CLAVO,Galon no Clavo,Adhesivos
2024-04-22,0.0,0.0,62,GALON-NO-CLAVO,Galon no Clavo,Adhesivos
2024-04-29,1.0,16798.32,62,GALON-NO-CLAVO,Galon no Clavo,Adhesivos
2024-05-06,4.0,67193.28,62,GALON-NO-CLAVO,Galon no Clavo,Adhesivos
2024-05-13,0.0,0.0,62,GALON-NO-CLAVO,Galon no Clavo,Adhesivos
2024-05-20,5.0,83991.6,62,GALON-NO-CLAVO,Galon no Clavo,Adhesivos
2024-05-27,0.0,0.0,62,GALON-NO-CLAVO,Galon no Clavo,Adhesivos
2024-06-03,9.0,151184.88,62,GALON-NO-CLAVO,Galon no Clavo,Adhesivos
2024-06-10,3.0,50394.96,62,GALON-NO-CLAVO,Galon no Clavo,Adhesivos
2024-06-17,1.0,16798.32,62,GALON-NO-CLAVO,Galon no Clavo,Adhesivos
2024-06-24,6.0,100789.92,62,GALON-NO-CLAVO,Galon no Clavo,Adhesivos
2024-07-01,4.0,67193.28,62,GALON-NO-CLAVO,Galon no Clavo,Adhesivos
2024-07-08,0.0,0.0,62,GALON-NO-CLAVO,Galon no Clavo,Adhesivos
2024-07-15,1.0,16798.32,62,GALON-NO-CLAVO,Galon no Clavo,Adhesivos
2024-07-22,0.0,0.0,62,GALON-NO-CLAVO,Galon no Clavo,Adhesivos
2024-07-29,0.0,0.0,62,GALON-NO-CLAVO,Galon no Clavo,Adhesivos
2024-08-05,0.0,0.0,62,GALON-NO-CLAVO,Galon no Clavo,Adhesivos
2024-08-12,0.0,0.0,62,GALON-NO-CLAVO,Galon no Clavo,Adhesivos
2024-08-19,0.0,0.0,62,GALON-NO-CLAVO,Galon no Clavo,Adhesivos
2024-08-26,0.0,0.0,62,GALON-NO-CLAVO,Galon no Clavo,Adhesivos
2024-09-02,6.0,100789.92,62,GALON-NO-CLAVO,Galon no Clavo,Adhesivos
2024-09-09,0.0,0.0,62,GALON-NO-CLAVO,Galon no Clavo,Adhesivos
2024-09-16,0.0,0.0,62,GALON-NO-CLAVO,Galon no Clavo,Adhesivos
2024-09-23,1.0,16798.32,62,GALON-NO-CLAVO,Galon no Clavo,Adhesivos
2024-09-30,2.0,33596.64,62,GALON-NO-CLAVO,Galon no Clavo,Adhesivos
2024-10-07,0.0,0.0,62,GALON-NO-CLAVO,Galon no Clavo,Adhesivos
2024-10-14,0.0,0.0,62,GALON-NO-CLAVO,Galon no Clavo,Adhesivos
2024-10-21,1.0,16798.32,62,GALON-NO-CLAVO,Galon no Clavo,Adhesivos
2024-10-28,1.0,16798.32,62,GALON-NO-CLAVO,Galon no Clavo,Adhesivos
2024-11-04,3.0,50394.96,62,GALON-NO-CLAVO,Galon no Clavo,Adhesivos
2024-11-11,5.0,83991.6,62,GALON-NO-CLAVO,Galon no Clavo,Adhesivos
2024-11-18,2.0,33596.64,62,GALON-NO-CLAVO,Galon no Clavo,Adhesivos
2024-11-25,0.0,0.0,62,GALON-NO-CLAVO,Galon no Clavo,Adhesivos
2024-12-02,5.0,83991.6,62,GALON-NO-CLAVO,Galon no Clavo,Adhesivos
2024-12-09,3.0,50394.96,62,GALON-NO-CLAVO,Galon no Clavo,Adhesivos
2024-12-16,3.0,50394.96,62,GALON-NO-CLAVO,Galon no Clavo,Adhesivos
2024-12-23,2.0,33596.64,62,GALON-NO-CLAVO,Galon no Clavo,Adhesivos
2024-12-30,2.0,33596.64,62,GALON-NO-CLAVO,Galon no Clavo,Adhesivos
2025-01-06,2.0,33596.64,62,GALON-NO-CLAVO,Galon no Clavo,Adhesivos
2025-01-13,3.0,50394.96,62,GALON-NO-CLAVO,Galon no Clavo,Adhesivos
2025-01-20,25.0,419957.99,62,GALON-NO-CLAVO,Galon no Clavo,Adhesivos
2025-01-27,1.0,16798.32,62,GALON-NO-CLAVO,Galon no Clavo,Adhesivos
2025-02-03,1.0,16798.32,62,GALON-NO-CLAVO,Galon no Clavo,Adhesivos
2025-02-10,10.0,167983.2,62,GALON-NO-CLAVO,Galon no Clavo,Adhesivos
2025-02-17,6.0,100789.92,62,GALON-NO-CLAVO,Galon no Clavo,Adhesivos
2025-02-24,5.0,83991.6,62,GALON-NO-CLAVO,Galon no Clavo,Adhesivos
2025-03-03,3.0,50394.96,62,GALON-NO-CLAVO,Galon no Clavo,Adhesivos
2025-03-10,5.0,83991.6,62,GALON-NO-CLAVO,Galon no Clavo,Adhesivos
2025-03-17,3.0,50394.96,62,GALON-NO-CLAVO,Galon no Clavo,Adhesivos
2025-03-24,4.0,67193.28,62,GALON-NO-CLAVO,Galon no Clavo,Adhesivos
2025-03-31,7.0,117588.23999999999,62,GALON-NO-CLAVO,Galon no Clavo,Adhesivos
2025-04-07,2.0,33596.64,62,GALON-NO-CLAVO,Galon no Clavo,Adhesivos
2025-04-14,2.0,33596.64,62,GALON-NO-CLAVO,Galon no Clavo,Adhesivos
2025-04-21,3.0,50394.96,62,GALON-NO-CLAVO,Galon no Clavo,Adhesivos
2025-04-28,1.0,16798.32,62,GALON-NO-CLAVO,Galon no Clavo,Adhesivos
2025-05-05,2.0,33596.64,62,GALON-NO-CLAVO,Galon no Clavo,Adhesivos
2025-05-12,3.0,50394.96,62,GALON-NO-CLAVO,Galon no Clavo,Adhesivos
2025-05-19,4.0,67193.28,62,GALON-NO-CLAVO,Galon no Clavo,Adhesivos
2025-05-26,6.0,100789.92000000001,62,GALON-NO-CLAVO,Galon no Clavo,Adhesivos
2025-06-02,2.0,33596.64,62,GALON-NO-CLAVO,Galon no Clavo,Adhesivos
2025-06-09,0.0,0.0,62,GALON-NO-CLAVO,Galon no Clavo,Adhesivos
2025-06-16,4.0,67193.28,62,GALON-NO-CLAVO,Galon no Clavo,Adhesivos
2025-06-23,4.0,67193.28,62,GALON-NO-CLAVO,Galon no Clavo,Adhesivos
2025-06-30,3.0,50394.96,62,GALON-NO-CLAVO,Galon no Clavo,Adhesivos
2025-07-07,2.0,33596.64,62,GALON-NO-CLAVO,Galon no Clavo,Adhesivos
2025-07-14,6.0,100789.92,62,GALON-NO-CLAVO,Galon no Clavo,Adhesivos
2025-07-21,4.0,67193.28,62,GALON-NO-CLAVO,Galon no Clavo,Adhesivos
2025-07-28,3.0,50394.96,62,GALON-NO-CLAVO,Galon no Clavo,Adhesivos
2025-08-04,4.0,67193.28,62,GALON-NO-CLAVO,Galon no Clavo,Adhesivos
2025-08-11,2.0,33596.64,62,GALON-NO-CLAVO,Galon no Clavo,Adhesivos
2025-08-18,15.0,251974.8,62,GALON-NO-CLAVO,Galon no Clavo,Adhesivos
2025-08-25,9.0,151184.88,62,GALON-NO-CLAVO,Galon no Clavo,Adhesivos
2025-09-01,8.0,134386.56,62,GALON-NO-CLAVO,Galon no Clavo,Adhesivos
2025-09-08,7.0,117588.23999999999,62,GALON-NO-CLAVO,Galon no Clavo,Adhesivos
2025-09-15,1.0,16798.32,62,GALON-NO-CLAVO,Galon no Clavo,Adhesivos
2025-09-22,0.0,0.0,62,GALON-NO-CLAVO,Galon no Clavo,Adhesivos
2025-09-29,5.0,83991.6,62,GALON-NO-CLAVO,Galon no Clavo,Adhesivos
2025-10-06,3.0,50394.96,62,GALON-NO-CLAVO,Galon no Clavo,Adhesivos
2025-10-13,3.0,50394.96,62,GALON-NO-CLAVO,Galon no Clavo,Adhesivos
2025-10-20,5.0,83991.6,62,GALON-NO-CLAVO,Galon no Clavo,Adhesivos
2025-10-27,4.0,67193.28,62,GALON-NO-CLAVO,Galon no Clavo,Adhesivos
2025-11-03,2.0,33596.64,62,GALON-NO-CLAVO,Galon no Clavo,Adhesivos
2025-11-10,5.0,83991.6,62,GALON-NO-CLAVO,Galon no Clavo,Adhesivos
2025-11-17,4.0,67193.28,62,GALON-NO-CLAVO,Galon no Clavo,Adhesivos
2025-11-24,2.0,33596.64,62,GALON-NO-CLAVO,Galon no Clavo,Adhesivos
2025-12-01,7.0,117588.23999999999,62,GALON-NO-CLAVO,Galon no Clavo,Adhesivos
2025-12-08,2.0,33596.64,62,GALON-NO-CLAVO,Galon no Clavo,Adhesivos
2025-12-15,3.0,50394.96,62,GALON-NO-CLAVO,Galon no Clavo,Adhesivos
2025-12-22,2.0,33596.64,62,GALON-NO-CLAVO,Galon no Clavo,Adhesivos
2025-12-29,4.0,67193.28,62,GALON-NO-CLAVO,Galon no Clavo,Adhesivos
2026-01-05,2.0,33596.64,62,GALON-NO-CLAVO,Galon no Clavo,Adhesivos
2026-01-12,9.0,151184.88,62,GALON-NO-CLAVO,Galon no Clavo,Adhesivos
2026-01-19,0.0,0.0,62,GALON-NO-CLAVO,Galon no Clavo,Adhesivos
2026-01-26,4.0,67193.28,62,GALON-NO-CLAVO,Galon no Clavo,Adhesivos
2026-02-02,4.0,67193.28,62,GALON-NO-CLAVO,Galon no Clavo,Adhesivos
2026-02-09,4.0,67193.28,62,GALON-NO-CLAVO,Galon no Clavo,Adhesivos
2026-02-16,2.0,33596.64,62,GALON-NO-CLAVO,Galon no Clavo,Adhesivos
2026-02-23,3.0,50394.96,62,GALON-NO-CLAVO,Galon no Clavo,Adhesivos
2026-03-02,0.0,0.0,62,GALON-NO-CLAVO,Galon no Clavo,Adhesivos
2026-03-09,0.0,0.0,62,GALON-NO-CLAVO,Galon no Clavo,Adhesivos
2026-03-16,1.0,16798.32,62,GALON-NO-CLAVO,Galon no Clavo,Adhesivos
2026-03-23,3.0,50394.96,62,GALON-NO-CLAVO,Galon no Clavo,Adhesivos
2026-03-30,0.0,0.0,62,GALON-NO-CLAVO,Galon no Clavo,Adhesivos
2026-04-06,4.0,67193.28,62,GALON-NO-CLAVO,Galon no Clavo,Adhesivos
2026-04-13,4.0,67193.28,62,GALON-NO-CLAVO,Galon no Clavo,Adhesivos
2026-04-20,3.0,50394.96,62,GALON-NO-CLAVO,Galon no Clavo,Adhesivos
2026-04-27,1.0,16798.32,62,GALON-NO-CLAVO,Galon no Clavo,Adhesivos
2026-05-04,3.0,50394.96,62,GALON-NO-CLAVO,Galon no Clavo,Adhesivos
2026-05-11,2.0,33596.64,62,GALON-NO-CLAVO,Galon no Clavo,Adhesivos
2026-05-18,0.0,0.0,62,GALON-NO-CLAVO,Galon no Clavo,Adhesivos
2026-05-25,0.0,0.0,62,GALON-NO-CLAVO,Galon no Clavo,Adhesivos
2026-06-01,2.0,33596.64,62,GALON-NO-CLAVO,Galon no Clavo,Adhesivos
2026-06-08,0.0,0.0,62,GALON-NO-CLAVO,Galon no Clavo,Adhesivos
2026-06-15,0.0,0.0,62,GALON-NO-CLAVO,Galon no Clavo,Adhesivos
2026-06-22,0.0,0.0,62,GALON-NO-CLAVO,Galon no Clavo,Adhesivos
2026-06-29,0.0,0.0,62,GALON-NO-CLAVO,Galon no Clavo,Adhesivos
2026-07-06,0.0,0.0,62,GALON-NO-CLAVO,Galon no Clavo,Adhesivos
2022-06-06,25.0,75420.17,63,MADERA-2X3,2x3,Maderas
2022-06-13,0.0,0.0,63,MADERA-2X3,2x3,Maderas
2022-06-20,0.0,0.0,63,MADERA-2X3,2x3,Maderas
2022-06-27,0.0,0.0,63,MADERA-2X3,2x3,Maderas
2022-07-04,14.0,42235.29,63,MADERA-2X3,2x3,Maderas
2022-07-11,71.0,214193.28,63,MADERA-2X3,2x3,Maderas
2022-07-18,0.0,0.0,63,MADERA-2X3,2x3,Maderas
2022-07-25,6.0,18100.84,63,MADERA-2X3,2x3,Maderas
2022-08-01,0.0,0.0,63,MADERA-2X3,2x3,Maderas
2022-08-08,17.0,51285.71,63,MADERA-2X3,2x3,Maderas
2022-08-15,0.0,0.0,63,MADERA-2X3,2x3,Maderas
2022-08-22,4.0,12067.23,63,MADERA-2X3,2x3,Maderas
2022-08-29,0.0,0.0,63,MADERA-2X3,2x3,Maderas
2022-09-05,0.0,0.0,63,MADERA-2X3,2x3,Maderas
2022-09-12,70.0,211176.47,63,MADERA-2X3,2x3,Maderas
2022-09-19,0.0,0.0,63,MADERA-2X3,2x3,Maderas
2022-09-26,15.0,45252.1,63,MADERA-2X3,2x3,Maderas
2022-10-03,19.0,57319.33,63,MADERA-2X3,2x3,Maderas
2022-10-10,15.0,45252.1,63,MADERA-2X3,2x3,Maderas
2022-10-17,0.0,0.0,63,MADERA-2X3,2x3,Maderas
2022-10-24,2.0,6033.61,63,MADERA-2X3,2x3,Maderas
2022-10-31,0.0,0.0,63,MADERA-2X3,2x3,Maderas
2022-11-07,10.0,30168.07,63,MADERA-2X3,2x3,Maderas
2022-11-14,0.0,0.0,63,MADERA-2X3,2x3,Maderas
2022-11-21,3.0,9050.42,63,MADERA-2X3,2x3,Maderas
2022-11-28,10.0,30168.07,63,MADERA-2X3,2x3,Maderas
2022-12-05,0.0,0.0,63,MADERA-2X3,2x3,Maderas
2022-12-12,0.0,0.0,63,MADERA-2X3,2x3,Maderas
2022-12-19,0.0,0.0,63,MADERA-2X3,2x3,Maderas
2022-12-26,0.0,0.0,63,MADERA-2X3,2x3,Maderas
2023-01-02,120.0,362016.8,63,MADERA-2X3,2x3,Maderas
2023-01-09,0.0,0.0,63,MADERA-2X3,2x3,Maderas
2023-01-16,0.0,0.0,63,MADERA-2X3,2x3,Maderas
2023-01-23,0.0,0.0,63,MADERA-2X3,2x3,Maderas
2023-01-30,0.0,0.0,63,MADERA-2X3,2x3,Maderas
2023-02-06,5.0,15084.029999999999,63,MADERA-2X3,2x3,Maderas
2023-02-13,4.0,12067.23,63,MADERA-2X3,2x3,Maderas
2023-02-20,0.0,0.0,63,MADERA-2X3,2x3,Maderas
2023-02-27,0.0,0.0,63,MADERA-2X3,2x3,Maderas
2023-03-06,3.0,9050.42,63,MADERA-2X3,2x3,Maderas
2023-03-13,13.0,39218.49,63,MADERA-2X3,2x3,Maderas
2023-03-20,2.0,6033.61,63,MADERA-2X3,2x3,Maderas
2023-03-27,0.0,0.0,63,MADERA-2X3,2x3,Maderas
2023-04-03,0.0,0.0,63,MADERA-2X3,2x3,Maderas
2023-04-10,3.0,9050.42,63,MADERA-2X3,2x3,Maderas
2023-04-17,0.0,0.0,63,MADERA-2X3,2x3,Maderas
2023-04-24,0.0,0.0,63,MADERA-2X3,2x3,Maderas
2023-05-01,0.0,0.0,63,MADERA-2X3,2x3,Maderas
2023-05-08,2.0,6033.61,63,MADERA-2X3,2x3,Maderas
2023-05-15,14.0,42235.29,63,MADERA-2X3,2x3,Maderas
2023-05-22,6.0,18100.84,63,MADERA-2X3,2x3,Maderas
2023-05-29,92.0,277546.22,63,MADERA-2X3,2x3,Maderas
2023-06-05,0.0,0.0,63,MADERA-2X3,2x3,Maderas
2023-06-12,0.0,0.0,63,MADERA-2X3,2x3,Maderas
2023-06-19,0.0,0.0,63,MADERA-2X3,2x3,Maderas
2023-06-26,2.0,6033.61,63,MADERA-2X3,2x3,Maderas
2023-07-03,0.0,0.0,63,MADERA-2X3,2x3,Maderas
2023-07-10,0.0,0.0,63,MADERA-2X3,2x3,Maderas
2023-07-17,0.0,0.0,63,MADERA-2X3,2x3,Maderas
2023-07-24,4.0,12067.23,63,MADERA-2X3,2x3,Maderas
2023-07-31,0.0,0.0,63,MADERA-2X3,2x3,Maderas
2023-08-07,0.0,0.0,63,MADERA-2X3,2x3,Maderas
2023-08-14,0.0,0.0,63,MADERA-2X3,2x3,Maderas
2023-08-21,0.0,0.0,63,MADERA-2X3,2x3,Maderas
2023-08-28,4.0,12067.22,63,MADERA-2X3,2x3,Maderas
2023-09-04,0.0,0.0,63,MADERA-2X3,2x3,Maderas
2023-09-11,0.0,0.0,63,MADERA-2X3,2x3,Maderas
2023-09-18,0.0,0.0,63,MADERA-2X3,2x3,Maderas
2023-09-25,2.0,6033.61,63,MADERA-2X3,2x3,Maderas
2023-10-02,40.0,120672.26999999999,63,MADERA-2X3,2x3,Maderas
2023-10-09,15.0,45252.1,63,MADERA-2X3,2x3,Maderas
2023-10-16,0.0,0.0,63,MADERA-2X3,2x3,Maderas
2023-10-23,0.0,0.0,63,MADERA-2X3,2x3,Maderas
2023-10-30,0.0,0.0,63,MADERA-2X3,2x3,Maderas
2023-11-06,0.0,0.0,63,MADERA-2X3,2x3,Maderas
2023-11-13,3.0,9050.42,63,MADERA-2X3,2x3,Maderas
2023-11-20,0.0,0.0,63,MADERA-2X3,2x3,Maderas
2023-11-27,0.0,0.0,63,MADERA-2X3,2x3,Maderas
2023-12-04,5.0,15084.03,63,MADERA-2X3,2x3,Maderas
2023-12-11,0.0,0.0,63,MADERA-2X3,2x3,Maderas
2023-12-18,0.0,0.0,63,MADERA-2X3,2x3,Maderas
2023-12-25,0.0,0.0,63,MADERA-2X3,2x3,Maderas
2024-01-01,0.0,0.0,63,MADERA-2X3,2x3,Maderas
2024-01-08,0.0,0.0,63,MADERA-2X3,2x3,Maderas
2024-01-15,6.0,18100.84,63,MADERA-2X3,2x3,Maderas
2024-01-22,0.0,0.0,63,MADERA-2X3,2x3,Maderas
2024-01-29,0.0,0.0,63,MADERA-2X3,2x3,Maderas
2024-02-05,8.0,24134.45,63,MADERA-2X3,2x3,Maderas
2024-02-12,12.0,36201.68,63,MADERA-2X3,2x3,Maderas
2024-02-19,1.0,3016.81,63,MADERA-2X3,2x3,Maderas
2024-02-26,0.0,0.0,63,MADERA-2X3,2x3,Maderas
2024-03-04,0.0,0.0,63,MADERA-2X3,2x3,Maderas
2024-03-11,0.0,0.0,63,MADERA-2X3,2x3,Maderas
2024-03-18,0.0,0.0,63,MADERA-2X3,2x3,Maderas
2024-03-25,7.0,21117.65,63,MADERA-2X3,2x3,Maderas
2024-04-01,0.0,0.0,63,MADERA-2X3,2x3,Maderas
2024-04-08,0.0,0.0,63,MADERA-2X3,2x3,Maderas
2024-04-15,0.0,0.0,63,MADERA-2X3,2x3,Maderas
2024-04-22,0.0,0.0,63,MADERA-2X3,2x3,Maderas
2024-04-29,0.0,0.0,63,MADERA-2X3,2x3,Maderas
2024-05-06,0.0,0.0,63,MADERA-2X3,2x3,Maderas
2024-05-13,0.0,0.0,63,MADERA-2X3,2x3,Maderas
2024-05-20,1.0,3016.81,63,MADERA-2X3,2x3,Maderas
2024-05-27,2.0,6033.61,63,MADERA-2X3,2x3,Maderas
2024-06-03,0.0,0.0,63,MADERA-2X3,2x3,Maderas
2024-06-10,0.0,0.0,63,MADERA-2X3,2x3,Maderas
2024-06-17,0.0,0.0,63,MADERA-2X3,2x3,Maderas
2024-06-24,0.0,0.0,63,MADERA-2X3,2x3,Maderas
2024-07-01,8.0,24134.46,63,MADERA-2X3,2x3,Maderas
2024-07-08,0.0,0.0,63,MADERA-2X3,2x3,Maderas
2024-07-15,3.0,9050.42,63,MADERA-2X3,2x3,Maderas
2024-07-22,1.0,3016.81,63,MADERA-2X3,2x3,Maderas
2024-07-29,0.0,0.0,63,MADERA-2X3,2x3,Maderas
2024-08-05,0.0,0.0,63,MADERA-2X3,2x3,Maderas
2024-08-12,0.0,0.0,63,MADERA-2X3,2x3,Maderas
2024-08-19,1.0,3016.81,63,MADERA-2X3,2x3,Maderas
2024-08-26,1.0,3016.81,63,MADERA-2X3,2x3,Maderas
2024-09-02,0.0,0.0,63,MADERA-2X3,2x3,Maderas
2024-09-09,7.0,21117.65,63,MADERA-2X3,2x3,Maderas
2024-09-16,0.0,0.0,63,MADERA-2X3,2x3,Maderas
2024-09-23,0.0,0.0,63,MADERA-2X3,2x3,Maderas
2024-09-30,0.0,0.0,63,MADERA-2X3,2x3,Maderas
2024-10-07,3.0,9050.42,63,MADERA-2X3,2x3,Maderas
2024-10-14,0.0,0.0,63,MADERA-2X3,2x3,Maderas
2024-10-21,0.0,0.0,63,MADERA-2X3,2x3,Maderas
2024-10-28,0.0,0.0,63,MADERA-2X3,2x3,Maderas
2024-11-04,0.0,0.0,63,MADERA-2X3,2x3,Maderas
2024-11-11,0.0,0.0,63,MADERA-2X3,2x3,Maderas
2024-11-18,0.0,0.0,63,MADERA-2X3,2x3,Maderas
2024-11-25,0.0,0.0,63,MADERA-2X3,2x3,Maderas
2024-12-02,0.0,0.0,63,MADERA-2X3,2x3,Maderas
2024-12-09,50.0,150840.34,63,MADERA-2X3,2x3,Maderas
2024-12-16,4.0,12067.23,63,MADERA-2X3,2x3,Maderas
2024-12-23,0.0,0.0,63,MADERA-2X3,2x3,Maderas
2024-12-30,2.0,6033.61,63,MADERA-2X3,2x3,Maderas
2025-01-06,0.0,0.0,63,MADERA-2X3,2x3,Maderas
2025-01-13,0.0,0.0,63,MADERA-2X3,2x3,Maderas
2025-01-20,8.0,24134.45,63,MADERA-2X3,2x3,Maderas
2025-01-27,32.0,96537.81,63,MADERA-2X3,2x3,Maderas
2025-02-03,0.0,0.0,63,MADERA-2X3,2x3,Maderas
2025-02-10,2.0,6033.61,63,MADERA-2X3,2x3,Maderas
2025-02-17,2.0,6033.61,63,MADERA-2X3,2x3,Maderas
2025-02-24,0.0,0.0,63,MADERA-2X3,2x3,Maderas
2025-03-03,0.0,0.0,63,MADERA-2X3,2x3,Maderas
2025-03-10,0.0,0.0,63,MADERA-2X3,2x3,Maderas
2025-03-17,0.0,0.0,63,MADERA-2X3,2x3,Maderas
2025-03-24,0.0,0.0,63,MADERA-2X3,2x3,Maderas
2025-03-31,0.0,0.0,63,MADERA-2X3,2x3,Maderas
2025-04-07,4.0,12067.23,63,MADERA-2X3,2x3,Maderas
2025-04-14,2.0,6033.61,63,MADERA-2X3,2x3,Maderas
2025-04-21,0.0,0.0,63,MADERA-2X3,2x3,Maderas
2025-04-28,0.0,0.0,63,MADERA-2X3,2x3,Maderas
2025-05-05,0.0,0.0,63,MADERA-2X3,2x3,Maderas
2025-05-12,0.0,0.0,63,MADERA-2X3,2x3,Maderas
2025-05-19,0.0,0.0,63,MADERA-2X3,2x3,Maderas
2025-05-26,0.0,0.0,63,MADERA-2X3,2x3,Maderas
2025-06-02,3.0,9050.42,63,MADERA-2X3,2x3,Maderas
2025-06-09,0.0,0.0,63,MADERA-2X3,2x3,Maderas
2025-06-16,0.0,0.0,63,MADERA-2X3,2x3,Maderas
2025-06-23,0.0,0.0,63,MADERA-2X3,2x3,Maderas
2025-06-30,0.0,0.0,63,MADERA-2X3,2x3,Maderas
2025-07-07,0.0,0.0,63,MADERA-2X3,2x3,Maderas
2025-07-14,0.0,0.0,63,MADERA-2X3,2x3,Maderas
2025-07-21,2.0,6033.61,63,MADERA-2X3,2x3,Maderas
2025-07-28,0.0,0.0,63,MADERA-2X3,2x3,Maderas
2025-08-04,0.0,0.0,63,MADERA-2X3,2x3,Maderas
2025-08-11,0.0,0.0,63,MADERA-2X3,2x3,Maderas
2025-08-18,0.0,0.0,63,MADERA-2X3,2x3,Maderas
2025-08-25,0.0,0.0,63,MADERA-2X3,2x3,Maderas
2025-09-01,0.0,0.0,63,MADERA-2X3,2x3,Maderas
2025-09-08,0.0,0.0,63,MADERA-2X3,2x3,Maderas
2025-09-15,0.0,0.0,63,MADERA-2X3,2x3,Maderas
2025-09-22,0.0,0.0,63,MADERA-2X3,2x3,Maderas
2025-09-29,0.0,0.0,63,MADERA-2X3,2x3,Maderas
2025-10-06,0.0,0.0,63,MADERA-2X3,2x3,Maderas
2025-10-13,0.0,0.0,63,MADERA-2X3,2x3,Maderas
2025-10-20,0.0,0.0,63,MADERA-2X3,2x3,Maderas
2025-10-27,0.0,0.0,63,MADERA-2X3,2x3,Maderas
2025-11-03,0.0,0.0,63,MADERA-2X3,2x3,Maderas
2025-11-10,0.0,0.0,63,MADERA-2X3,2x3,Maderas
2025-11-17,0.0,0.0,63,MADERA-2X3,2x3,Maderas
2025-11-24,0.0,0.0,63,MADERA-2X3,2x3,Maderas
2025-12-01,0.0,0.0,63,MADERA-2X3,2x3,Maderas
2025-12-08,0.0,0.0,63,MADERA-2X3,2x3,Maderas
2025-12-15,0.0,0.0,63,MADERA-2X3,2x3,Maderas
2025-12-22,0.0,0.0,63,MADERA-2X3,2x3,Maderas
2025-12-29,0.0,0.0,63,MADERA-2X3,2x3,Maderas
2026-01-05,0.0,0.0,63,MADERA-2X3,2x3,Maderas
2026-01-12,0.0,0.0,63,MADERA-2X3,2x3,Maderas
2026-01-19,0.0,0.0,63,MADERA-2X3,2x3,Maderas
2026-01-26,0.0,0.0,63,MADERA-2X3,2x3,Maderas
2026-02-02,0.0,0.0,63,MADERA-2X3,2x3,Maderas
2026-02-09,0.0,0.0,63,MADERA-2X3,2x3,Maderas
2026-02-16,0.0,0.0,63,MADERA-2X3,2x3,Maderas
2026-02-23,0.0,0.0,63,MADERA-2X3,2x3,Maderas
2026-03-02,0.0,0.0,63,MADERA-2X3,2x3,Maderas
2026-03-09,0.0,0.0,63,MADERA-2X3,2x3,Maderas
2026-03-16,0.0,0.0,63,MADERA-2X3,2x3,Maderas
2026-03-23,0.0,0.0,63,MADERA-2X3,2x3,Maderas
2026-03-30,0.0,0.0,63,MADERA-2X3,2x3,Maderas
2026-04-06,0.0,0.0,63,MADERA-2X3,2x3,Maderas
2026-04-13,0.0,0.0,63,MADERA-2X3,2x3,Maderas
2026-04-20,0.0,0.0,63,MADERA-2X3,2x3,Maderas
2026-04-27,0.0,0.0,63,MADERA-2X3,2x3,Maderas
2026-05-04,0.0,0.0,63,MADERA-2X3,2x3,Maderas
2026-05-11,0.0,0.0,63,MADERA-2X3,2x3,Maderas
2026-05-18,0.0,0.0,63,MADERA-2X3,2x3,Maderas
2026-05-25,0.0,0.0,63,MADERA-2X3,2x3,Maderas
2026-06-01,0.0,0.0,63,MADERA-2X3,2x3,Maderas
2026-06-08,0.0,0.0,63,MADERA-2X3,2x3,Maderas
2026-06-15,0.0,0.0,63,MADERA-2X3,2x3,Maderas
2026-06-22,0.0,0.0,63,MADERA-2X3,2x3,Maderas
2026-06-29,0.0,0.0,63,MADERA-2X3,2x3,Maderas
2026-07-06,0.0,0.0,63,MADERA-2X3,2x3,Maderas
2022-09-26,49.0,230176.47,64,TERRAZA-4,Terraza 4',Maderas
2022-10-03,0.0,0.0,64,TERRAZA-4,Terraza 4',Maderas
2022-10-10,0.0,0.0,64,TERRAZA-4,Terraza 4',Maderas
2022-10-17,0.0,0.0,64,TERRAZA-4,Terraza 4',Maderas
2022-10-24,4.0,18789.92,64,TERRAZA-4,Terraza 4',Maderas
2022-10-31,0.0,0.0,64,TERRAZA-4,Terraza 4',Maderas
2022-11-07,0.0,0.0,64,TERRAZA-4,Terraza 4',Maderas
2022-11-14,0.0,0.0,64,TERRAZA-4,Terraza 4',Maderas
2022-11-21,0.0,0.0,64,TERRAZA-4,Terraza 4',Maderas
2022-11-28,6.0,28184.87,64,TERRAZA-4,Terraza 4',Maderas
2022-12-05,0.0,0.0,64,TERRAZA-4,Terraza 4',Maderas
2022-12-12,1.0,4697.48,64,TERRAZA-4,Terraza 4',Maderas
2022-12-19,0.0,0.0,64,TERRAZA-4,Terraza 4',Maderas
2022-12-26,0.0,0.0,64,TERRAZA-4,Terraza 4',Maderas
2023-01-02,0.0,0.0,64,TERRAZA-4,Terraza 4',Maderas
2023-01-09,14.0,65764.71,64,TERRAZA-4,Terraza 4',Maderas
2023-01-16,0.0,0.0,64,TERRAZA-4,Terraza 4',Maderas
2023-01-23,11.0,51672.27,64,TERRAZA-4,Terraza 4',Maderas
2023-01-30,0.0,0.0,64,TERRAZA-4,Terraza 4',Maderas
2023-02-06,0.0,0.0,64,TERRAZA-4,Terraza 4',Maderas
2023-02-13,92.0,432168.06999999995,64,TERRAZA-4,Terraza 4',Maderas
2023-02-20,7.0,32882.35,64,TERRAZA-4,Terraza 4',Maderas
2023-02-27,0.0,0.0,64,TERRAZA-4,Terraza 4',Maderas
2023-03-06,0.0,0.0,64,TERRAZA-4,Terraza 4',Maderas
2023-03-13,0.0,0.0,64,TERRAZA-4,Terraza 4',Maderas
2023-03-20,0.0,0.0,64,TERRAZA-4,Terraza 4',Maderas
2023-03-27,0.0,0.0,64,TERRAZA-4,Terraza 4',Maderas
2023-04-03,0.0,0.0,64,TERRAZA-4,Terraza 4',Maderas
2023-04-10,0.0,0.0,64,TERRAZA-4,Terraza 4',Maderas
2023-04-17,0.0,0.0,64,TERRAZA-4,Terraza 4',Maderas
2023-04-24,0.0,0.0,64,TERRAZA-4,Terraza 4',Maderas
2023-05-01,0.0,0.0,64,TERRAZA-4,Terraza 4',Maderas
2023-05-08,1.0,4697.48,64,TERRAZA-4,Terraza 4',Maderas
2023-05-15,0.0,0.0,64,TERRAZA-4,Terraza 4',Maderas
2023-05-22,0.0,0.0,64,TERRAZA-4,Terraza 4',Maderas
2023-05-29,15.0,70462.18,64,TERRAZA-4,Terraza 4',Maderas
2023-06-05,3.0,14092.44,64,TERRAZA-4,Terraza 4',Maderas
2023-06-12,0.0,0.0,64,TERRAZA-4,Terraza 4',Maderas
2023-06-19,0.0,0.0,64,TERRAZA-4,Terraza 4',Maderas
2023-06-26,0.0,0.0,64,TERRAZA-4,Terraza 4',Maderas
2023-07-03,0.0,0.0,64,TERRAZA-4,Terraza 4',Maderas
2023-07-10,0.0,0.0,64,TERRAZA-4,Terraza 4',Maderas
2023-07-17,0.0,0.0,64,TERRAZA-4,Terraza 4',Maderas
2023-07-24,0.0,0.0,64,TERRAZA-4,Terraza 4',Maderas
2023-07-31,0.0,0.0,64,TERRAZA-4,Terraza 4',Maderas
2023-08-07,0.0,0.0,64,TERRAZA-4,Terraza 4',Maderas
2023-08-14,0.0,0.0,64,TERRAZA-4,Terraza 4',Maderas
2023-08-21,0.0,0.0,64,TERRAZA-4,Terraza 4',Maderas
2023-08-28,1.0,4697.48,64,TERRAZA-4,Terraza 4',Maderas
2023-09-04,0.0,0.0,64,TERRAZA-4,Terraza 4',Maderas
2023-09-11,0.0,0.0,64,TERRAZA-4,Terraza 4',Maderas
2023-09-18,0.0,0.0,64,TERRAZA-4,Terraza 4',Maderas
2023-09-25,2.0,9394.96,64,TERRAZA-4,Terraza 4',Maderas
2023-10-02,12.0,56369.75,64,TERRAZA-4,Terraza 4',Maderas
2023-10-09,0.0,0.0,64,TERRAZA-4,Terraza 4',Maderas
2023-10-16,0.0,0.0,64,TERRAZA-4,Terraza 4',Maderas
2023-10-23,1.0,4697.48,64,TERRAZA-4,Terraza 4',Maderas
2023-10-30,0.0,0.0,64,TERRAZA-4,Terraza 4',Maderas
2023-11-06,0.0,0.0,64,TERRAZA-4,Terraza 4',Maderas
2023-11-13,0.0,0.0,64,TERRAZA-4,Terraza 4',Maderas
2023-11-20,0.0,0.0,64,TERRAZA-4,Terraza 4',Maderas
2023-11-27,56.0,263058.82,64,TERRAZA-4,Terraza 4',Maderas
2023-12-04,0.0,0.0,64,TERRAZA-4,Terraza 4',Maderas
2023-12-11,0.0,0.0,64,TERRAZA-4,Terraza 4',Maderas
2023-12-18,0.0,0.0,64,TERRAZA-4,Terraza 4',Maderas
2023-12-25,0.0,0.0,64,TERRAZA-4,Terraza 4',Maderas
2024-01-01,0.0,0.0,64,TERRAZA-4,Terraza 4',Maderas
2024-01-08,0.0,0.0,64,TERRAZA-4,Terraza 4',Maderas
2024-01-15,0.0,0.0,64,TERRAZA-4,Terraza 4',Maderas
2024-01-22,2.0,9394.96,64,TERRAZA-4,Terraza 4',Maderas
2024-01-29,0.0,0.0,64,TERRAZA-4,Terraza 4',Maderas
2024-02-05,0.0,0.0,64,TERRAZA-4,Terraza 4',Maderas
2024-02-12,0.0,0.0,64,TERRAZA-4,Terraza 4',Maderas
2024-02-19,0.0,0.0,64,TERRAZA-4,Terraza 4',Maderas
2024-02-26,0.0,0.0,64,TERRAZA-4,Terraza 4',Maderas
2024-03-04,13.0,61067.23,64,TERRAZA-4,Terraza 4',Maderas
2024-03-11,0.0,0.0,64,TERRAZA-4,Terraza 4',Maderas
2024-03-18,0.0,0.0,64,TERRAZA-4,Terraza 4',Maderas
2024-03-25,0.0,0.0,64,TERRAZA-4,Terraza 4',Maderas
2024-04-01,0.0,0.0,64,TERRAZA-4,Terraza 4',Maderas
2024-04-08,0.0,0.0,64,TERRAZA-4,Terraza 4',Maderas
2024-04-15,0.0,0.0,64,TERRAZA-4,Terraza 4',Maderas
2024-04-22,0.0,0.0,64,TERRAZA-4,Terraza 4',Maderas
2024-04-29,0.0,0.0,64,TERRAZA-4,Terraza 4',Maderas
2024-05-06,0.0,0.0,64,TERRAZA-4,Terraza 4',Maderas
2024-05-13,0.0,0.0,64,TERRAZA-4,Terraza 4',Maderas
2024-05-20,0.0,0.0,64,TERRAZA-4,Terraza 4',Maderas
2024-05-27,1.0,4697.48,64,TERRAZA-4,Terraza 4',Maderas
2024-06-03,0.0,0.0,64,TERRAZA-4,Terraza 4',Maderas
2024-06-10,0.0,0.0,64,TERRAZA-4,Terraza 4',Maderas
2024-06-17,0.0,0.0,64,TERRAZA-4,Terraza 4',Maderas
2024-06-24,0.0,0.0,64,TERRAZA-4,Terraza 4',Maderas
2024-07-01,0.0,0.0,64,TERRAZA-4,Terraza 4',Maderas
2024-07-08,0.0,0.0,64,TERRAZA-4,Terraza 4',Maderas
2024-07-15,0.0,0.0,64,TERRAZA-4,Terraza 4',Maderas
2024-07-22,0.0,0.0,64,TERRAZA-4,Terraza 4',Maderas
2024-07-29,0.0,0.0,64,TERRAZA-4,Terraza 4',Maderas
2024-08-05,0.0,0.0,64,TERRAZA-4,Terraza 4',Maderas
2024-08-12,0.0,0.0,64,TERRAZA-4,Terraza 4',Maderas
2024-08-19,0.0,0.0,64,TERRAZA-4,Terraza 4',Maderas
2024-08-26,0.0,0.0,64,TERRAZA-4,Terraza 4',Maderas
2024-09-02,0.0,0.0,64,TERRAZA-4,Terraza 4',Maderas
2024-09-09,0.0,0.0,64,TERRAZA-4,Terraza 4',Maderas
2024-09-16,0.0,0.0,64,TERRAZA-4,Terraza 4',Maderas
2024-09-23,0.0,0.0,64,TERRAZA-4,Terraza 4',Maderas
2024-09-30,0.0,0.0,64,TERRAZA-4,Terraza 4',Maderas
2024-10-07,0.0,0.0,64,TERRAZA-4,Terraza 4',Maderas
2024-10-14,0.0,0.0,64,TERRAZA-4,Terraza 4',Maderas
2024-10-21,0.0,0.0,64,TERRAZA-4,Terraza 4',Maderas
2024-10-28,0.0,0.0,64,TERRAZA-4,Terraza 4',Maderas
2024-11-04,12.0,56369.75,64,TERRAZA-4,Terraza 4',Maderas
2024-11-11,0.0,0.0,64,TERRAZA-4,Terraza 4',Maderas
2024-11-18,0.0,0.0,64,TERRAZA-4,Terraza 4',Maderas
2024-11-25,0.0,0.0,64,TERRAZA-4,Terraza 4',Maderas
2024-12-02,0.0,0.0,64,TERRAZA-4,Terraza 4',Maderas
2024-12-09,0.0,0.0,64,TERRAZA-4,Terraza 4',Maderas
2024-12-16,0.0,0.0,64,TERRAZA-4,Terraza 4',Maderas
2024-12-23,0.0,0.0,64,TERRAZA-4,Terraza 4',Maderas
2024-12-30,0.0,0.0,64,TERRAZA-4,Terraza 4',Maderas
2025-01-06,0.0,0.0,64,TERRAZA-4,Terraza 4',Maderas
2025-01-13,0.0,0.0,64,TERRAZA-4,Terraza 4',Maderas
2025-01-20,0.0,0.0,64,TERRAZA-4,Terraza 4',Maderas
2025-01-27,0.0,0.0,64,TERRAZA-4,Terraza 4',Maderas
2025-02-03,0.0,0.0,64,TERRAZA-4,Terraza 4',Maderas
2025-02-10,0.0,0.0,64,TERRAZA-4,Terraza 4',Maderas
2025-02-17,0.0,0.0,64,TERRAZA-4,Terraza 4',Maderas
2025-02-24,0.0,0.0,64,TERRAZA-4,Terraza 4',Maderas
2025-03-03,2.0,9394.96,64,TERRAZA-4,Terraza 4',Maderas
2025-03-10,0.0,0.0,64,TERRAZA-4,Terraza 4',Maderas
2025-03-17,40.0,187899.16,64,TERRAZA-4,Terraza 4',Maderas
2025-03-24,0.0,0.0,64,TERRAZA-4,Terraza 4',Maderas
2025-03-31,0.0,0.0,64,TERRAZA-4,Terraza 4',Maderas
2025-04-07,6.0,28184.87,64,TERRAZA-4,Terraza 4',Maderas
2025-04-14,0.0,0.0,64,TERRAZA-4,Terraza 4',Maderas
2025-04-21,0.0,0.0,64,TERRAZA-4,Terraza 4',Maderas
2025-04-28,0.0,0.0,64,TERRAZA-4,Terraza 4',Maderas
2025-05-05,0.0,0.0,64,TERRAZA-4,Terraza 4',Maderas
2025-05-12,0.0,0.0,64,TERRAZA-4,Terraza 4',Maderas
2025-05-19,0.0,0.0,64,TERRAZA-4,Terraza 4',Maderas
2025-05-26,0.0,0.0,64,TERRAZA-4,Terraza 4',Maderas
2025-06-02,0.0,0.0,64,TERRAZA-4,Terraza 4',Maderas
2025-06-09,0.0,0.0,64,TERRAZA-4,Terraza 4',Maderas
2025-06-16,0.0,0.0,64,TERRAZA-4,Terraza 4',Maderas
2025-06-23,0.0,0.0,64,TERRAZA-4,Terraza 4',Maderas
2025-06-30,0.0,0.0,64,TERRAZA-4,Terraza 4',Maderas
2025-07-07,0.0,0.0,64,TERRAZA-4,Terraza 4',Maderas
2025-07-14,0.0,0.0,64,TERRAZA-4,Terraza 4',Maderas
2025-07-21,0.0,0.0,64,TERRAZA-4,Terraza 4',Maderas
2025-07-28,0.0,0.0,64,TERRAZA-4,Terraza 4',Maderas
2025-08-04,0.0,0.0,64,TERRAZA-4,Terraza 4',Maderas
2025-08-11,0.0,0.0,64,TERRAZA-4,Terraza 4',Maderas
2025-08-18,0.0,0.0,64,TERRAZA-4,Terraza 4',Maderas
2025-08-25,0.0,0.0,64,TERRAZA-4,Terraza 4',Maderas
2025-09-01,0.0,0.0,64,TERRAZA-4,Terraza 4',Maderas
2025-09-08,0.0,0.0,64,TERRAZA-4,Terraza 4',Maderas
2025-09-15,0.0,0.0,64,TERRAZA-4,Terraza 4',Maderas
2025-09-22,0.0,0.0,64,TERRAZA-4,Terraza 4',Maderas
2025-09-29,0.0,0.0,64,TERRAZA-4,Terraza 4',Maderas
2025-10-06,0.0,0.0,64,TERRAZA-4,Terraza 4',Maderas
2025-10-13,0.0,0.0,64,TERRAZA-4,Terraza 4',Maderas
2025-10-20,0.0,0.0,64,TERRAZA-4,Terraza 4',Maderas
2025-10-27,0.0,0.0,64,TERRAZA-4,Terraza 4',Maderas
2025-11-03,0.0,0.0,64,TERRAZA-4,Terraza 4',Maderas
2025-11-10,0.0,0.0,64,TERRAZA-4,Terraza 4',Maderas
2025-11-17,0.0,0.0,64,TERRAZA-4,Terraza 4',Maderas
2025-11-24,0.0,0.0,64,TERRAZA-4,Terraza 4',Maderas
2025-12-01,0.0,0.0,64,TERRAZA-4,Terraza 4',Maderas
2025-12-08,0.0,0.0,64,TERRAZA-4,Terraza 4',Maderas
2025-12-15,0.0,0.0,64,TERRAZA-4,Terraza 4',Maderas
2025-12-22,0.0,0.0,64,TERRAZA-4,Terraza 4',Maderas
2025-12-29,0.0,0.0,64,TERRAZA-4,Terraza 4',Maderas
2026-01-05,0.0,0.0,64,TERRAZA-4,Terraza 4',Maderas
2026-01-12,0.0,0.0,64,TERRAZA-4,Terraza 4',Maderas
2026-01-19,0.0,0.0,64,TERRAZA-4,Terraza 4',Maderas
2026-01-26,0.0,0.0,64,TERRAZA-4,Terraza 4',Maderas
2026-02-02,0.0,0.0,64,TERRAZA-4,Terraza 4',Maderas
2026-02-09,0.0,0.0,64,TERRAZA-4,Terraza 4',Maderas
2026-02-16,0.0,0.0,64,TERRAZA-4,Terraza 4',Maderas
2026-02-23,0.0,0.0,64,TERRAZA-4,Terraza 4',Maderas
2026-03-02,0.0,0.0,64,TERRAZA-4,Terraza 4',Maderas
2026-03-09,0.0,0.0,64,TERRAZA-4,Terraza 4',Maderas
2026-03-16,0.0,0.0,64,TERRAZA-4,Terraza 4',Maderas
2026-03-23,0.0,0.0,64,TERRAZA-4,Terraza 4',Maderas
2026-03-30,0.0,0.0,64,TERRAZA-4,Terraza 4',Maderas
2026-04-06,0.0,0.0,64,TERRAZA-4,Terraza 4',Maderas
2026-04-13,0.0,0.0,64,TERRAZA-4,Terraza 4',Maderas
2026-04-20,0.0,0.0,64,TERRAZA-4,Terraza 4',Maderas
2026-04-27,0.0,0.0,64,TERRAZA-4,Terraza 4',Maderas
2026-05-04,0.0,0.0,64,TERRAZA-4,Terraza 4',Maderas
2026-05-11,0.0,0.0,64,TERRAZA-4,Terraza 4',Maderas
2026-05-18,0.0,0.0,64,TERRAZA-4,Terraza 4',Maderas
2026-05-25,0.0,0.0,64,TERRAZA-4,Terraza 4',Maderas
2026-06-01,0.0,0.0,64,TERRAZA-4,Terraza 4',Maderas
2026-06-08,0.0,0.0,64,TERRAZA-4,Terraza 4',Maderas
2026-06-15,0.0,0.0,64,TERRAZA-4,Terraza 4',Maderas
2026-06-22,0.0,0.0,64,TERRAZA-4,Terraza 4',Maderas
2026-06-29,0.0,0.0,64,TERRAZA-4,Terraza 4',Maderas
2026-07-06,0.0,0.0,64,TERRAZA-4,Terraza 4',Maderas
2022-11-14,6.0,85663.86,65,LANA-VIDRIO,Lana de Vidrio,Aislación
2022-11-21,1.0,14277.31,65,LANA-VIDRIO,Lana de Vidrio,Aislación
2022-11-28,0.0,0.0,65,LANA-VIDRIO,Lana de Vidrio,Aislación
2022-12-05,4.0,57109.24,65,LANA-VIDRIO,Lana de Vidrio,Aislación
2022-12-12,14.0,199882.35,65,LANA-VIDRIO,Lana de Vidrio,Aislación
2022-12-19,28.0,399764.7,65,LANA-VIDRIO,Lana de Vidrio,Aislación
2022-12-26,9.0,128495.79999999999,65,LANA-VIDRIO,Lana de Vidrio,Aislación
2023-01-02,1.0,14277.31,65,LANA-VIDRIO,Lana de Vidrio,Aislación
2023-01-09,14.0,199882.35,65,LANA-VIDRIO,Lana de Vidrio,Aislación
2023-01-16,28.0,399764.70999999996,65,LANA-VIDRIO,Lana de Vidrio,Aislación
2023-01-23,17.0,242714.28999999998,65,LANA-VIDRIO,Lana de Vidrio,Aislación
2023-01-30,9.0,128495.79999999999,65,LANA-VIDRIO,Lana de Vidrio,Aislación
2023-02-06,2.0,28554.62,65,LANA-VIDRIO,Lana de Vidrio,Aislación
2023-02-13,1.0,14277.31,65,LANA-VIDRIO,Lana de Vidrio,Aislación
2023-02-20,15.0,214159.66,65,LANA-VIDRIO,Lana de Vidrio,Aislación
2023-02-27,8.0,114218.48000000001,65,LANA-VIDRIO,Lana de Vidrio,Aislación
2023-03-06,0.0,0.0,65,LANA-VIDRIO,Lana de Vidrio,Aislación
2023-03-13,3.0,42831.93,65,LANA-VIDRIO,Lana de Vidrio,Aislación
2023-03-20,5.0,71386.55,65,LANA-VIDRIO,Lana de Vidrio,Aislación
2023-03-27,4.0,57109.24,65,LANA-VIDRIO,Lana de Vidrio,Aislación
2023-04-03,3.0,42831.93,65,LANA-VIDRIO,Lana de Vidrio,Aislación
2023-04-10,11.0,157050.41999999998,65,LANA-VIDRIO,Lana de Vidrio,Aislación
2023-04-17,8.0,114218.48999999999,65,LANA-VIDRIO,Lana de Vidrio,Aislación
2023-04-24,0.0,0.0,65,LANA-VIDRIO,Lana de Vidrio,Aislación
2023-05-01,9.0,128495.79999999999,65,LANA-VIDRIO,Lana de Vidrio,Aislación
2023-05-08,3.0,42831.93,65,LANA-VIDRIO,Lana de Vidrio,Aislación
2023-05-15,2.0,28554.62,65,LANA-VIDRIO,Lana de Vidrio,Aislación
2023-05-22,0.0,0.0,65,LANA-VIDRIO,Lana de Vidrio,Aislación
2023-05-29,0.0,0.0,65,LANA-VIDRIO,Lana de Vidrio,Aislación
2023-06-05,8.0,114218.49,65,LANA-VIDRIO,Lana de Vidrio,Aislación
2023-06-12,8.0,114218.49,65,LANA-VIDRIO,Lana de Vidrio,Aislación
2023-06-19,1.0,14277.31,65,LANA-VIDRIO,Lana de Vidrio,Aislación
2023-06-26,0.0,0.0,65,LANA-VIDRIO,Lana de Vidrio,Aislación
2023-07-03,6.0,85663.86,65,LANA-VIDRIO,Lana de Vidrio,Aislación
2023-07-10,4.0,57109.24,65,LANA-VIDRIO,Lana de Vidrio,Aislación
2023-07-17,2.0,28554.62,65,LANA-VIDRIO,Lana de Vidrio,Aislación
2023-07-24,6.0,85663.87,65,LANA-VIDRIO,Lana de Vidrio,Aislación
2023-07-31,1.0,14277.31,65,LANA-VIDRIO,Lana de Vidrio,Aislación
2023-08-07,0.0,0.0,65,LANA-VIDRIO,Lana de Vidrio,Aislación
2023-08-14,0.0,0.0,65,LANA-VIDRIO,Lana de Vidrio,Aislación
2023-08-21,0.0,0.0,65,LANA-VIDRIO,Lana de Vidrio,Aislación
2023-08-28,0.0,0.0,65,LANA-VIDRIO,Lana de Vidrio,Aislación
2023-09-04,0.0,0.0,65,LANA-VIDRIO,Lana de Vidrio,Aislación
2023-09-11,0.0,0.0,65,LANA-VIDRIO,Lana de Vidrio,Aislación
2023-09-18,1.0,14277.31,65,LANA-VIDRIO,Lana de Vidrio,Aislación
2023-09-25,0.0,0.0,65,LANA-VIDRIO,Lana de Vidrio,Aislación
2023-10-02,0.0,0.0,65,LANA-VIDRIO,Lana de Vidrio,Aislación
2023-10-09,1.0,14277.31,65,LANA-VIDRIO,Lana de Vidrio,Aislación
2023-10-16,0.0,0.0,65,LANA-VIDRIO,Lana de Vidrio,Aislación
2023-10-23,0.0,0.0,65,LANA-VIDRIO,Lana de Vidrio,Aislación
2023-10-30,0.0,0.0,65,LANA-VIDRIO,Lana de Vidrio,Aislación
2023-11-06,0.0,0.0,65,LANA-VIDRIO,Lana de Vidrio,Aislación
2023-11-13,0.0,0.0,65,LANA-VIDRIO,Lana de Vidrio,Aislación
2023-11-20,0.0,0.0,65,LANA-VIDRIO,Lana de Vidrio,Aislación
2023-11-27,0.0,0.0,65,LANA-VIDRIO,Lana de Vidrio,Aislación
2023-12-04,0.0,0.0,65,LANA-VIDRIO,Lana de Vidrio,Aislación
2023-12-11,0.0,0.0,65,LANA-VIDRIO,Lana de Vidrio,Aislación
2023-12-18,0.0,0.0,65,LANA-VIDRIO,Lana de Vidrio,Aislación
2023-12-25,0.0,0.0,65,LANA-VIDRIO,Lana de Vidrio,Aislación
2024-01-01,10.0,142773.11,65,LANA-VIDRIO,Lana de Vidrio,Aislación
2024-01-08,0.0,0.0,65,LANA-VIDRIO,Lana de Vidrio,Aislación
2024-01-15,0.0,0.0,65,LANA-VIDRIO,Lana de Vidrio,Aislación
2024-01-22,0.0,0.0,65,LANA-VIDRIO,Lana de Vidrio,Aislación
2024-01-29,3.0,42831.93,65,LANA-VIDRIO,Lana de Vidrio,Aislación
2024-02-05,0.0,0.0,65,LANA-VIDRIO,Lana de Vidrio,Aislación
2024-02-12,0.0,0.0,65,LANA-VIDRIO,Lana de Vidrio,Aislación
2024-02-19,0.0,0.0,65,LANA-VIDRIO,Lana de Vidrio,Aislación
2024-02-26,1.0,14277.31,65,LANA-VIDRIO,Lana de Vidrio,Aislación
2024-03-04,0.0,0.0,65,LANA-VIDRIO,Lana de Vidrio,Aislación
2024-03-11,2.0,28554.62,65,LANA-VIDRIO,Lana de Vidrio,Aislación
2024-03-18,8.0,114218.48999999999,65,LANA-VIDRIO,Lana de Vidrio,Aislación
2024-03-25,20.0,285546.22,65,LANA-VIDRIO,Lana de Vidrio,Aislación
2024-04-01,0.0,0.0,65,LANA-VIDRIO,Lana de Vidrio,Aislación
2024-04-08,0.0,0.0,65,LANA-VIDRIO,Lana de Vidrio,Aislación
2024-04-15,3.0,42831.93,65,LANA-VIDRIO,Lana de Vidrio,Aislación
2024-04-22,0.0,0.0,65,LANA-VIDRIO,Lana de Vidrio,Aislación
2024-04-29,7.0,99941.18,65,LANA-VIDRIO,Lana de Vidrio,Aislación
2024-05-06,0.0,0.0,65,LANA-VIDRIO,Lana de Vidrio,Aislación
2024-05-13,0.0,0.0,65,LANA-VIDRIO,Lana de Vidrio,Aislación
2024-05-20,0.0,0.0,65,LANA-VIDRIO,Lana de Vidrio,Aislación
2024-05-27,3.0,42831.93,65,LANA-VIDRIO,Lana de Vidrio,Aislación
2024-06-03,1.0,14277.31,65,LANA-VIDRIO,Lana de Vidrio,Aislación
2024-06-10,0.0,0.0,65,LANA-VIDRIO,Lana de Vidrio,Aislación
2024-06-17,0.0,0.0,65,LANA-VIDRIO,Lana de Vidrio,Aislación
2024-06-24,0.0,0.0,65,LANA-VIDRIO,Lana de Vidrio,Aislación
2024-07-01,1.0,14277.31,65,LANA-VIDRIO,Lana de Vidrio,Aislación
2024-07-08,2.0,28554.62,65,LANA-VIDRIO,Lana de Vidrio,Aislación
2024-07-15,0.0,0.0,65,LANA-VIDRIO,Lana de Vidrio,Aislación
2024-07-22,2.0,28554.62,65,LANA-VIDRIO,Lana de Vidrio,Aislación
2024-07-29,2.0,28554.62,65,LANA-VIDRIO,Lana de Vidrio,Aislación
2024-08-05,0.0,0.0,65,LANA-VIDRIO,Lana de Vidrio,Aislación
2024-08-12,2.0,28554.62,65,LANA-VIDRIO,Lana de Vidrio,Aislación
2024-08-19,0.0,0.0,65,LANA-VIDRIO,Lana de Vidrio,Aislación
2024-08-26,0.0,0.0,65,LANA-VIDRIO,Lana de Vidrio,Aislación
2024-09-02,10.0,142773.11,65,LANA-VIDRIO,Lana de Vidrio,Aislación
2024-09-09,1.0,14277.31,65,LANA-VIDRIO,Lana de Vidrio,Aislación
2024-09-16,0.0,0.0,65,LANA-VIDRIO,Lana de Vidrio,Aislación
2024-09-23,0.0,0.0,65,LANA-VIDRIO,Lana de Vidrio,Aislación
2024-09-30,0.0,0.0,65,LANA-VIDRIO,Lana de Vidrio,Aislación
2024-10-07,5.0,71386.55,65,LANA-VIDRIO,Lana de Vidrio,Aislación
2024-10-14,0.0,0.0,65,LANA-VIDRIO,Lana de Vidrio,Aislación
2024-10-21,0.0,0.0,65,LANA-VIDRIO,Lana de Vidrio,Aislación
2024-10-28,2.0,28554.62,65,LANA-VIDRIO,Lana de Vidrio,Aislación
2024-11-04,0.0,0.0,65,LANA-VIDRIO,Lana de Vidrio,Aislación
2024-11-11,3.0,42831.93,65,LANA-VIDRIO,Lana de Vidrio,Aislación
2024-11-18,1.0,14277.31,65,LANA-VIDRIO,Lana de Vidrio,Aislación
2024-11-25,1.0,14277.31,65,LANA-VIDRIO,Lana de Vidrio,Aislación
2024-12-02,5.0,71386.55,65,LANA-VIDRIO,Lana de Vidrio,Aislación
2024-12-09,0.0,0.0,65,LANA-VIDRIO,Lana de Vidrio,Aislación
2024-12-16,4.0,57109.24,65,LANA-VIDRIO,Lana de Vidrio,Aislación
2024-12-23,0.0,0.0,65,LANA-VIDRIO,Lana de Vidrio,Aislación
2024-12-30,2.0,28554.62,65,LANA-VIDRIO,Lana de Vidrio,Aislación
2025-01-06,3.0,42831.93,65,LANA-VIDRIO,Lana de Vidrio,Aislación
2025-01-13,0.0,0.0,65,LANA-VIDRIO,Lana de Vidrio,Aislación
2025-01-20,6.0,85663.86,65,LANA-VIDRIO,Lana de Vidrio,Aislación
2025-01-27,1.0,14277.31,65,LANA-VIDRIO,Lana de Vidrio,Aislación
2025-02-03,13.0,185605.03999999998,65,LANA-VIDRIO,Lana de Vidrio,Aislación
2025-02-10,20.0,285546.21,65,LANA-VIDRIO,Lana de Vidrio,Aislación
2025-02-17,4.0,57109.24,65,LANA-VIDRIO,Lana de Vidrio,Aislación
2025-02-24,0.0,0.0,65,LANA-VIDRIO,Lana de Vidrio,Aislación
2025-03-03,4.0,57109.24,65,LANA-VIDRIO,Lana de Vidrio,Aislación
2025-03-10,15.0,214159.65999999997,65,LANA-VIDRIO,Lana de Vidrio,Aislación
2025-03-17,0.0,0.0,65,LANA-VIDRIO,Lana de Vidrio,Aislación
2025-03-24,2.0,28554.62,65,LANA-VIDRIO,Lana de Vidrio,Aislación
2025-03-31,68.0,970857.1499999999,65,LANA-VIDRIO,Lana de Vidrio,Aislación
2025-04-07,2.0,28554.62,65,LANA-VIDRIO,Lana de Vidrio,Aislación
2025-04-14,3.0,42831.93,65,LANA-VIDRIO,Lana de Vidrio,Aislación
2025-04-21,1.0,14277.31,65,LANA-VIDRIO,Lana de Vidrio,Aislación
2025-04-28,0.0,0.0,65,LANA-VIDRIO,Lana de Vidrio,Aislación
2025-05-05,23.0,328378.15,65,LANA-VIDRIO,Lana de Vidrio,Aislación
2025-05-12,55.0,785252.0999999999,65,LANA-VIDRIO,Lana de Vidrio,Aislación
2025-05-19,105.0,1499117.6400000001,65,LANA-VIDRIO,Lana de Vidrio,Aislación
2025-05-26,18.0,256991.6,65,LANA-VIDRIO,Lana de Vidrio,Aislación
2025-06-02,20.0,285546.22,65,LANA-VIDRIO,Lana de Vidrio,Aislación
2025-06-09,75.0,1070798.32,65,LANA-VIDRIO,Lana de Vidrio,Aislación
2025-06-16,0.0,0.0,65,LANA-VIDRIO,Lana de Vidrio,Aislación
2025-06-23,0.0,0.0,65,LANA-VIDRIO,Lana de Vidrio,Aislación
2025-06-30,0.0,0.0,65,LANA-VIDRIO,Lana de Vidrio,Aislación
2025-07-07,0.0,0.0,65,LANA-VIDRIO,Lana de Vidrio,Aislación
2025-07-14,0.0,0.0,65,LANA-VIDRIO,Lana de Vidrio,Aislación
2025-07-21,0.0,0.0,65,LANA-VIDRIO,Lana de Vidrio,Aislación
2025-07-28,0.0,0.0,65,LANA-VIDRIO,Lana de Vidrio,Aislación
2025-08-04,0.0,0.0,65,LANA-VIDRIO,Lana de Vidrio,Aislación
2025-08-11,0.0,0.0,65,LANA-VIDRIO,Lana de Vidrio,Aislación
2025-08-18,0.0,0.0,65,LANA-VIDRIO,Lana de Vidrio,Aislación
2025-08-25,0.0,0.0,65,LANA-VIDRIO,Lana de Vidrio,Aislación
2025-09-01,0.0,0.0,65,LANA-VIDRIO,Lana de Vidrio,Aislación
2025-09-08,0.0,0.0,65,LANA-VIDRIO,Lana de Vidrio,Aislación
2025-09-15,0.0,0.0,65,LANA-VIDRIO,Lana de Vidrio,Aislación
2025-09-22,0.0,0.0,65,LANA-VIDRIO,Lana de Vidrio,Aislación
2025-09-29,0.0,0.0,65,LANA-VIDRIO,Lana de Vidrio,Aislación
2025-10-06,0.0,0.0,65,LANA-VIDRIO,Lana de Vidrio,Aislación
2025-10-13,0.0,0.0,65,LANA-VIDRIO,Lana de Vidrio,Aislación
2025-10-20,0.0,0.0,65,LANA-VIDRIO,Lana de Vidrio,Aislación
2025-10-27,0.0,0.0,65,LANA-VIDRIO,Lana de Vidrio,Aislación
2025-11-03,0.0,0.0,65,LANA-VIDRIO,Lana de Vidrio,Aislación
2025-11-10,0.0,0.0,65,LANA-VIDRIO,Lana de Vidrio,Aislación
2025-11-17,0.0,0.0,65,LANA-VIDRIO,Lana de Vidrio,Aislación
2025-11-24,0.0,0.0,65,LANA-VIDRIO,Lana de Vidrio,Aislación
2025-12-01,0.0,0.0,65,LANA-VIDRIO,Lana de Vidrio,Aislación
2025-12-08,0.0,0.0,65,LANA-VIDRIO,Lana de Vidrio,Aislación
2025-12-15,0.0,0.0,65,LANA-VIDRIO,Lana de Vidrio,Aislación
2025-12-22,0.0,0.0,65,LANA-VIDRIO,Lana de Vidrio,Aislación
2025-12-29,0.0,0.0,65,LANA-VIDRIO,Lana de Vidrio,Aislación
2026-01-05,0.0,0.0,65,LANA-VIDRIO,Lana de Vidrio,Aislación
2026-01-12,0.0,0.0,65,LANA-VIDRIO,Lana de Vidrio,Aislación
2026-01-19,0.0,0.0,65,LANA-VIDRIO,Lana de Vidrio,Aislación
2026-01-26,0.0,0.0,65,LANA-VIDRIO,Lana de Vidrio,Aislación
2026-02-02,0.0,0.0,65,LANA-VIDRIO,Lana de Vidrio,Aislación
2026-02-09,0.0,0.0,65,LANA-VIDRIO,Lana de Vidrio,Aislación
2026-02-16,0.0,0.0,65,LANA-VIDRIO,Lana de Vidrio,Aislación
2026-02-23,0.0,0.0,65,LANA-VIDRIO,Lana de Vidrio,Aislación
2026-03-02,0.0,0.0,65,LANA-VIDRIO,Lana de Vidrio,Aislación
2026-03-09,0.0,0.0,65,LANA-VIDRIO,Lana de Vidrio,Aislación
2026-03-16,0.0,0.0,65,LANA-VIDRIO,Lana de Vidrio,Aislación
2026-03-23,0.0,0.0,65,LANA-VIDRIO,Lana de Vidrio,Aislación
2026-03-30,0.0,0.0,65,LANA-VIDRIO,Lana de Vidrio,Aislación
2026-04-06,0.0,0.0,65,LANA-VIDRIO,Lana de Vidrio,Aislación
2026-04-13,0.0,0.0,65,LANA-VIDRIO,Lana de Vidrio,Aislación
2026-04-20,0.0,0.0,65,LANA-VIDRIO,Lana de Vidrio,Aislación
2026-04-27,0.0,0.0,65,LANA-VIDRIO,Lana de Vidrio,Aislación
2026-05-04,0.0,0.0,65,LANA-VIDRIO,Lana de Vidrio,Aislación
2026-05-11,0.0,0.0,65,LANA-VIDRIO,Lana de Vidrio,Aislación
2026-05-18,0.0,0.0,65,LANA-VIDRIO,Lana de Vidrio,Aislación
2026-05-25,0.0,0.0,65,LANA-VIDRIO,Lana de Vidrio,Aislación
2026-06-01,0.0,0.0,65,LANA-VIDRIO,Lana de Vidrio,Aislación
2026-06-08,0.0,0.0,65,LANA-VIDRIO,Lana de Vidrio,Aislación
2026-06-15,0.0,0.0,65,LANA-VIDRIO,Lana de Vidrio,Aislación
2026-06-22,0.0,0.0,65,LANA-VIDRIO,Lana de Vidrio,Aislación
2026-06-29,0.0,0.0,65,LANA-VIDRIO,Lana de Vidrio,Aislación
2026-07-06,0.0,0.0,65,LANA-VIDRIO,Lana de Vidrio,Aislación
2022-05-30,186.0,561126.05,66,ROLLETE-96,Rollete 96,Accesorios
2022-06-06,4.0,12067.23,66,ROLLETE-96,Rollete 96,Accesorios
2022-06-13,192.0,579226.89,66,ROLLETE-96,Rollete 96,Accesorios
2022-06-20,731.0,2205285.71,66,ROLLETE-96,Rollete 96,Accesorios
2022-06-27,70.0,211176.47,66,ROLLETE-96,Rollete 96,Accesorios
2022-07-04,96.0,289613.44,66,ROLLETE-96,Rollete 96,Accesorios
2022-07-11,5.0,15084.03,66,ROLLETE-96,Rollete 96,Accesorios
2022-07-18,67.0,202126.05000000002,66,ROLLETE-96,Rollete 96,Accesorios
2022-07-25,269.0,811521.01,66,ROLLETE-96,Rollete 96,Accesorios
2022-08-01,347.0,1046831.94,66,ROLLETE-96,Rollete 96,Accesorios
2022-08-08,429.0,1294210.0899999999,66,ROLLETE-96,Rollete 96,Accesorios
2022-08-15,35.0,105588.23,66,ROLLETE-96,Rollete 96,Accesorios
2022-08-22,193.0,582243.7000000001,66,ROLLETE-96,Rollete 96,Accesorios
2022-08-29,183.0,552075.64,66,ROLLETE-96,Rollete 96,Accesorios
2022-09-05,15.0,45252.1,66,ROLLETE-96,Rollete 96,Accesorios
2022-09-12,0.0,0.0,66,ROLLETE-96,Rollete 96,Accesorios
2022-09-19,119.0,359000.01,66,ROLLETE-96,Rollete 96,Accesorios
2022-09-26,57.0,171957.99,66,ROLLETE-96,Rollete 96,Accesorios
2022-10-03,20.0,60336.13,66,ROLLETE-96,Rollete 96,Accesorios
2022-10-10,140.0,422352.93,66,ROLLETE-96,Rollete 96,Accesorios
2022-10-17,139.0,419336.15,66,ROLLETE-96,Rollete 96,Accesorios
2022-10-24,113.0,340899.16,66,ROLLETE-96,Rollete 96,Accesorios
2022-10-31,139.0,419336.13,66,ROLLETE-96,Rollete 96,Accesorios
2022-11-07,246.0,742134.44,66,ROLLETE-96,Rollete 96,Accesorios
2022-11-14,309.0,932193.28,66,ROLLETE-96,Rollete 96,Accesorios
2022-11-21,51.0,153857.15,66,ROLLETE-96,Rollete 96,Accesorios
2022-11-28,57.0,171957.98,66,ROLLETE-96,Rollete 96,Accesorios
2022-12-05,18.0,54302.52,66,ROLLETE-96,Rollete 96,Accesorios
2022-12-12,119.0,359000.0,66,ROLLETE-96,Rollete 96,Accesorios
2022-12-19,102.0,307714.29000000004,66,ROLLETE-96,Rollete 96,Accesorios
2022-12-26,330.0,995546.22,66,ROLLETE-96,Rollete 96,Accesorios
2023-01-02,81.0,244361.34999999998,66,ROLLETE-96,Rollete 96,Accesorios
2023-01-09,105.0,316764.7,66,ROLLETE-96,Rollete 96,Accesorios
2023-01-16,49.0,147823.53,66,ROLLETE-96,Rollete 96,Accesorios
2023-01-23,121.0,365033.61,66,ROLLETE-96,Rollete 96,Accesorios
2023-01-30,19.0,57319.33,66,ROLLETE-96,Rollete 96,Accesorios
2023-02-06,154.0,464588.24,66,ROLLETE-96,Rollete 96,Accesorios
2023-02-13,105.0,316764.71,66,ROLLETE-96,Rollete 96,Accesorios
2023-02-20,80.0,241344.54,66,ROLLETE-96,Rollete 96,Accesorios
2023-02-27,84.0,253411.76,66,ROLLETE-96,Rollete 96,Accesorios
2023-03-06,9.0,27151.260000000002,66,ROLLETE-96,Rollete 96,Accesorios
2023-03-13,6.0,18100.84,66,ROLLETE-96,Rollete 96,Accesorios
2023-03-20,50.0,150840.33,66,ROLLETE-96,Rollete 96,Accesorios
2023-03-27,40.0,120672.27,66,ROLLETE-96,Rollete 96,Accesorios
2023-04-03,14.0,42235.29,66,ROLLETE-96,Rollete 96,Accesorios
2023-04-10,43.0,129722.69,66,ROLLETE-96,Rollete 96,Accesorios
2023-04-17,69.0,208159.66,66,ROLLETE-96,Rollete 96,Accesorios
2023-04-24,0.0,0.0,66,ROLLETE-96,Rollete 96,Accesorios
2023-05-01,0.0,0.0,66,ROLLETE-96,Rollete 96,Accesorios
2023-05-08,19.0,57319.33,66,ROLLETE-96,Rollete 96,Accesorios
2023-05-15,35.0,105588.24,66,ROLLETE-96,Rollete 96,Accesorios
2023-05-22,6.0,18100.84,66,ROLLETE-96,Rollete 96,Accesorios
2023-05-29,0.0,0.0,66,ROLLETE-96,Rollete 96,Accesorios
2023-06-05,0.0,0.0,66,ROLLETE-96,Rollete 96,Accesorios
2023-06-12,4.0,12067.23,66,ROLLETE-96,Rollete 96,Accesorios
2023-06-19,3.0,9050.42,66,ROLLETE-96,Rollete 96,Accesorios
2023-06-26,0.0,0.0,66,ROLLETE-96,Rollete 96,Accesorios
2023-07-03,20.0,60336.13,66,ROLLETE-96,Rollete 96,Accesorios
2023-07-10,6.0,18100.84,66,ROLLETE-96,Rollete 96,Accesorios
2023-07-17,5.0,15084.03,66,ROLLETE-96,Rollete 96,Accesorios
2023-07-24,2.0,6033.61,66,ROLLETE-96,Rollete 96,Accesorios
2023-07-31,6.0,18100.84,66,ROLLETE-96,Rollete 96,Accesorios
2023-08-07,7.0,21117.65,66,ROLLETE-96,Rollete 96,Accesorios
2023-08-14,0.0,0.0,66,ROLLETE-96,Rollete 96,Accesorios
2023-08-21,45.0,135756.3,66,ROLLETE-96,Rollete 96,Accesorios
2023-08-28,0.0,0.0,66,ROLLETE-96,Rollete 96,Accesorios
2023-09-04,0.0,0.0,66,ROLLETE-96,Rollete 96,Accesorios
2023-09-11,14.0,42235.29,66,ROLLETE-96,Rollete 96,Accesorios
2023-09-18,3.0,9050.42,66,ROLLETE-96,Rollete 96,Accesorios
2023-09-25,15.0,45252.1,66,ROLLETE-96,Rollete 96,Accesorios
2023-10-02,2.0,6033.61,66,ROLLETE-96,Rollete 96,Accesorios
2023-10-09,12.0,36201.68,66,ROLLETE-96,Rollete 96,Accesorios
2023-10-16,13.0,39218.49,66,ROLLETE-96,Rollete 96,Accesorios
2023-10-23,8.0,24134.45,66,ROLLETE-96,Rollete 96,Accesorios
2023-10-30,0.0,0.0,66,ROLLETE-96,Rollete 96,Accesorios
2023-11-06,0.0,0.0,66,ROLLETE-96,Rollete 96,Accesorios
2023-11-13,0.0,0.0,66,ROLLETE-96,Rollete 96,Accesorios
2023-11-20,0.0,0.0,66,ROLLETE-96,Rollete 96,Accesorios
2023-11-27,10.0,30168.07,66,ROLLETE-96,Rollete 96,Accesorios
2023-12-04,15.0,45252.1,66,ROLLETE-96,Rollete 96,Accesorios
2023-12-11,2.0,6033.61,66,ROLLETE-96,Rollete 96,Accesorios
2023-12-18,0.0,0.0,66,ROLLETE-96,Rollete 96,Accesorios
2023-12-25,50.0,150840.34,66,ROLLETE-96,Rollete 96,Accesorios
2024-01-01,41.0,123689.08,66,ROLLETE-96,Rollete 96,Accesorios
2024-01-08,14.0,42235.29,66,ROLLETE-96,Rollete 96,Accesorios
2024-01-15,0.0,0.0,66,ROLLETE-96,Rollete 96,Accesorios
2024-01-22,0.0,0.0,66,ROLLETE-96,Rollete 96,Accesorios
2024-01-29,34.0,102571.43,66,ROLLETE-96,Rollete 96,Accesorios
2024-02-05,0.0,0.0,66,ROLLETE-96,Rollete 96,Accesorios
2024-02-12,0.0,0.0,66,ROLLETE-96,Rollete 96,Accesorios
2024-02-19,6.0,18100.84,66,ROLLETE-96,Rollete 96,Accesorios
2024-02-26,20.0,60336.13,66,ROLLETE-96,Rollete 96,Accesorios
2024-03-04,10.0,30168.07,66,ROLLETE-96,Rollete 96,Accesorios
2024-03-11,66.0,199109.25,66,ROLLETE-96,Rollete 96,Accesorios
2024-03-18,0.0,0.0,66,ROLLETE-96,Rollete 96,Accesorios
2024-03-25,5.0,15084.03,66,ROLLETE-96,Rollete 96,Accesorios
2024-04-01,20.0,60336.13,66,ROLLETE-96,Rollete 96,Accesorios
2024-04-08,0.0,0.0,66,ROLLETE-96,Rollete 96,Accesorios
2024-04-15,0.0,0.0,66,ROLLETE-96,Rollete 96,Accesorios
2024-04-22,0.0,0.0,66,ROLLETE-96,Rollete 96,Accesorios
2024-04-29,0.0,0.0,66,ROLLETE-96,Rollete 96,Accesorios
2024-05-06,10.0,30168.07,66,ROLLETE-96,Rollete 96,Accesorios
2024-05-13,0.0,0.0,66,ROLLETE-96,Rollete 96,Accesorios
2024-05-20,0.0,0.0,66,ROLLETE-96,Rollete 96,Accesorios
2024-05-27,0.0,0.0,66,ROLLETE-96,Rollete 96,Accesorios
2024-06-03,0.0,0.0,66,ROLLETE-96,Rollete 96,Accesorios
2024-06-10,0.0,0.0,66,ROLLETE-96,Rollete 96,Accesorios
2024-06-17,0.0,0.0,66,ROLLETE-96,Rollete 96,Accesorios
2024-06-24,25.0,75420.16,66,ROLLETE-96,Rollete 96,Accesorios
2024-07-01,0.0,0.0,66,ROLLETE-96,Rollete 96,Accesorios
2024-07-08,0.0,0.0,66,ROLLETE-96,Rollete 96,Accesorios
2024-07-15,1.0,3016.81,66,ROLLETE-96,Rollete 96,Accesorios
2024-07-22,0.0,0.0,66,ROLLETE-96,Rollete 96,Accesorios
2024-07-29,0.0,0.0,66,ROLLETE-96,Rollete 96,Accesorios
2024-08-05,26.0,78436.97,66,ROLLETE-96,Rollete 96,Accesorios
2024-08-12,0.0,0.0,66,ROLLETE-96,Rollete 96,Accesorios
2024-08-19,19.0,57319.33,66,ROLLETE-96,Rollete 96,Accesorios
2024-08-26,21.0,63352.939999999995,66,ROLLETE-96,Rollete 96,Accesorios
2024-09-02,0.0,0.0,66,ROLLETE-96,Rollete 96,Accesorios
2024-09-09,2.0,6033.61,66,ROLLETE-96,Rollete 96,Accesorios
2024-09-16,0.0,0.0,66,ROLLETE-96,Rollete 96,Accesorios
2024-09-23,1.0,3016.81,66,ROLLETE-96,Rollete 96,Accesorios
2024-09-30,10.0,30168.07,66,ROLLETE-96,Rollete 96,Accesorios
2024-10-07,0.0,0.0,66,ROLLETE-96,Rollete 96,Accesorios
2024-10-14,0.0,0.0,66,ROLLETE-96,Rollete 96,Accesorios
2024-10-21,4.0,12067.23,66,ROLLETE-96,Rollete 96,Accesorios
2024-10-28,120.0,362016.81,66,ROLLETE-96,Rollete 96,Accesorios
2024-11-04,0.0,0.0,66,ROLLETE-96,Rollete 96,Accesorios
2024-11-11,0.0,0.0,66,ROLLETE-96,Rollete 96,Accesorios
2024-11-18,22.0,66369.73999999999,66,ROLLETE-96,Rollete 96,Accesorios
2024-11-25,1.0,3016.81,66,ROLLETE-96,Rollete 96,Accesorios
2024-12-02,33.0,99554.62,66,ROLLETE-96,Rollete 96,Accesorios
2024-12-09,0.0,0.0,66,ROLLETE-96,Rollete 96,Accesorios
2024-12-16,0.0,0.0,66,ROLLETE-96,Rollete 96,Accesorios
2024-12-23,2.0,6033.61,66,ROLLETE-96,Rollete 96,Accesorios
2024-12-30,2.0,6033.61,66,ROLLETE-96,Rollete 96,Accesorios
2025-01-06,0.0,0.0,66,ROLLETE-96,Rollete 96,Accesorios
2025-01-13,18.0,54302.520000000004,66,ROLLETE-96,Rollete 96,Accesorios
2025-01-20,2.0,6033.61,66,ROLLETE-96,Rollete 96,Accesorios
2025-01-27,0.0,0.0,66,ROLLETE-96,Rollete 96,Accesorios
2025-02-03,26.0,78436.97,66,ROLLETE-96,Rollete 96,Accesorios
2025-02-10,27.0,81453.78,66,ROLLETE-96,Rollete 96,Accesorios
2025-02-17,0.0,0.0,66,ROLLETE-96,Rollete 96,Accesorios
2025-02-24,0.0,0.0,66,ROLLETE-96,Rollete 96,Accesorios
2025-03-03,13.0,39218.49,66,ROLLETE-96,Rollete 96,Accesorios
2025-03-10,0.0,0.0,66,ROLLETE-96,Rollete 96,Accesorios
2025-03-17,40.0,120672.27,66,ROLLETE-96,Rollete 96,Accesorios
2025-03-24,10.0,30168.07,66,ROLLETE-96,Rollete 96,Accesorios
2025-03-31,0.0,0.0,66,ROLLETE-96,Rollete 96,Accesorios
2025-04-07,4.0,12067.23,66,ROLLETE-96,Rollete 96,Accesorios
2025-04-14,0.0,0.0,66,ROLLETE-96,Rollete 96,Accesorios
2025-04-21,20.0,60336.13,66,ROLLETE-96,Rollete 96,Accesorios
2025-04-28,9.0,27151.26,66,ROLLETE-96,Rollete 96,Accesorios
2025-05-05,0.0,0.0,66,ROLLETE-96,Rollete 96,Accesorios
2025-05-12,0.0,0.0,66,ROLLETE-96,Rollete 96,Accesorios
2025-05-19,15.0,45252.1,66,ROLLETE-96,Rollete 96,Accesorios
2025-05-26,18.0,54302.52,66,ROLLETE-96,Rollete 96,Accesorios
2025-06-02,0.0,0.0,66,ROLLETE-96,Rollete 96,Accesorios
2025-06-09,0.0,0.0,66,ROLLETE-96,Rollete 96,Accesorios
2025-06-16,1.0,3016.81,66,ROLLETE-96,Rollete 96,Accesorios
2025-06-23,0.0,0.0,66,ROLLETE-96,Rollete 96,Accesorios
2025-06-30,13.0,39218.48,66,ROLLETE-96,Rollete 96,Accesorios
2025-07-07,4.0,12067.23,66,ROLLETE-96,Rollete 96,Accesorios
2025-07-14,0.0,0.0,66,ROLLETE-96,Rollete 96,Accesorios
2025-07-21,0.0,0.0,66,ROLLETE-96,Rollete 96,Accesorios
2025-07-28,0.0,0.0,66,ROLLETE-96,Rollete 96,Accesorios
2025-08-04,10.0,30168.07,66,ROLLETE-96,Rollete 96,Accesorios
2025-08-11,6.0,18100.84,66,ROLLETE-96,Rollete 96,Accesorios
2025-08-18,0.0,0.0,66,ROLLETE-96,Rollete 96,Accesorios
2025-08-25,0.0,0.0,66,ROLLETE-96,Rollete 96,Accesorios
2025-09-01,0.0,0.0,66,ROLLETE-96,Rollete 96,Accesorios
2025-09-08,10.0,30168.06,66,ROLLETE-96,Rollete 96,Accesorios
2025-09-15,0.0,0.0,66,ROLLETE-96,Rollete 96,Accesorios
2025-09-22,14.0,42235.29,66,ROLLETE-96,Rollete 96,Accesorios
2025-09-29,0.0,0.0,66,ROLLETE-96,Rollete 96,Accesorios
2025-10-06,0.0,0.0,66,ROLLETE-96,Rollete 96,Accesorios
2025-10-13,36.0,108605.04000000001,66,ROLLETE-96,Rollete 96,Accesorios
2025-10-20,0.0,0.0,66,ROLLETE-96,Rollete 96,Accesorios
2025-10-27,0.0,0.0,66,ROLLETE-96,Rollete 96,Accesorios
2025-11-03,2.0,6033.61,66,ROLLETE-96,Rollete 96,Accesorios
2025-11-10,0.0,0.0,66,ROLLETE-96,Rollete 96,Accesorios
2025-11-17,0.0,0.0,66,ROLLETE-96,Rollete 96,Accesorios
2025-11-24,0.0,0.0,66,ROLLETE-96,Rollete 96,Accesorios
2025-12-01,0.0,0.0,66,ROLLETE-96,Rollete 96,Accesorios
2025-12-08,15.0,45252.1,66,ROLLETE-96,Rollete 96,Accesorios
2025-12-15,0.0,0.0,66,ROLLETE-96,Rollete 96,Accesorios
2025-12-22,0.0,0.0,66,ROLLETE-96,Rollete 96,Accesorios
2025-12-29,0.0,0.0,66,ROLLETE-96,Rollete 96,Accesorios
2026-01-05,0.0,0.0,66,ROLLETE-96,Rollete 96,Accesorios
2026-01-12,0.0,0.0,66,ROLLETE-96,Rollete 96,Accesorios
2026-01-19,0.0,0.0,66,ROLLETE-96,Rollete 96,Accesorios
2026-01-26,0.0,0.0,66,ROLLETE-96,Rollete 96,Accesorios
2026-02-02,15.0,45252.1,66,ROLLETE-96,Rollete 96,Accesorios
2026-02-09,0.0,0.0,66,ROLLETE-96,Rollete 96,Accesorios
2026-02-16,0.0,0.0,66,ROLLETE-96,Rollete 96,Accesorios
2026-02-23,0.0,0.0,66,ROLLETE-96,Rollete 96,Accesorios
2026-03-02,0.0,0.0,66,ROLLETE-96,Rollete 96,Accesorios
2026-03-09,0.0,0.0,66,ROLLETE-96,Rollete 96,Accesorios
2026-03-16,0.0,0.0,66,ROLLETE-96,Rollete 96,Accesorios
2026-03-23,0.0,0.0,66,ROLLETE-96,Rollete 96,Accesorios
2026-03-30,0.0,0.0,66,ROLLETE-96,Rollete 96,Accesorios
2026-04-06,0.0,0.0,66,ROLLETE-96,Rollete 96,Accesorios
2026-04-13,0.0,0.0,66,ROLLETE-96,Rollete 96,Accesorios
2026-04-20,0.0,0.0,66,ROLLETE-96,Rollete 96,Accesorios
2026-04-27,0.0,0.0,66,ROLLETE-96,Rollete 96,Accesorios
2026-05-04,0.0,0.0,66,ROLLETE-96,Rollete 96,Accesorios
2026-05-11,0.0,0.0,66,ROLLETE-96,Rollete 96,Accesorios
2026-05-18,0.0,0.0,66,ROLLETE-96,Rollete 96,Accesorios
2026-05-25,0.0,0.0,66,ROLLETE-96,Rollete 96,Accesorios
2026-06-01,0.0,0.0,66,ROLLETE-96,Rollete 96,Accesorios
2026-06-08,0.0,0.0,66,ROLLETE-96,Rollete 96,Accesorios
2026-06-15,0.0,0.0,66,ROLLETE-96,Rollete 96,Accesorios
2026-06-22,0.0,0.0,66,ROLLETE-96,Rollete 96,Accesorios
2026-06-29,0.0,0.0,66,ROLLETE-96,Rollete 96,Accesorios
2026-07-06,0.0,0.0,66,ROLLETE-96,Rollete 96,Accesorios
