periodo,cantidad,monto_neto,producto_id,codigo,nombre,categoria
2022-06-01,155.0,4582008.4,1,SPC-DARK,SPC DARK,Pisos SPC
2022-07-01,95.0,2808327.7199999997,1,SPC-DARK,SPC DARK,Pisos SPC
2022-08-01,33.0,975524.3700000001,1,SPC-DARK,SPC DARK,Pisos SPC
2022-09-01,4.0,118245.38,1,SPC-DARK,SPC DARK,Pisos SPC
2022-10-01,297.0,8779719.319999998,1,SPC-DARK,SPC DARK,Pisos SPC
2022-11-01,101.0,2985695.79,1,SPC-DARK,SPC DARK,Pisos SPC
2022-12-01,86.0,2542275.62,1,SPC-DARK,SPC DARK,Pisos SPC
2023-01-01,188.0,5557532.78,1,SPC-DARK,SPC DARK,Pisos SPC
2023-02-01,70.0,2069294.12,1,SPC-DARK,SPC DARK,Pisos SPC
2023-03-01,86.0,2542275.63,1,SPC-DARK,SPC DARK,Pisos SPC
2023-04-01,143.0,4227272.27,1,SPC-DARK,SPC DARK,Pisos SPC
2023-05-01,264.0,7804194.97,1,SPC-DARK,SPC DARK,Pisos SPC
2023-06-01,18.0,532104.2,1,SPC-DARK,SPC DARK,Pisos SPC
2023-07-01,12.0,354736.14,1,SPC-DARK,SPC DARK,Pisos SPC
2023-08-01,19.0,561665.54,1,SPC-DARK,SPC DARK,Pisos SPC
2023-09-01,14.0,413858.82,1,SPC-DARK,SPC DARK,Pisos SPC
2023-10-01,65.0,1921487.39,1,SPC-DARK,SPC DARK,Pisos SPC
2023-11-01,28.0,827717.6399999999,1,SPC-DARK,SPC DARK,Pisos SPC
2023-12-01,26.0,768594.96,1,SPC-DARK,SPC DARK,Pisos SPC
2024-01-01,102.0,3015257.13,1,SPC-DARK,SPC DARK,Pisos SPC
2024-02-01,206.5,6104417.62,1,SPC-DARK,SPC DARK,Pisos SPC
2024-03-01,103.0,3044818.4699999997,1,SPC-DARK,SPC DARK,Pisos SPC
2024-04-01,107.0,3163063.87,1,SPC-DARK,SPC DARK,Pisos SPC
2024-05-01,0.0,0.0,1,SPC-DARK,SPC DARK,Pisos SPC
2024-06-01,227.0,6710425.199999999,1,SPC-DARK,SPC DARK,Pisos SPC
2024-07-01,103.0,3044818.48,1,SPC-DARK,SPC DARK,Pisos SPC
2024-08-01,18.0,532104.19,1,SPC-DARK,SPC DARK,Pisos SPC
2024-09-01,0.0,0.0,1,SPC-DARK,SPC DARK,Pisos SPC
2024-10-01,0.0,0.0,1,SPC-DARK,SPC DARK,Pisos SPC
2024-11-01,27.0,798156.3,1,SPC-DARK,SPC DARK,Pisos SPC
2024-12-01,10.0,295613.45,1,SPC-DARK,SPC DARK,Pisos SPC
2025-01-01,0.0,0.0,1,SPC-DARK,SPC DARK,Pisos SPC
2025-02-01,119.0,3517800.0,1,SPC-DARK,SPC DARK,Pisos SPC
2025-03-01,59.0,1744119.32,1,SPC-DARK,SPC DARK,Pisos SPC
2025-04-01,109.0,3222186.5599999996,1,SPC-DARK,SPC DARK,Pisos SPC
2025-05-01,44.0,1300699.16,1,SPC-DARK,SPC DARK,Pisos SPC
2025-06-01,58.0,1714557.98,1,SPC-DARK,SPC DARK,Pisos SPC
2025-07-01,51.0,1507628.57,1,SPC-DARK,SPC DARK,Pisos SPC
2025-08-01,109.0,3222186.56,1,SPC-DARK,SPC DARK,Pisos SPC
2025-09-01,36.0,1064208.4,1,SPC-DARK,SPC DARK,Pisos SPC
2025-10-01,117.0,3458677.32,1,SPC-DARK,SPC DARK,Pisos SPC
2025-11-01,266.0,7863317.65,1,SPC-DARK,SPC DARK,Pisos SPC
2025-12-01,70.0,2069294.1099999999,1,SPC-DARK,SPC DARK,Pisos SPC
2026-01-01,0.0,0.0,1,SPC-DARK,SPC DARK,Pisos SPC
2026-02-01,289.0,8543228.58,1,SPC-DARK,SPC DARK,Pisos SPC
2026-03-01,167.0,4936744.55,1,SPC-DARK,SPC DARK,Pisos SPC
2026-04-01,120.0,3547361.34,1,SPC-DARK,SPC DARK,Pisos SPC
2026-05-01,141.0,4168149.58,1,SPC-DARK,SPC DARK,Pisos SPC
2026-06-01,11.0,325174.79,1,SPC-DARK,SPC DARK,Pisos SPC
2026-07-01,0.0,0.0,1,SPC-DARK,SPC DARK,Pisos SPC
2022-06-01,137.0,4049904.2,2,SPC-MEDIUM,SPC MEDIUM,Pisos SPC
2022-07-01,65.0,1921487.39,2,SPC-MEDIUM,SPC MEDIUM,Pisos SPC
2022-08-01,0.0,0.0,2,SPC-MEDIUM,SPC MEDIUM,Pisos SPC
2022-09-01,27.0,798156.3,2,SPC-MEDIUM,SPC MEDIUM,Pisos SPC
2022-10-01,112.0,3310870.58,2,SPC-MEDIUM,SPC MEDIUM,Pisos SPC
2022-11-01,36.0,1064208.4,2,SPC-MEDIUM,SPC MEDIUM,Pisos SPC
2022-12-01,3.0,88684.03,2,SPC-MEDIUM,SPC MEDIUM,Pisos SPC
2023-01-01,0.0,0.0,2,SPC-MEDIUM,SPC MEDIUM,Pisos SPC
2023-02-01,63.0,1862364.7,2,SPC-MEDIUM,SPC MEDIUM,Pisos SPC
2023-03-01,77.0,2276223.53,2,SPC-MEDIUM,SPC MEDIUM,Pisos SPC
2023-04-01,25.0,739033.6,2,SPC-MEDIUM,SPC MEDIUM,Pisos SPC
2023-05-01,0.0,0.0,2,SPC-MEDIUM,SPC MEDIUM,Pisos SPC
2023-06-01,53.0,1566751.26,2,SPC-MEDIUM,SPC MEDIUM,Pisos SPC
2023-07-01,0.0,0.0,2,SPC-MEDIUM,SPC MEDIUM,Pisos SPC
2023-08-01,0.0,0.0,2,SPC-MEDIUM,SPC MEDIUM,Pisos SPC
2023-09-01,0.0,0.0,2,SPC-MEDIUM,SPC MEDIUM,Pisos SPC
2023-10-01,76.0,2246662.18,2,SPC-MEDIUM,SPC MEDIUM,Pisos SPC
2023-11-01,0.0,0.0,2,SPC-MEDIUM,SPC MEDIUM,Pisos SPC
2023-12-01,23.0,679910.92,2,SPC-MEDIUM,SPC MEDIUM,Pisos SPC
2024-01-01,6.0,177368.07,2,SPC-MEDIUM,SPC MEDIUM,Pisos SPC
2024-02-01,83.0,2453591.5999999996,2,SPC-MEDIUM,SPC MEDIUM,Pisos SPC
2024-03-01,39.0,1152892.43,2,SPC-MEDIUM,SPC MEDIUM,Pisos SPC
2024-04-01,13.0,384297.48,2,SPC-MEDIUM,SPC MEDIUM,Pisos SPC
2024-05-01,22.0,650349.58,2,SPC-MEDIUM,SPC MEDIUM,Pisos SPC
2024-06-01,88.0,2601398.31,2,SPC-MEDIUM,SPC MEDIUM,Pisos SPC
2024-07-01,0.0,0.0,2,SPC-MEDIUM,SPC MEDIUM,Pisos SPC
2024-08-01,5.0,147806.72,2,SPC-MEDIUM,SPC MEDIUM,Pisos SPC
2024-09-01,0.0,0.0,2,SPC-MEDIUM,SPC MEDIUM,Pisos SPC
2024-10-01,0.0,0.0,2,SPC-MEDIUM,SPC MEDIUM,Pisos SPC
2024-11-01,30.0,886840.33,2,SPC-MEDIUM,SPC MEDIUM,Pisos SPC
2024-12-01,31.0,916401.67,2,SPC-MEDIUM,SPC MEDIUM,Pisos SPC
2025-01-01,38.0,1123331.09,2,SPC-MEDIUM,SPC MEDIUM,Pisos SPC
2025-02-01,41.0,1212015.12,2,SPC-MEDIUM,SPC MEDIUM,Pisos SPC
2025-03-01,4.0,118245.37,2,SPC-MEDIUM,SPC MEDIUM,Pisos SPC
2025-04-01,13.0,384297.48,2,SPC-MEDIUM,SPC MEDIUM,Pisos SPC
2025-05-01,0.0,0.0,2,SPC-MEDIUM,SPC MEDIUM,Pisos SPC
2025-06-01,10.0,295613.45,2,SPC-MEDIUM,SPC MEDIUM,Pisos SPC
2025-07-01,80.0,2364907.56,2,SPC-MEDIUM,SPC MEDIUM,Pisos SPC
2025-08-01,34.0,1005085.7100000001,2,SPC-MEDIUM,SPC MEDIUM,Pisos SPC
2025-09-01,38.0,1123331.09,2,SPC-MEDIUM,SPC MEDIUM,Pisos SPC
2025-10-01,15.0,443420.17,2,SPC-MEDIUM,SPC MEDIUM,Pisos SPC
2025-11-01,96.0,2837889.08,2,SPC-MEDIUM,SPC MEDIUM,Pisos SPC
2025-12-01,45.0,1330260.5,2,SPC-MEDIUM,SPC MEDIUM,Pisos SPC
2026-01-01,38.0,1123331.1,2,SPC-MEDIUM,SPC MEDIUM,Pisos SPC
2026-02-01,31.0,916401.68,2,SPC-MEDIUM,SPC MEDIUM,Pisos SPC
2026-03-01,67.0,1980610.08,2,SPC-MEDIUM,SPC MEDIUM,Pisos SPC
2026-04-01,16.0,472981.51,2,SPC-MEDIUM,SPC MEDIUM,Pisos SPC
2026-05-01,53.0,1566751.25,2,SPC-MEDIUM,SPC MEDIUM,Pisos SPC
2026-06-01,25.0,739033.61,2,SPC-MEDIUM,SPC MEDIUM,Pisos SPC
2026-07-01,0.0,0.0,2,SPC-MEDIUM,SPC MEDIUM,Pisos SPC
2022-06-01,139.0,4109026.89,3,SPC-GREY,SPC GREY,Pisos SPC
2022-07-01,77.0,2276223.53,3,SPC-GREY,SPC GREY,Pisos SPC
2022-08-01,33.0,975524.37,3,SPC-GREY,SPC GREY,Pisos SPC
2022-09-01,8.0,236490.76,3,SPC-GREY,SPC GREY,Pisos SPC
2022-10-01,11.0,325174.79000000004,3,SPC-GREY,SPC GREY,Pisos SPC
2022-11-01,16.0,472981.51,3,SPC-GREY,SPC GREY,Pisos SPC
2022-12-01,23.0,679910.92,3,SPC-GREY,SPC GREY,Pisos SPC
2023-01-01,14.0,413858.82,3,SPC-GREY,SPC GREY,Pisos SPC
2023-02-01,41.0,1212015.1199999999,3,SPC-GREY,SPC GREY,Pisos SPC
2023-03-01,148.0,4375078.99,3,SPC-GREY,SPC GREY,Pisos SPC
2023-04-01,66.0,1951048.72,3,SPC-GREY,SPC GREY,Pisos SPC
2023-05-01,32.0,945963.03,3,SPC-GREY,SPC GREY,Pisos SPC
2023-06-01,28.0,827717.65,3,SPC-GREY,SPC GREY,Pisos SPC
2023-07-01,65.0,1921487.4000000001,3,SPC-GREY,SPC GREY,Pisos SPC
2023-08-01,122.0,3606484.03,3,SPC-GREY,SPC GREY,Pisos SPC
2023-09-01,57.0,1684996.63,3,SPC-GREY,SPC GREY,Pisos SPC
2023-10-01,9.0,266052.1,3,SPC-GREY,SPC GREY,Pisos SPC
2023-11-01,2.0,59122.69,3,SPC-GREY,SPC GREY,Pisos SPC
2023-12-01,0.0,0.0,3,SPC-GREY,SPC GREY,Pisos SPC
2024-01-01,26.0,768594.95,3,SPC-GREY,SPC GREY,Pisos SPC
2024-02-01,267.0,7892878.99,3,SPC-GREY,SPC GREY,Pisos SPC
2024-03-01,6.0,177368.07,3,SPC-GREY,SPC GREY,Pisos SPC
2024-04-01,31.0,916401.6599999999,3,SPC-GREY,SPC GREY,Pisos SPC
2024-05-01,32.0,945963.03,3,SPC-GREY,SPC GREY,Pisos SPC
2024-06-01,28.0,827717.6399999999,3,SPC-GREY,SPC GREY,Pisos SPC
2024-07-01,24.0,709472.26,3,SPC-GREY,SPC GREY,Pisos SPC
2024-08-01,59.0,1744119.33,3,SPC-GREY,SPC GREY,Pisos SPC
2024-09-01,24.0,709472.27,3,SPC-GREY,SPC GREY,Pisos SPC
2024-10-01,0.0,0.0,3,SPC-GREY,SPC GREY,Pisos SPC
2024-11-01,67.0,1980610.08,3,SPC-GREY,SPC GREY,Pisos SPC
2024-12-01,92.0,2719643.7,3,SPC-GREY,SPC GREY,Pisos SPC
2025-01-01,35.0,1034647.05,3,SPC-GREY,SPC GREY,Pisos SPC
2025-02-01,22.0,650349.5700000001,3,SPC-GREY,SPC GREY,Pisos SPC
2025-03-01,44.0,1300699.16,3,SPC-GREY,SPC GREY,Pisos SPC
2025-04-01,8.0,236490.75,3,SPC-GREY,SPC GREY,Pisos SPC
2025-05-01,14.0,413858.81,3,SPC-GREY,SPC GREY,Pisos SPC
2025-06-01,36.0,1064208.4,3,SPC-GREY,SPC GREY,Pisos SPC
2025-07-01,90.0,2660520.99,3,SPC-GREY,SPC GREY,Pisos SPC
2025-08-01,67.0,1980610.0699999998,3,SPC-GREY,SPC GREY,Pisos SPC
2025-09-01,68.0,2010171.42,3,SPC-GREY,SPC GREY,Pisos SPC
2025-10-01,118.0,3488238.64,3,SPC-GREY,SPC GREY,Pisos SPC
2025-11-01,116.0,3429115.96,3,SPC-GREY,SPC GREY,Pisos SPC
2025-12-01,33.0,975524.36,3,SPC-GREY,SPC GREY,Pisos SPC
2026-01-01,0.0,0.0,3,SPC-GREY,SPC GREY,Pisos SPC
2026-02-01,23.0,679910.92,3,SPC-GREY,SPC GREY,Pisos SPC
2026-03-01,106.0,3133502.51,3,SPC-GREY,SPC GREY,Pisos SPC
2026-04-01,83.0,2453591.5900000003,3,SPC-GREY,SPC GREY,Pisos SPC
2026-05-01,76.0,2246662.17,3,SPC-GREY,SPC GREY,Pisos SPC
2026-06-01,29.0,857278.99,3,SPC-GREY,SPC GREY,Pisos SPC
2026-07-01,0.0,0.0,3,SPC-GREY,SPC GREY,Pisos SPC
2022-06-01,62.0,1145697.47,4,TERC-EST-15,Terc Estr 15mm,Terciados
2022-07-01,201.0,3714277.3,4,TERC-EST-15,Terc Estr 15mm,Terciados
2022-08-01,143.0,2642495.79,4,TERC-EST-15,Terc Estr 15mm,Terciados
2022-09-01,194.0,3584924.37,4,TERC-EST-15,Terc Estr 15mm,Terciados
2022-10-01,108.0,1995731.08,4,TERC-EST-15,Terc Estr 15mm,Terciados
2022-11-01,89.0,1644630.25,4,TERC-EST-15,Terc Estr 15mm,Terciados
2022-12-01,170.0,3141428.55,4,TERC-EST-15,Terc Estr 15mm,Terciados
2023-01-01,340.0,6282857.13,4,TERC-EST-15,Terc Estr 15mm,Terciados
2023-02-01,265.0,4896932.77,4,TERC-EST-15,Terc Estr 15mm,Terciados
2023-03-01,139.0,2568579.83,4,TERC-EST-15,Terc Estr 15mm,Terciados
2023-04-01,47.0,868512.59,4,TERC-EST-15,Terc Estr 15mm,Terciados
2023-05-01,26.0,480453.78,4,TERC-EST-15,Terc Estr 15mm,Terciados
2023-06-01,7.0,129352.94,4,TERC-EST-15,Terc Estr 15mm,Terciados
2023-07-01,5.0,92394.95000000001,4,TERC-EST-15,Terc Estr 15mm,Terciados
2023-08-01,16.0,295663.86,4,TERC-EST-15,Terc Estr 15mm,Terciados
2023-09-01,12.0,221747.90000000002,4,TERC-EST-15,Terc Estr 15mm,Terciados
2023-10-01,3.0,55436.97,4,TERC-EST-15,Terc Estr 15mm,Terciados
2023-11-01,34.0,628285.71,4,TERC-EST-15,Terc Estr 15mm,Terciados
2023-12-01,129.0,2383789.92,4,TERC-EST-15,Terc Estr 15mm,Terciados
2024-01-01,253.0,4675184.86,4,TERC-EST-15,Terc Estr 15mm,Terciados
2024-02-01,219.0,4046899.1799999997,4,TERC-EST-15,Terc Estr 15mm,Terciados
2024-03-01,543.0,10034092.44,4,TERC-EST-15,Terc Estr 15mm,Terciados
2024-04-01,97.0,1792462.1800000002,4,TERC-EST-15,Terc Estr 15mm,Terciados
2024-05-01,11.0,203268.91000000003,4,TERC-EST-15,Terc Estr 15mm,Terciados
2024-06-01,81.0,1496798.31,4,TERC-EST-15,Terc Estr 15mm,Terciados
2024-07-01,78.0,1441361.3399999999,4,TERC-EST-15,Terc Estr 15mm,Terciados
2024-08-01,43.0,794596.62,4,TERC-EST-15,Terc Estr 15mm,Terciados
2024-09-01,12.0,221747.9,4,TERC-EST-15,Terc Estr 15mm,Terciados
2024-10-01,0.0,0.0,4,TERC-EST-15,Terc Estr 15mm,Terciados
2024-11-01,46.0,850033.61,4,TERC-EST-15,Terc Estr 15mm,Terciados
2024-12-01,49.0,905470.5800000001,4,TERC-EST-15,Terc Estr 15mm,Terciados
2025-01-01,23.0,425016.79000000004,4,TERC-EST-15,Terc Estr 15mm,Terciados
2025-02-01,52.0,960907.5499999999,4,TERC-EST-15,Terc Estr 15mm,Terciados
2025-03-01,18.0,332621.83999999997,4,TERC-EST-15,Terc Estr 15mm,Terciados
2025-04-01,59.0,1090260.5,4,TERC-EST-15,Terc Estr 15mm,Terciados
2025-05-01,54.0,997865.53,4,TERC-EST-15,Terc Estr 15mm,Terciados
2025-06-01,68.0,1256571.43,4,TERC-EST-15,Terc Estr 15mm,Terciados
2025-07-01,18.0,317495.8,4,TERC-EST-15,Terc Estr 15mm,Terciados
2025-08-01,13.0,229302.53,4,TERC-EST-15,Terc Estr 15mm,Terciados
2025-09-01,37.0,652630.27,4,TERC-EST-15,Terc Estr 15mm,Terciados
2025-10-01,25.0,440966.39999999997,4,TERC-EST-15,Terc Estr 15mm,Terciados
2025-11-01,23.0,405689.07999999996,4,TERC-EST-15,Terc Estr 15mm,Terciados
2025-12-01,6.0,105831.93,4,TERC-EST-15,Terc Estr 15mm,Terciados
2026-01-01,0.0,0.0,4,TERC-EST-15,Terc Estr 15mm,Terciados
2026-02-01,5.0,88193.28,4,TERC-EST-15,Terc Estr 15mm,Terciados
2026-03-01,2.0,35277.31,4,TERC-EST-15,Terc Estr 15mm,Terciados
2026-04-01,15.0,264579.82999999996,4,TERC-EST-15,Terc Estr 15mm,Terciados
2026-05-01,14.0,246941.18,4,TERC-EST-15,Terc Estr 15mm,Terciados
2026-06-01,0.0,0.0,4,TERC-EST-15,Terc Estr 15mm,Terciados
2026-07-01,1.0,17638.66,4,TERC-EST-15,Terc Estr 15mm,Terciados
2022-08-01,8.0,127663.87,5,TERC-EST-15-2DA,Terc Estr 15mm 2da,Terciados
2022-09-01,28.0,446823.52,5,TERC-EST-15-2DA,Terc Estr 15mm 2da,Terciados
2022-10-01,6.0,95747.89,5,TERC-EST-15-2DA,Terc Estr 15mm 2da,Terciados
2022-11-01,0.0,0.0,5,TERC-EST-15-2DA,Terc Estr 15mm 2da,Terciados
2022-12-01,35.0,558529.41,5,TERC-EST-15-2DA,Terc Estr 15mm 2da,Terciados
2023-01-01,22.0,351075.64,5,TERC-EST-15-2DA,Terc Estr 15mm 2da,Terciados
2023-02-01,11.0,175537.82,5,TERC-EST-15-2DA,Terc Estr 15mm 2da,Terciados
2023-03-01,10.0,159579.83,5,TERC-EST-15-2DA,Terc Estr 15mm 2da,Terciados
2023-04-01,5.0,79789.91,5,TERC-EST-15-2DA,Terc Estr 15mm 2da,Terciados
2023-05-01,0.0,0.0,5,TERC-EST-15-2DA,Terc Estr 15mm 2da,Terciados
2023-06-01,0.0,0.0,5,TERC-EST-15-2DA,Terc Estr 15mm 2da,Terciados
2023-07-01,0.0,0.0,5,TERC-EST-15-2DA,Terc Estr 15mm 2da,Terciados
2023-08-01,0.0,0.0,5,TERC-EST-15-2DA,Terc Estr 15mm 2da,Terciados
2023-09-01,0.0,0.0,5,TERC-EST-15-2DA,Terc Estr 15mm 2da,Terciados
2023-10-01,0.0,0.0,5,TERC-EST-15-2DA,Terc Estr 15mm 2da,Terciados
2023-11-01,0.0,0.0,5,TERC-EST-15-2DA,Terc Estr 15mm 2da,Terciados
2023-12-01,0.0,0.0,5,TERC-EST-15-2DA,Terc Estr 15mm 2da,Terciados
2024-01-01,27.0,430865.54,5,TERC-EST-15-2DA,Terc Estr 15mm 2da,Terciados
2024-02-01,44.0,702151.26,5,TERC-EST-15-2DA,Terc Estr 15mm 2da,Terciados
2024-03-01,62.0,989394.96,5,TERC-EST-15-2DA,Terc Estr 15mm 2da,Terciados
2024-04-01,0.0,0.0,5,TERC-EST-15-2DA,Terc Estr 15mm 2da,Terciados
2024-05-01,0.0,0.0,5,TERC-EST-15-2DA,Terc Estr 15mm 2da,Terciados
2024-06-01,0.0,0.0,5,TERC-EST-15-2DA,Terc Estr 15mm 2da,Terciados
2024-07-01,0.0,0.0,5,TERC-EST-15-2DA,Terc Estr 15mm 2da,Terciados
2024-08-01,5.0,79789.92,5,TERC-EST-15-2DA,Terc Estr 15mm 2da,Terciados
2024-09-01,0.0,0.0,5,TERC-EST-15-2DA,Terc Estr 15mm 2da,Terciados
2024-10-01,0.0,0.0,5,TERC-EST-15-2DA,Terc Estr 15mm 2da,Terciados
2024-11-01,0.0,0.0,5,TERC-EST-15-2DA,Terc Estr 15mm 2da,Terciados
2024-12-01,0.0,0.0,5,TERC-EST-15-2DA,Terc Estr 15mm 2da,Terciados
2025-01-01,0.0,0.0,5,TERC-EST-15-2DA,Terc Estr 15mm 2da,Terciados
2025-02-01,19.0,303201.68,5,TERC-EST-15-2DA,Terc Estr 15mm 2da,Terciados
2025-03-01,1.0,15957.98,5,TERC-EST-15-2DA,Terc Estr 15mm 2da,Terciados
2025-04-01,24.0,382991.6,5,TERC-EST-15-2DA,Terc Estr 15mm 2da,Terciados
2025-05-01,0.0,0.0,5,TERC-EST-15-2DA,Terc Estr 15mm 2da,Terciados
2025-06-01,2.0,31915.97,5,TERC-EST-15-2DA,Terc Estr 15mm 2da,Terciados
2025-07-01,1.0,15957.98,5,TERC-EST-15-2DA,Terc Estr 15mm 2da,Terciados
2025-08-01,6.0,95747.9,5,TERC-EST-15-2DA,Terc Estr 15mm 2da,Terciados
2025-09-01,0.0,0.0,5,TERC-EST-15-2DA,Terc Estr 15mm 2da,Terciados
2025-10-01,0.0,0.0,5,TERC-EST-15-2DA,Terc Estr 15mm 2da,Terciados
2025-11-01,6.0,95747.9,5,TERC-EST-15-2DA,Terc Estr 15mm 2da,Terciados
2025-12-01,0.0,0.0,5,TERC-EST-15-2DA,Terc Estr 15mm 2da,Terciados
2026-01-01,0.0,0.0,5,TERC-EST-15-2DA,Terc Estr 15mm 2da,Terciados
2026-02-01,45.0,718109.24,5,TERC-EST-15-2DA,Terc Estr 15mm 2da,Terciados
2026-03-01,0.0,0.0,5,TERC-EST-15-2DA,Terc Estr 15mm 2da,Terciados
2026-04-01,0.0,0.0,5,TERC-EST-15-2DA,Terc Estr 15mm 2da,Terciados
2026-05-01,0.0,0.0,5,TERC-EST-15-2DA,Terc Estr 15mm 2da,Terciados
2026-06-01,0.0,0.0,5,TERC-EST-15-2DA,Terc Estr 15mm 2da,Terciados
2026-07-01,0.0,0.0,5,TERC-EST-15-2DA,Terc Estr 15mm 2da,Terciados
2022-06-01,186.0,3593394.96,6,TERC-EST-18N,Terc Estr 18mm N,Terciados
2022-07-01,592.0,11437042.02,6,TERC-EST-18N,Terc Estr 18mm N,Terciados
2022-08-01,218.0,4211613.44,6,TERC-EST-18N,Terc Estr 18mm N,Terciados
2022-09-01,254.0,4907109.25,6,TERC-EST-18N,Terc Estr 18mm N,Terciados
2022-10-01,313.0,6046949.59,6,TERC-EST-18N,Terc Estr 18mm N,Terciados
2022-11-01,367.0,7090193.3,6,TERC-EST-18N,Terc Estr 18mm N,Terciados
2022-12-01,374.0,7225428.5600000005,6,TERC-EST-18N,Terc Estr 18mm N,Terciados
2023-01-01,170.0,3284285.71,6,TERC-EST-18N,Terc Estr 18mm N,Terciados
2023-02-01,108.0,2086487.4100000001,6,TERC-EST-18N,Terc Estr 18mm N,Terciados
2023-03-01,83.0,1603504.22,6,TERC-EST-18N,Terc Estr 18mm N,Terciados
2023-04-01,18.0,347747.91000000003,6,TERC-EST-18N,Terc Estr 18mm N,Terciados
2023-05-01,34.0,656857.15,6,TERC-EST-18N,Terc Estr 18mm N,Terciados
2023-06-01,2.0,38638.66,6,TERC-EST-18N,Terc Estr 18mm N,Terciados
2023-07-01,1.0,19319.33,6,TERC-EST-18N,Terc Estr 18mm N,Terciados
2023-08-01,29.0,560260.5,6,TERC-EST-18N,Terc Estr 18mm N,Terciados
2023-09-01,17.0,328428.58,6,TERC-EST-18N,Terc Estr 18mm N,Terciados
2023-10-01,40.0,772773.11,6,TERC-EST-18N,Terc Estr 18mm N,Terciados
2023-11-01,192.0,3709310.92,6,TERC-EST-18N,Terc Estr 18mm N,Terciados
2023-12-01,192.0,3709310.9299999997,6,TERC-EST-18N,Terc Estr 18mm N,Terciados
2024-01-01,365.0,7051554.63,6,TERC-EST-18N,Terc Estr 18mm N,Terciados
2024-02-01,587.0,11340445.38,6,TERC-EST-18N,Terc Estr 18mm N,Terciados
2024-03-01,98.0,1893294.12,6,TERC-EST-18N,Terc Estr 18mm N,Terciados
2024-04-01,0.0,0.0,6,TERC-EST-18N,Terc Estr 18mm N,Terciados
2024-05-01,65.0,1255756.3,6,TERC-EST-18N,Terc Estr 18mm N,Terciados
2024-06-01,93.0,1796697.4900000002,6,TERC-EST-18N,Terc Estr 18mm N,Terciados
2024-07-01,95.0,1835336.15,6,TERC-EST-18N,Terc Estr 18mm N,Terciados
2024-08-01,95.0,1835336.14,6,TERC-EST-18N,Terc Estr 18mm N,Terciados
2024-09-01,85.0,1642142.86,6,TERC-EST-18N,Terc Estr 18mm N,Terciados
2024-10-01,0.0,0.0,6,TERC-EST-18N,Terc Estr 18mm N,Terciados
2024-11-01,278.0,5370773.12,6,TERC-EST-18N,Terc Estr 18mm N,Terciados
2024-12-01,2.0,38638.66,6,TERC-EST-18N,Terc Estr 18mm N,Terciados
2025-01-01,66.0,1275075.6300000001,6,TERC-EST-18N,Terc Estr 18mm N,Terciados
2025-02-01,233.0,4501403.37,6,TERC-EST-18N,Terc Estr 18mm N,Terciados
2025-03-01,149.0,2878579.84,6,TERC-EST-18N,Terc Estr 18mm N,Terciados
2025-04-01,12.0,231831.94,6,TERC-EST-18N,Terc Estr 18mm N,Terciados
2025-05-01,0.0,0.0,6,TERC-EST-18N,Terc Estr 18mm N,Terciados
2025-06-01,0.0,0.0,6,TERC-EST-18N,Terc Estr 18mm N,Terciados
2025-07-01,0.0,0.0,6,TERC-EST-18N,Terc Estr 18mm N,Terciados
2025-08-01,0.0,0.0,6,TERC-EST-18N,Terc Estr 18mm N,Terciados
2025-09-01,0.0,0.0,6,TERC-EST-18N,Terc Estr 18mm N,Terciados
2025-10-01,227.0,4576243.68,6,TERC-EST-18N,Terc Estr 18mm N,Terciados
2025-11-01,460.0,9273445.36,6,TERC-EST-18N,Terc Estr 18mm N,Terciados
2025-12-01,253.0,5100394.96,6,TERC-EST-18N,Terc Estr 18mm N,Terciados
2026-01-01,244.0,4918957.98,6,TERC-EST-18N,Terc Estr 18mm N,Terciados
2026-02-01,334.0,6733327.7299999995,6,TERC-EST-18N,Terc Estr 18mm N,Terciados
2026-03-01,114.0,2298201.66,6,TERC-EST-18N,Terc Estr 18mm N,Terciados
2026-04-01,0.0,0.0,6,TERC-EST-18N,Terc Estr 18mm N,Terciados
2026-05-01,0.0,0.0,6,TERC-EST-18N,Terc Estr 18mm N,Terciados
2026-06-01,0.0,0.0,6,TERC-EST-18N,Terc Estr 18mm N,Terciados
2026-07-01,0.0,0.0,6,TERC-EST-18N,Terc Estr 18mm N,Terciados
2022-06-01,59.0,1090260.5,7,TERC-EST-18-2DA,Terc Estr 18mm 2da,Terciados
2022-07-01,83.0,1533756.2999999998,7,TERC-EST-18-2DA,Terc Estr 18mm 2da,Terciados
2022-08-01,35.0,646764.7,7,TERC-EST-18-2DA,Terc Estr 18mm 2da,Terciados
2022-09-01,28.0,517411.76,7,TERC-EST-18-2DA,Terc Estr 18mm 2da,Terciados
2022-10-01,34.0,628285.72,7,TERC-EST-18-2DA,Terc Estr 18mm 2da,Terciados
2022-11-01,67.0,1238092.42,7,TERC-EST-18-2DA,Terc Estr 18mm 2da,Terciados
2022-12-01,76.0,1404403.3599999999,7,TERC-EST-18-2DA,Terc Estr 18mm 2da,Terciados
2023-01-01,30.0,554369.74,7,TERC-EST-18-2DA,Terc Estr 18mm 2da,Terciados
2023-02-01,12.0,221747.9,7,TERC-EST-18-2DA,Terc Estr 18mm 2da,Terciados
2023-03-01,1.0,18478.99,7,TERC-EST-18-2DA,Terc Estr 18mm 2da,Terciados
2023-04-01,6.0,110873.95,7,TERC-EST-18-2DA,Terc Estr 18mm 2da,Terciados
2023-05-01,0.0,0.0,7,TERC-EST-18-2DA,Terc Estr 18mm 2da,Terciados
2023-06-01,0.0,0.0,7,TERC-EST-18-2DA,Terc Estr 18mm 2da,Terciados
2023-07-01,0.0,0.0,7,TERC-EST-18-2DA,Terc Estr 18mm 2da,Terciados
2023-08-01,0.0,0.0,7,TERC-EST-18-2DA,Terc Estr 18mm 2da,Terciados
2023-09-01,0.0,0.0,7,TERC-EST-18-2DA,Terc Estr 18mm 2da,Terciados
2023-10-01,0.0,0.0,7,TERC-EST-18-2DA,Terc Estr 18mm 2da,Terciados
2023-11-01,0.0,0.0,7,TERC-EST-18-2DA,Terc Estr 18mm 2da,Terciados
2023-12-01,2.0,36957.98,7,TERC-EST-18-2DA,Terc Estr 18mm 2da,Terciados
2024-01-01,40.0,739159.66,7,TERC-EST-18-2DA,Terc Estr 18mm 2da,Terciados
2024-02-01,157.0,2901201.6799999997,7,TERC-EST-18-2DA,Terc Estr 18mm 2da,Terciados
2024-03-01,47.0,868512.61,7,TERC-EST-18-2DA,Terc Estr 18mm 2da,Terciados
2024-04-01,0.0,0.0,7,TERC-EST-18-2DA,Terc Estr 18mm 2da,Terciados
2024-05-01,0.0,0.0,7,TERC-EST-18-2DA,Terc Estr 18mm 2da,Terciados
2024-06-01,0.0,0.0,7,TERC-EST-18-2DA,Terc Estr 18mm 2da,Terciados
2024-07-01,0.0,0.0,7,TERC-EST-18-2DA,Terc Estr 18mm 2da,Terciados
2024-08-01,16.0,295663.86,7,TERC-EST-18-2DA,Terc Estr 18mm 2da,Terciados
2024-09-01,14.0,258705.88,7,TERC-EST-18-2DA,Terc Estr 18mm 2da,Terciados
2024-10-01,0.0,0.0,7,TERC-EST-18-2DA,Terc Estr 18mm 2da,Terciados
2024-11-01,8.0,147831.93,7,TERC-EST-18-2DA,Terc Estr 18mm 2da,Terciados
2024-12-01,0.0,0.0,7,TERC-EST-18-2DA,Terc Estr 18mm 2da,Terciados
2025-01-01,7.0,129352.94,7,TERC-EST-18-2DA,Terc Estr 18mm 2da,Terciados
2025-02-01,18.0,332621.85,7,TERC-EST-18-2DA,Terc Estr 18mm 2da,Terciados
2025-03-01,32.0,591327.73,7,TERC-EST-18-2DA,Terc Estr 18mm 2da,Terciados
2025-04-01,0.0,0.0,7,TERC-EST-18-2DA,Terc Estr 18mm 2da,Terciados
2025-05-01,0.0,0.0,7,TERC-EST-18-2DA,Terc Estr 18mm 2da,Terciados
2025-06-01,0.0,0.0,7,TERC-EST-18-2DA,Terc Estr 18mm 2da,Terciados
2025-07-01,0.0,0.0,7,TERC-EST-18-2DA,Terc Estr 18mm 2da,Terciados
2025-08-01,0.0,0.0,7,TERC-EST-18-2DA,Terc Estr 18mm 2da,Terciados
2025-09-01,0.0,0.0,7,TERC-EST-18-2DA,Terc Estr 18mm 2da,Terciados
2025-10-01,1.0,18478.99,7,TERC-EST-18-2DA,Terc Estr 18mm 2da,Terciados
2025-11-01,0.0,0.0,7,TERC-EST-18-2DA,Terc Estr 18mm 2da,Terciados
2025-12-01,0.0,0.0,7,TERC-EST-18-2DA,Terc Estr 18mm 2da,Terciados
2026-01-01,0.0,0.0,7,TERC-EST-18-2DA,Terc Estr 18mm 2da,Terciados
2026-02-01,0.0,0.0,7,TERC-EST-18-2DA,Terc Estr 18mm 2da,Terciados
2026-03-01,13.0,240226.89,7,TERC-EST-18-2DA,Terc Estr 18mm 2da,Terciados
2026-04-01,4.0,73915.97,7,TERC-EST-18-2DA,Terc Estr 18mm 2da,Terciados
2026-05-01,1.0,18478.99,7,TERC-EST-18-2DA,Terc Estr 18mm 2da,Terciados
2026-06-01,0.0,0.0,7,TERC-EST-18-2DA,Terc Estr 18mm 2da,Terciados
2026-07-01,0.0,0.0,7,TERC-EST-18-2DA,Terc Estr 18mm 2da,Terciados
2024-11-01,21.0,352764.70999999996,9,TERC-RAN-9,Terc Ran 9mm,Terciados
2024-12-01,0.0,0.0,9,TERC-RAN-9,Terc Ran 9mm,Terciados
2025-01-01,0.0,0.0,9,TERC-RAN-9,Terc Ran 9mm,Terciados
2025-02-01,0.0,0.0,9,TERC-RAN-9,Terc Ran 9mm,Terciados
2025-03-01,0.0,0.0,9,TERC-RAN-9,Terc Ran 9mm,Terciados
2025-04-01,0.0,0.0,9,TERC-RAN-9,Terc Ran 9mm,Terciados
2025-05-01,0.0,0.0,9,TERC-RAN-9,Terc Ran 9mm,Terciados
2025-06-01,0.0,0.0,9,TERC-RAN-9,Terc Ran 9mm,Terciados
2025-07-01,0.0,0.0,9,TERC-RAN-9,Terc Ran 9mm,Terciados
2025-08-01,0.0,0.0,9,TERC-RAN-9,Terc Ran 9mm,Terciados
2025-09-01,0.0,0.0,9,TERC-RAN-9,Terc Ran 9mm,Terciados
2025-10-01,0.0,0.0,9,TERC-RAN-9,Terc Ran 9mm,Terciados
2025-11-01,0.0,0.0,9,TERC-RAN-9,Terc Ran 9mm,Terciados
2025-12-01,0.0,0.0,9,TERC-RAN-9,Terc Ran 9mm,Terciados
2026-01-01,0.0,0.0,9,TERC-RAN-9,Terc Ran 9mm,Terciados
2026-02-01,0.0,0.0,9,TERC-RAN-9,Terc Ran 9mm,Terciados
2026-03-01,0.0,0.0,9,TERC-RAN-9,Terc Ran 9mm,Terciados
2026-04-01,0.0,0.0,9,TERC-RAN-9,Terc Ran 9mm,Terciados
2026-05-01,0.0,0.0,9,TERC-RAN-9,Terc Ran 9mm,Terciados
2026-06-01,0.0,0.0,9,TERC-RAN-9,Terc Ran 9mm,Terciados
2026-07-01,0.0,0.0,9,TERC-RAN-9,Terc Ran 9mm,Terciados
2022-12-01,364.0,5502823.53,10,PANEL-CIPRES,PANEL CIPRES,Paneles exteriores
2023-01-01,390.0,5895882.37,10,PANEL-CIPRES,PANEL CIPRES,Paneles exteriores
2023-02-01,12.0,181411.77,10,PANEL-CIPRES,PANEL CIPRES,Paneles exteriores
2023-03-01,17.0,257000.0,10,PANEL-CIPRES,PANEL CIPRES,Paneles exteriores
2023-04-01,633.0,9569470.6,10,PANEL-CIPRES,PANEL CIPRES,Paneles exteriores
2023-05-01,425.0,6425000.01,10,PANEL-CIPRES,PANEL CIPRES,Paneles exteriores
2023-06-01,0.0,0.0,10,PANEL-CIPRES,PANEL CIPRES,Paneles exteriores
2023-07-01,115.0,1738529.4,10,PANEL-CIPRES,PANEL CIPRES,Paneles exteriores
2023-08-01,211.0,3189823.53,10,PANEL-CIPRES,PANEL CIPRES,Paneles exteriores
2023-09-01,151.0,2282764.72,10,PANEL-CIPRES,PANEL CIPRES,Paneles exteriores
2023-10-01,264.0,3991058.8200000003,10,PANEL-CIPRES,PANEL CIPRES,Paneles exteriores
2023-11-01,139.0,2101352.95,10,PANEL-CIPRES,PANEL CIPRES,Paneles exteriores
2023-12-01,878.0,13273294.100000001,10,PANEL-CIPRES,PANEL CIPRES,Paneles exteriores
2024-01-01,348.0,5260941.17,10,PANEL-CIPRES,PANEL CIPRES,Paneles exteriores
2024-02-01,695.0,10506764.709999999,10,PANEL-CIPRES,PANEL CIPRES,Paneles exteriores
2024-03-01,39.0,589588.24,10,PANEL-CIPRES,PANEL CIPRES,Paneles exteriores
2024-04-01,132.0,1995529.4100000001,10,PANEL-CIPRES,PANEL CIPRES,Paneles exteriores
2024-05-01,829.0,12532529.39,10,PANEL-CIPRES,PANEL CIPRES,Paneles exteriores
2024-06-01,175.0,2645588.23,10,PANEL-CIPRES,PANEL CIPRES,Paneles exteriores
2024-07-01,150.0,2267647.06,10,PANEL-CIPRES,PANEL CIPRES,Paneles exteriores
2024-08-01,258.0,3900352.94,10,PANEL-CIPRES,PANEL CIPRES,Paneles exteriores
2024-09-01,184.0,2781647.0599999996,10,PANEL-CIPRES,PANEL CIPRES,Paneles exteriores
2024-10-01,227.0,3431705.86,10,PANEL-CIPRES,PANEL CIPRES,Paneles exteriores
2024-11-01,81.0,1224529.43,10,PANEL-CIPRES,PANEL CIPRES,Paneles exteriores
2024-12-01,603.0,9115941.17,10,PANEL-CIPRES,PANEL CIPRES,Paneles exteriores
2025-01-01,176.0,2660705.88,10,PANEL-CIPRES,PANEL CIPRES,Paneles exteriores
2025-02-01,272.0,4112000.01,10,PANEL-CIPRES,PANEL CIPRES,Paneles exteriores
2025-03-01,155.0,2343235.3000000003,10,PANEL-CIPRES,PANEL CIPRES,Paneles exteriores
2025-04-01,6.0,90705.89,10,PANEL-CIPRES,PANEL CIPRES,Paneles exteriores
2025-05-01,2.0,30235.29,10,PANEL-CIPRES,PANEL CIPRES,Paneles exteriores
2025-06-01,159.0,2403705.87,10,PANEL-CIPRES,PANEL CIPRES,Paneles exteriores
2025-07-01,161.0,2433941.18,10,PANEL-CIPRES,PANEL CIPRES,Paneles exteriores
2025-08-01,206.0,3114235.3,10,PANEL-CIPRES,PANEL CIPRES,Paneles exteriores
2025-09-01,84.0,1269882.36,10,PANEL-CIPRES,PANEL CIPRES,Paneles exteriores
2025-10-01,219.0,3310764.69,10,PANEL-CIPRES,PANEL CIPRES,Paneles exteriores
2025-11-01,293.0,4429470.58,10,PANEL-CIPRES,PANEL CIPRES,Paneles exteriores
2025-12-01,216.0,3265411.77,10,PANEL-CIPRES,PANEL CIPRES,Paneles exteriores
2026-01-01,289.0,4369000.0,10,PANEL-CIPRES,PANEL CIPRES,Paneles exteriores
2026-02-01,290.0,4384117.66,10,PANEL-CIPRES,PANEL CIPRES,Paneles exteriores
2026-03-01,181.0,2736294.12,10,PANEL-CIPRES,PANEL CIPRES,Paneles exteriores
2026-04-01,88.0,1330352.93,10,PANEL-CIPRES,PANEL CIPRES,Paneles exteriores
2026-05-01,59.0,891941.17,10,PANEL-CIPRES,PANEL CIPRES,Paneles exteriores
2026-06-01,52.0,786117.65,10,PANEL-CIPRES,PANEL CIPRES,Paneles exteriores
2026-07-01,0.0,0.0,10,PANEL-CIPRES,PANEL CIPRES,Paneles exteriores
2022-12-01,118.0,1783882.35,11,PANEL-BLACK,PANEL BLACK,Paneles exteriores
2023-01-01,40.0,604705.88,11,PANEL-BLACK,PANEL BLACK,Paneles exteriores
2023-02-01,121.0,1829235.31,11,PANEL-BLACK,PANEL BLACK,Paneles exteriores
2023-03-01,88.0,1330352.94,11,PANEL-BLACK,PANEL BLACK,Paneles exteriores
2023-04-01,392.0,5926117.65,11,PANEL-BLACK,PANEL BLACK,Paneles exteriores
2023-05-01,40.0,604705.89,11,PANEL-BLACK,PANEL BLACK,Paneles exteriores
2023-06-01,0.0,0.0,11,PANEL-BLACK,PANEL BLACK,Paneles exteriores
2023-07-01,54.0,816352.94,11,PANEL-BLACK,PANEL BLACK,Paneles exteriores
2023-08-01,25.0,377941.18,11,PANEL-BLACK,PANEL BLACK,Paneles exteriores
2023-09-01,84.0,1269882.3499999999,11,PANEL-BLACK,PANEL BLACK,Paneles exteriores
2023-10-01,201.0,3038647.05,11,PANEL-BLACK,PANEL BLACK,Paneles exteriores
2023-11-01,216.0,3265411.77,11,PANEL-BLACK,PANEL BLACK,Paneles exteriores
2023-12-01,284.0,4293411.7700000005,11,PANEL-BLACK,PANEL BLACK,Paneles exteriores
2024-01-01,0.0,0.0,11,PANEL-BLACK,PANEL BLACK,Paneles exteriores
2024-02-01,0.0,0.0,11,PANEL-BLACK,PANEL BLACK,Paneles exteriores
2024-03-01,0.0,0.0,11,PANEL-BLACK,PANEL BLACK,Paneles exteriores
2024-04-01,25.0,377941.18,11,PANEL-BLACK,PANEL BLACK,Paneles exteriores
2024-05-01,545.0,8239117.649999999,11,PANEL-BLACK,PANEL BLACK,Paneles exteriores
2024-06-01,4.0,60470.58,11,PANEL-BLACK,PANEL BLACK,Paneles exteriores
2024-07-01,32.0,483764.69999999995,11,PANEL-BLACK,PANEL BLACK,Paneles exteriores
2024-08-01,164.0,2479294.12,11,PANEL-BLACK,PANEL BLACK,Paneles exteriores
2024-09-01,0.0,0.0,11,PANEL-BLACK,PANEL BLACK,Paneles exteriores
2024-10-01,68.0,1028000.0,11,PANEL-BLACK,PANEL BLACK,Paneles exteriores
2024-11-01,77.0,1164058.82,11,PANEL-BLACK,PANEL BLACK,Paneles exteriores
2024-12-01,167.0,2524647.06,11,PANEL-BLACK,PANEL BLACK,Paneles exteriores
2025-01-01,179.0,2706058.82,11,PANEL-BLACK,PANEL BLACK,Paneles exteriores
2025-02-01,22.0,332588.23,11,PANEL-BLACK,PANEL BLACK,Paneles exteriores
2025-03-01,104.0,1572235.3,11,PANEL-BLACK,PANEL BLACK,Paneles exteriores
2025-04-01,4.0,60470.59,11,PANEL-BLACK,PANEL BLACK,Paneles exteriores
2025-05-01,28.0,423294.12,11,PANEL-BLACK,PANEL BLACK,Paneles exteriores
2025-06-01,56.0,846588.24,11,PANEL-BLACK,PANEL BLACK,Paneles exteriores
2025-07-01,8.0,120941.18,11,PANEL-BLACK,PANEL BLACK,Paneles exteriores
2025-08-01,8.0,120941.18,11,PANEL-BLACK,PANEL BLACK,Paneles exteriores
2025-09-01,0.0,0.0,11,PANEL-BLACK,PANEL BLACK,Paneles exteriores
2025-10-01,52.0,786117.65,11,PANEL-BLACK,PANEL BLACK,Paneles exteriores
2025-11-01,5.0,75588.24,11,PANEL-BLACK,PANEL BLACK,Paneles exteriores
2025-12-01,217.0,3280529.41,11,PANEL-BLACK,PANEL BLACK,Paneles exteriores
2026-01-01,12.0,181411.76,11,PANEL-BLACK,PANEL BLACK,Paneles exteriores
2026-02-01,0.0,0.0,11,PANEL-BLACK,PANEL BLACK,Paneles exteriores
2026-03-01,8.0,120941.18,11,PANEL-BLACK,PANEL BLACK,Paneles exteriores
2026-04-01,0.0,0.0,11,PANEL-BLACK,PANEL BLACK,Paneles exteriores
2026-05-01,0.0,0.0,11,PANEL-BLACK,PANEL BLACK,Paneles exteriores
2026-06-01,0.0,0.0,11,PANEL-BLACK,PANEL BLACK,Paneles exteriores
2026-07-01,0.0,0.0,11,PANEL-BLACK,PANEL BLACK,Paneles exteriores
2025-09-01,6.0,93226.89,12,PANEL-NEW-BLACK,PANEL NEW BLACK,Paneles exteriores
2025-10-01,158.0,2454974.78,12,PANEL-NEW-BLACK,PANEL NEW BLACK,Paneles exteriores
2025-11-01,0.0,0.0,12,PANEL-NEW-BLACK,PANEL NEW BLACK,Paneles exteriores
2025-12-01,0.0,0.0,12,PANEL-NEW-BLACK,PANEL NEW BLACK,Paneles exteriores
2026-01-01,0.0,0.0,12,PANEL-NEW-BLACK,PANEL NEW BLACK,Paneles exteriores
2026-02-01,142.0,2206369.75,12,PANEL-NEW-BLACK,PANEL NEW BLACK,Paneles exteriores
2026-03-01,367.0,5702378.13,12,PANEL-NEW-BLACK,PANEL NEW BLACK,Paneles exteriores
2026-04-01,18.0,279680.67,12,PANEL-NEW-BLACK,PANEL NEW BLACK,Paneles exteriores
2026-05-01,64.0,994420.16,12,PANEL-NEW-BLACK,PANEL NEW BLACK,Paneles exteriores
2026-06-01,262.0,4070907.5599999996,12,PANEL-NEW-BLACK,PANEL NEW BLACK,Paneles exteriores
2026-07-01,0.0,0.0,12,PANEL-NEW-BLACK,PANEL NEW BLACK,Paneles exteriores
2022-12-01,108.0,1632705.87,13,PANEL-GREY,PANEL GREY,Paneles exteriores
2023-01-01,441.0,6666882.339999999,13,PANEL-GREY,PANEL GREY,Paneles exteriores
2023-02-01,90.0,1360588.24,13,PANEL-GREY,PANEL GREY,Paneles exteriores
2023-03-01,35.0,529117.65,13,PANEL-GREY,PANEL GREY,Paneles exteriores
2023-04-01,598.0,9040352.94,13,PANEL-GREY,PANEL GREY,Paneles exteriores
2023-05-01,330.0,4988823.52,13,PANEL-GREY,PANEL GREY,Paneles exteriores
2023-06-01,334.0,5049294.11,13,PANEL-GREY,PANEL GREY,Paneles exteriores
2023-07-01,430.0,6500588.2299999995,13,PANEL-GREY,PANEL GREY,Paneles exteriores
2023-08-01,227.0,3431705.88,13,PANEL-GREY,PANEL GREY,Paneles exteriores
2023-09-01,139.0,2101352.95,13,PANEL-GREY,PANEL GREY,Paneles exteriores
2023-10-01,52.0,786117.65,13,PANEL-GREY,PANEL GREY,Paneles exteriores
2023-11-01,482.0,7286705.88,13,PANEL-GREY,PANEL GREY,Paneles exteriores
2023-12-01,33.0,498882.36,13,PANEL-GREY,PANEL GREY,Paneles exteriores
2024-01-01,470.0,7105294.130000001,13,PANEL-GREY,PANEL GREY,Paneles exteriores
2024-02-01,464.0,7014588.25,13,PANEL-GREY,PANEL GREY,Paneles exteriores
2024-03-01,755.0,11413823.54,13,PANEL-GREY,PANEL GREY,Paneles exteriores
2024-04-01,179.0,2706058.83,13,PANEL-GREY,PANEL GREY,Paneles exteriores
2024-05-01,344.0,5200470.58,13,PANEL-GREY,PANEL GREY,Paneles exteriores
2024-06-01,232.0,3507294.11,13,PANEL-GREY,PANEL GREY,Paneles exteriores
2024-07-01,161.0,2433941.18,13,PANEL-GREY,PANEL GREY,Paneles exteriores
2024-08-01,417.0,6304058.83,13,PANEL-GREY,PANEL GREY,Paneles exteriores
2024-09-01,23.0,347705.88,13,PANEL-GREY,PANEL GREY,Paneles exteriores
2024-10-01,104.0,1572235.3,13,PANEL-GREY,PANEL GREY,Paneles exteriores
2024-11-01,62.0,937294.13,13,PANEL-GREY,PANEL GREY,Paneles exteriores
2024-12-01,24.0,362823.54,13,PANEL-GREY,PANEL GREY,Paneles exteriores
2025-01-01,86.0,1300117.65,13,PANEL-GREY,PANEL GREY,Paneles exteriores
2025-02-01,263.0,3975941.18,13,PANEL-GREY,PANEL GREY,Paneles exteriores
2025-03-01,212.0,3204941.17,13,PANEL-GREY,PANEL GREY,Paneles exteriores
2025-04-01,118.0,1783882.3599999999,13,PANEL-GREY,PANEL GREY,Paneles exteriores
2025-05-01,44.0,665176.47,13,PANEL-GREY,PANEL GREY,Paneles exteriores
2025-06-01,29.0,438411.77,13,PANEL-GREY,PANEL GREY,Paneles exteriores
2025-07-01,4.0,60470.58,13,PANEL-GREY,PANEL GREY,Paneles exteriores
2025-08-01,47.0,710529.42,13,PANEL-GREY,PANEL GREY,Paneles exteriores
2025-09-01,271.0,4096882.36,13,PANEL-GREY,PANEL GREY,Paneles exteriores
2025-10-01,7.0,105823.53,13,PANEL-GREY,PANEL GREY,Paneles exteriores
2025-11-01,0.0,0.0,13,PANEL-GREY,PANEL GREY,Paneles exteriores
2025-12-01,23.0,347705.89,13,PANEL-GREY,PANEL GREY,Paneles exteriores
2026-01-01,322.0,4867882.35,13,PANEL-GREY,PANEL GREY,Paneles exteriores
2026-02-01,255.0,3854999.99,13,PANEL-GREY,PANEL GREY,Paneles exteriores
2026-03-01,122.0,1844352.96,13,PANEL-GREY,PANEL GREY,Paneles exteriores
2026-04-01,196.0,2963058.82,13,PANEL-GREY,PANEL GREY,Paneles exteriores
2026-05-01,8.0,120941.18,13,PANEL-GREY,PANEL GREY,Paneles exteriores
2026-06-01,0.0,0.0,13,PANEL-GREY,PANEL GREY,Paneles exteriores
2026-07-01,0.0,0.0,13,PANEL-GREY,PANEL GREY,Paneles exteriores
2023-06-01,675.0,10204411.76,14,PANEL-ALERCE,PANEL ALERCE,Paneles exteriores
2023-07-01,25.0,377941.18,14,PANEL-ALERCE,PANEL ALERCE,Paneles exteriores
2023-08-01,159.0,2403705.89,14,PANEL-ALERCE,PANEL ALERCE,Paneles exteriores
2023-09-01,96.0,1451294.12,14,PANEL-ALERCE,PANEL ALERCE,Paneles exteriores
2023-10-01,141.0,2131588.24,14,PANEL-ALERCE,PANEL ALERCE,Paneles exteriores
2023-11-01,439.0,6636647.06,14,PANEL-ALERCE,PANEL ALERCE,Paneles exteriores
2023-12-01,30.0,453529.41000000003,14,PANEL-ALERCE,PANEL ALERCE,Paneles exteriores
2024-01-01,102.0,1542000.01,14,PANEL-ALERCE,PANEL ALERCE,Paneles exteriores
2024-02-01,194.0,2932823.52,14,PANEL-ALERCE,PANEL ALERCE,Paneles exteriores
2024-03-01,262.0,3960823.53,14,PANEL-ALERCE,PANEL ALERCE,Paneles exteriores
2024-04-01,321.0,4852764.71,14,PANEL-ALERCE,PANEL ALERCE,Paneles exteriores
2024-05-01,0.0,0.0,14,PANEL-ALERCE,PANEL ALERCE,Paneles exteriores
2024-06-01,8.0,120941.18,14,PANEL-ALERCE,PANEL ALERCE,Paneles exteriores
2024-07-01,0.0,0.0,14,PANEL-ALERCE,PANEL ALERCE,Paneles exteriores
2024-08-01,0.0,0.0,14,PANEL-ALERCE,PANEL ALERCE,Paneles exteriores
2024-09-01,0.0,0.0,14,PANEL-ALERCE,PANEL ALERCE,Paneles exteriores
2024-10-01,0.0,0.0,14,PANEL-ALERCE,PANEL ALERCE,Paneles exteriores
2024-11-01,0.0,0.0,14,PANEL-ALERCE,PANEL ALERCE,Paneles exteriores
2024-12-01,0.0,0.0,14,PANEL-ALERCE,PANEL ALERCE,Paneles exteriores
2025-01-01,0.0,0.0,14,PANEL-ALERCE,PANEL ALERCE,Paneles exteriores
2025-02-01,165.0,2494411.76,14,PANEL-ALERCE,PANEL ALERCE,Paneles exteriores
2025-03-01,57.0,861705.89,14,PANEL-ALERCE,PANEL ALERCE,Paneles exteriores
2025-04-01,0.0,0.0,14,PANEL-ALERCE,PANEL ALERCE,Paneles exteriores
2025-05-01,0.0,0.0,14,PANEL-ALERCE,PANEL ALERCE,Paneles exteriores
2025-06-01,122.0,1844352.9400000002,14,PANEL-ALERCE,PANEL ALERCE,Paneles exteriores
2025-07-01,79.0,1194294.12,14,PANEL-ALERCE,PANEL ALERCE,Paneles exteriores
2025-08-01,63.0,952411.76,14,PANEL-ALERCE,PANEL ALERCE,Paneles exteriores
2025-09-01,0.0,0.0,14,PANEL-ALERCE,PANEL ALERCE,Paneles exteriores
2025-10-01,32.0,483764.71,14,PANEL-ALERCE,PANEL ALERCE,Paneles exteriores
2025-11-01,344.0,5200470.600000001,14,PANEL-ALERCE,PANEL ALERCE,Paneles exteriores
2025-12-01,183.0,2766529.41,14,PANEL-ALERCE,PANEL ALERCE,Paneles exteriores
2026-01-01,164.0,2479294.11,14,PANEL-ALERCE,PANEL ALERCE,Paneles exteriores
2026-02-01,9.0,136058.82,14,PANEL-ALERCE,PANEL ALERCE,Paneles exteriores
2026-03-01,205.0,3099117.63,14,PANEL-ALERCE,PANEL ALERCE,Paneles exteriores
2026-04-01,90.0,1360588.23,14,PANEL-ALERCE,PANEL ALERCE,Paneles exteriores
2026-05-01,8.0,120941.18,14,PANEL-ALERCE,PANEL ALERCE,Paneles exteriores
2026-06-01,8.0,120941.18,14,PANEL-ALERCE,PANEL ALERCE,Paneles exteriores
2026-07-01,0.0,0.0,14,PANEL-ALERCE,PANEL ALERCE,Paneles exteriores
2023-12-01,108.0,543630.26,16,ELM-LIGHT,ELM Light Claro,Paneles interiores
2024-01-01,451.0,2270159.68,16,ELM-LIGHT,ELM Light Claro,Paneles interiores
2024-02-01,656.0,3302050.42,16,ELM-LIGHT,ELM Light Claro,Paneles interiores
2024-03-01,2.0,10067.23,16,ELM-LIGHT,ELM Light Claro,Paneles interiores
2024-04-01,0.0,0.0,16,ELM-LIGHT,ELM Light Claro,Paneles interiores
2024-05-01,346.0,1741630.26,16,ELM-LIGHT,ELM Light Claro,Paneles interiores
2024-06-01,454.0,2285260.4899999998,16,ELM-LIGHT,ELM Light Claro,Paneles interiores
2024-07-01,631.0,3176210.1,16,ELM-LIGHT,ELM Light Claro,Paneles interiores
2024-08-01,238.0,1198000.0,16,ELM-LIGHT,ELM Light Claro,Paneles interiores
2024-09-01,145.0,729873.95,16,ELM-LIGHT,ELM Light Claro,Paneles interiores
2024-10-01,181.0,911084.03,16,ELM-LIGHT,ELM Light Claro,Paneles interiores
2024-11-01,11.0,55369.75,16,ELM-LIGHT,ELM Light Claro,Paneles interiores
2024-12-01,33.0,166109.24,16,ELM-LIGHT,ELM Light Claro,Paneles interiores
2025-01-01,291.0,1464781.51,16,ELM-LIGHT,ELM Light Claro,Paneles interiores
2025-02-01,179.0,901016.81,16,ELM-LIGHT,ELM Light Claro,Paneles interiores
2025-03-01,211.0,1062092.44,16,ELM-LIGHT,ELM Light Claro,Paneles interiores
2025-04-01,80.0,402689.08,16,ELM-LIGHT,ELM Light Claro,Paneles interiores
2025-05-01,65.0,327184.87,16,ELM-LIGHT,ELM Light Claro,Paneles interiores
2025-06-01,257.0,1293638.66,16,ELM-LIGHT,ELM Light Claro,Paneles interiores
2025-07-01,106.0,533563.0299999999,16,ELM-LIGHT,ELM Light Claro,Paneles interiores
2025-08-01,198.0,996655.46,16,ELM-LIGHT,ELM Light Claro,Paneles interiores
2025-09-01,94.0,473159.68,16,ELM-LIGHT,ELM Light Claro,Paneles interiores
2025-10-01,78.0,392621.85,16,ELM-LIGHT,ELM Light Claro,Paneles interiores
2025-11-01,250.0,1258403.35,16,ELM-LIGHT,ELM Light Claro,Paneles interiores
2025-12-01,41.0,206378.14,16,ELM-LIGHT,ELM Light Claro,Paneles interiores
2026-01-01,99.0,498327.74,16,ELM-LIGHT,ELM Light Claro,Paneles interiores
2026-02-01,56.0,281882.35,16,ELM-LIGHT,ELM Light Claro,Paneles interiores
2026-03-01,51.0,256714.28,16,ELM-LIGHT,ELM Light Claro,Paneles interiores
2026-04-01,205.0,1031890.75,16,ELM-LIGHT,ELM Light Claro,Paneles interiores
2026-05-01,252.0,1268470.58,16,ELM-LIGHT,ELM Light Claro,Paneles interiores
2026-06-01,26.0,130873.95,16,ELM-LIGHT,ELM Light Claro,Paneles interiores
2026-07-01,0.0,0.0,16,ELM-LIGHT,ELM Light Claro,Paneles interiores
2024-05-01,56.0,281882.36,17,ELM-GREY,ELM Grey,Paneles interiores
2024-06-01,115.0,578865.54,17,ELM-GREY,ELM Grey,Paneles interiores
2024-07-01,83.0,417789.92000000004,17,ELM-GREY,ELM Grey,Paneles interiores
2024-08-01,117.0,588932.78,17,ELM-GREY,ELM Grey,Paneles interiores
2024-09-01,32.0,161075.63,17,ELM-GREY,ELM Grey,Paneles interiores
2024-10-01,74.0,372487.39,17,ELM-GREY,ELM Grey,Paneles interiores
2024-11-01,60.0,302016.81,17,ELM-GREY,ELM Grey,Paneles interiores
2024-12-01,93.0,468126.04,17,ELM-GREY,ELM Grey,Paneles interiores
2025-01-01,124.0,624168.07,17,ELM-GREY,ELM Grey,Paneles interiores
2025-02-01,76.0,382554.63,17,ELM-GREY,ELM Grey,Paneles interiores
2025-03-01,15.0,75504.2,17,ELM-GREY,ELM Grey,Paneles interiores
2025-04-01,63.0,317117.64,17,ELM-GREY,ELM Grey,Paneles interiores
2025-05-01,11.0,55369.75,17,ELM-GREY,ELM Grey,Paneles interiores
2025-06-01,27.0,135907.57,17,ELM-GREY,ELM Grey,Paneles interiores
2025-07-01,13.0,65436.97,17,ELM-GREY,ELM Grey,Paneles interiores
2025-08-01,6.0,30201.68,17,ELM-GREY,ELM Grey,Paneles interiores
2025-09-01,42.0,211411.76,17,ELM-GREY,ELM Grey,Paneles interiores
2025-10-01,6.0,30201.68,17,ELM-GREY,ELM Grey,Paneles interiores
2025-11-01,56.0,281882.36,17,ELM-GREY,ELM Grey,Paneles interiores
2025-12-01,44.0,221478.99999999997,17,ELM-GREY,ELM Grey,Paneles interiores
2026-01-01,0.0,0.0,17,ELM-GREY,ELM Grey,Paneles interiores
2026-02-01,10.0,50336.130000000005,17,ELM-GREY,ELM Grey,Paneles interiores
2026-03-01,17.0,85571.42,17,ELM-GREY,ELM Grey,Paneles interiores
2026-04-01,15.0,75504.2,17,ELM-GREY,ELM Grey,Paneles interiores
2026-05-01,27.0,135907.56,17,ELM-GREY,ELM Grey,Paneles interiores
2026-06-01,0.0,0.0,17,ELM-GREY,ELM Grey,Paneles interiores
2026-07-01,0.0,0.0,17,ELM-GREY,ELM Grey,Paneles interiores
2024-12-01,32.0,161075.63,18,ELM-AGED,ELM AGED,Paneles interiores
2025-01-01,250.0,1258403.36,18,ELM-AGED,ELM AGED,Paneles interiores
2025-02-01,388.0,1953042.04,18,ELM-AGED,ELM AGED,Paneles interiores
2025-03-01,69.0,347319.33,18,ELM-AGED,ELM AGED,Paneles interiores
2025-04-01,129.0,649336.12,18,ELM-AGED,ELM AGED,Paneles interiores
2025-05-01,0.0,0.0,18,ELM-AGED,ELM AGED,Paneles interiores
2025-06-01,140.0,704705.88,18,ELM-AGED,ELM AGED,Paneles interiores
2025-07-01,62.0,312084.03,18,ELM-AGED,ELM AGED,Paneles interiores
2025-08-01,284.0,1429546.2,18,ELM-AGED,ELM AGED,Paneles interiores
2025-09-01,196.0,986588.23,18,ELM-AGED,ELM AGED,Paneles interiores
2025-10-01,231.0,1162764.69,18,ELM-AGED,ELM AGED,Paneles interiores
2025-11-01,65.0,327184.89,18,ELM-AGED,ELM AGED,Paneles interiores
2025-12-01,161.0,810411.78,18,ELM-AGED,ELM AGED,Paneles interiores
2026-01-01,145.0,729873.96,18,ELM-AGED,ELM AGED,Paneles interiores
2026-02-01,91.0,458058.82,18,ELM-AGED,ELM AGED,Paneles interiores
2026-03-01,104.0,523495.8,18,ELM-AGED,ELM AGED,Paneles interiores
2026-04-01,190.0,956386.55,18,ELM-AGED,ELM AGED,Paneles interiores
2026-05-01,34.0,171142.84999999998,18,ELM-AGED,ELM AGED,Paneles interiores
2026-06-01,25.0,125840.34,18,ELM-AGED,ELM AGED,Paneles interiores
2026-07-01,0.0,0.0,18,ELM-AGED,ELM AGED,Paneles interiores
2025-07-01,38.0,191277.31,19,ELM-BLACK,ELM Black,Paneles interiores
2025-08-01,23.0,115773.10999999999,19,ELM-BLACK,ELM Black,Paneles interiores
2025-09-01,40.0,201344.54,19,ELM-BLACK,ELM Black,Paneles interiores
2025-10-01,23.0,115773.11,19,ELM-BLACK,ELM Black,Paneles interiores
2025-11-01,0.0,0.0,19,ELM-BLACK,ELM Black,Paneles interiores
2025-12-01,18.0,90605.04000000001,19,ELM-BLACK,ELM Black,Paneles interiores
2026-01-01,21.0,105705.88,19,ELM-BLACK,ELM Black,Paneles interiores
2026-02-01,0.0,0.0,19,ELM-BLACK,ELM Black,Paneles interiores
2026-03-01,3.0,15100.84,19,ELM-BLACK,ELM Black,Paneles interiores
2026-04-01,47.0,236579.83000000002,19,ELM-BLACK,ELM Black,Paneles interiores
2026-05-01,22.0,110739.5,19,ELM-BLACK,ELM Black,Paneles interiores
2026-06-01,0.0,0.0,19,ELM-BLACK,ELM Black,Paneles interiores
2026-07-01,0.0,0.0,19,ELM-BLACK,ELM Black,Paneles interiores
2023-12-01,1.0,5033.61,20,T111-TEAK,T1-11 Teak,Paneles interiores
2024-01-01,530.0,2667815.1399999997,20,T111-TEAK,T1-11 Teak,Paneles interiores
2024-02-01,248.0,1248336.1400000001,20,T111-TEAK,T1-11 Teak,Paneles interiores
2024-03-01,112.0,563764.71,20,T111-TEAK,T1-11 Teak,Paneles interiores
2024-04-01,219.0,1102361.35,20,T111-TEAK,T1-11 Teak,Paneles interiores
2024-05-01,26.0,130873.95000000001,20,T111-TEAK,T1-11 Teak,Paneles interiores
2024-06-01,15.0,75504.2,20,T111-TEAK,T1-11 Teak,Paneles interiores
2024-07-01,23.0,115773.12000000001,20,T111-TEAK,T1-11 Teak,Paneles interiores
2024-08-01,25.0,125840.34,20,T111-TEAK,T1-11 Teak,Paneles interiores
2024-09-01,0.0,0.0,20,T111-TEAK,T1-11 Teak,Paneles interiores
2024-10-01,0.0,0.0,20,T111-TEAK,T1-11 Teak,Paneles interiores
2024-11-01,43.0,216445.37999999998,20,T111-TEAK,T1-11 Teak,Paneles interiores
2024-12-01,35.0,176176.47,20,T111-TEAK,T1-11 Teak,Paneles interiores
2025-01-01,64.0,322151.26,20,T111-TEAK,T1-11 Teak,Paneles interiores
2025-02-01,36.0,181210.08,20,T111-TEAK,T1-11 Teak,Paneles interiores
2025-03-01,0.0,0.0,20,T111-TEAK,T1-11 Teak,Paneles interiores
2025-04-01,0.0,0.0,20,T111-TEAK,T1-11 Teak,Paneles interiores
2025-05-01,27.0,135907.56,20,T111-TEAK,T1-11 Teak,Paneles interiores
2025-06-01,0.0,0.0,20,T111-TEAK,T1-11 Teak,Paneles interiores
2025-07-01,0.0,0.0,20,T111-TEAK,T1-11 Teak,Paneles interiores
2025-08-01,0.0,0.0,20,T111-TEAK,T1-11 Teak,Paneles interiores
2025-09-01,0.0,0.0,20,T111-TEAK,T1-11 Teak,Paneles interiores
2025-10-01,0.0,0.0,20,T111-TEAK,T1-11 Teak,Paneles interiores
2025-11-01,0.0,0.0,20,T111-TEAK,T1-11 Teak,Paneles interiores
2025-12-01,0.0,0.0,20,T111-TEAK,T1-11 Teak,Paneles interiores
2026-01-01,0.0,0.0,20,T111-TEAK,T1-11 Teak,Paneles interiores
2026-02-01,0.0,0.0,20,T111-TEAK,T1-11 Teak,Paneles interiores
2026-03-01,0.0,0.0,20,T111-TEAK,T1-11 Teak,Paneles interiores
2026-04-01,0.0,0.0,20,T111-TEAK,T1-11 Teak,Paneles interiores
2026-05-01,0.0,0.0,20,T111-TEAK,T1-11 Teak,Paneles interiores
2026-06-01,0.0,0.0,20,T111-TEAK,T1-11 Teak,Paneles interiores
2026-07-01,0.0,0.0,20,T111-TEAK,T1-11 Teak,Paneles interiores
2024-05-01,32.0,161075.63,21,T111-CHERRY,T1-11 Cherry,Paneles interiores
2024-06-01,147.0,739941.1799999999,21,T111-CHERRY,T1-11 Cherry,Paneles interiores
2024-07-01,165.0,830546.21,21,T111-CHERRY,T1-11 Cherry,Paneles interiores
2024-08-01,0.0,0.0,21,T111-CHERRY,T1-11 Cherry,Paneles interiores
2024-09-01,4.0,20134.45,21,T111-CHERRY,T1-11 Cherry,Paneles interiores
2024-10-01,26.0,130873.94,21,T111-CHERRY,T1-11 Cherry,Paneles interiores
2024-11-01,12.0,60403.36,21,T111-CHERRY,T1-11 Cherry,Paneles interiores
2024-12-01,0.0,0.0,21,T111-CHERRY,T1-11 Cherry,Paneles interiores
2025-01-01,66.0,332218.5,21,T111-CHERRY,T1-11 Cherry,Paneles interiores
2025-02-01,62.0,312084.04000000004,21,T111-CHERRY,T1-11 Cherry,Paneles interiores
2025-03-01,74.0,372487.4,21,T111-CHERRY,T1-11 Cherry,Paneles interiores
2025-04-01,122.0,614100.84,21,T111-CHERRY,T1-11 Cherry,Paneles interiores
2025-05-01,2.0,10067.23,21,T111-CHERRY,T1-11 Cherry,Paneles interiores
2025-06-01,80.0,402689.08,21,T111-CHERRY,T1-11 Cherry,Paneles interiores
2025-07-01,139.0,699672.27,21,T111-CHERRY,T1-11 Cherry,Paneles interiores
2025-08-01,54.0,271815.12,21,T111-CHERRY,T1-11 Cherry,Paneles interiores
2025-09-01,67.0,337252.1,21,T111-CHERRY,T1-11 Cherry,Paneles interiores
2025-10-01,508.0,2557075.63,21,T111-CHERRY,T1-11 Cherry,Paneles interiores
2025-11-01,135.0,679537.83,21,T111-CHERRY,T1-11 Cherry,Paneles interiores
2025-12-01,283.0,1424512.61,21,T111-CHERRY,T1-11 Cherry,Paneles interiores
2026-01-01,193.0,971487.4,21,T111-CHERRY,T1-11 Cherry,Paneles interiores
2026-02-01,22.0,110739.5,21,T111-CHERRY,T1-11 Cherry,Paneles interiores
2026-03-01,177.0,890949.59,21,T111-CHERRY,T1-11 Cherry,Paneles interiores
2026-04-01,10.0,50336.13,21,T111-CHERRY,T1-11 Cherry,Paneles interiores
2026-05-01,0.0,0.0,21,T111-CHERRY,T1-11 Cherry,Paneles interiores
2026-06-01,0.0,0.0,21,T111-CHERRY,T1-11 Cherry,Paneles interiores
2026-07-01,0.0,0.0,21,T111-CHERRY,T1-11 Cherry,Paneles interiores
2024-05-01,68.0,342285.71,22,T111-DARK,T1-11 Dark,Paneles interiores
2024-06-01,195.0,981554.63,22,T111-DARK,T1-11 Dark,Paneles interiores
2024-07-01,114.0,573831.93,22,T111-DARK,T1-11 Dark,Paneles interiores
2024-08-01,40.0,201344.53999999998,22,T111-DARK,T1-11 Dark,Paneles interiores
2024-09-01,74.0,372487.4,22,T111-DARK,T1-11 Dark,Paneles interiores
2024-10-01,122.0,614100.8400000001,22,T111-DARK,T1-11 Dark,Paneles interiores
2024-11-01,16.0,80537.81,22,T111-DARK,T1-11 Dark,Paneles interiores
2024-12-01,81.0,407722.68,22,T111-DARK,T1-11 Dark,Paneles interiores
2025-01-01,147.0,739941.1699999999,22,T111-DARK,T1-11 Dark,Paneles interiores
2025-02-01,175.0,880882.36,22,T111-DARK,T1-11 Dark,Paneles interiores
2025-03-01,99.0,498327.74,22,T111-DARK,T1-11 Dark,Paneles interiores
2025-04-01,179.0,901016.8200000001,22,T111-DARK,T1-11 Dark,Paneles interiores
2025-05-01,58.0,291949.58,22,T111-DARK,T1-11 Dark,Paneles interiores
2025-06-01,15.0,75504.2,22,T111-DARK,T1-11 Dark,Paneles interiores
2025-07-01,80.0,402689.08,22,T111-DARK,T1-11 Dark,Paneles interiores
2025-08-01,174.0,875848.74,22,T111-DARK,T1-11 Dark,Paneles interiores
2025-09-01,466.0,2345663.86,22,T111-DARK,T1-11 Dark,Paneles interiores
2025-10-01,219.0,1102361.34,22,T111-DARK,T1-11 Dark,Paneles interiores
2025-11-01,249.0,1253369.76,22,T111-DARK,T1-11 Dark,Paneles interiores
2025-12-01,11.0,55369.75,22,T111-DARK,T1-11 Dark,Paneles interiores
2026-01-01,577.0,2904394.96,22,T111-DARK,T1-11 Dark,Paneles interiores
2026-02-01,116.0,583899.17,22,T111-DARK,T1-11 Dark,Paneles interiores
2026-03-01,412.0,2073848.72,22,T111-DARK,T1-11 Dark,Paneles interiores
2026-04-01,11.0,55369.75,22,T111-DARK,T1-11 Dark,Paneles interiores
2026-05-01,61.0,307050.42000000004,22,T111-DARK,T1-11 Dark,Paneles interiores
2026-06-01,7.0,35235.29,22,T111-DARK,T1-11 Dark,Paneles interiores
2026-07-01,0.0,0.0,22,T111-DARK,T1-11 Dark,Paneles interiores
2025-07-01,140.0,704705.88,23,T111-LIGHT,T1-11 Light,Paneles interiores
2025-08-01,252.0,1268470.59,23,T111-LIGHT,T1-11 Light,Paneles interiores
2025-09-01,0.0,0.0,23,T111-LIGHT,T1-11 Light,Paneles interiores
2025-10-01,0.0,0.0,23,T111-LIGHT,T1-11 Light,Paneles interiores
2025-11-01,0.0,0.0,23,T111-LIGHT,T1-11 Light,Paneles interiores
2025-12-01,16.0,80537.82,23,T111-LIGHT,T1-11 Light,Paneles interiores
2026-01-01,147.0,739941.18,23,T111-LIGHT,T1-11 Light,Paneles interiores
2026-02-01,282.0,1419479.0,23,T111-LIGHT,T1-11 Light,Paneles interiores
2026-03-01,75.0,377521.0,23,T111-LIGHT,T1-11 Light,Paneles interiores
2026-04-01,313.0,1575521.01,23,T111-LIGHT,T1-11 Light,Paneles interiores
2026-05-01,79.0,397655.46,23,T111-LIGHT,T1-11 Light,Paneles interiores
2026-06-01,32.0,161075.63,23,T111-LIGHT,T1-11 Light,Paneles interiores
2026-07-01,0.0,0.0,23,T111-LIGHT,T1-11 Light,Paneles interiores
2025-08-01,40.0,671932.77,24,WALLTEX-BLANCO,WALL tex blanco,Revestimientos murales
2025-09-01,47.0,789521.01,24,WALLTEX-BLANCO,WALL tex blanco,Revestimientos murales
2025-10-01,20.0,335966.4,24,WALLTEX-BLANCO,WALL tex blanco,Revestimientos murales
2025-11-01,19.0,319168.07,24,WALLTEX-BLANCO,WALL tex blanco,Revestimientos murales
2025-12-01,0.0,0.0,24,WALLTEX-BLANCO,WALL tex blanco,Revestimientos murales
2026-01-01,0.0,0.0,24,WALLTEX-BLANCO,WALL tex blanco,Revestimientos murales
2026-02-01,0.0,0.0,24,WALLTEX-BLANCO,WALL tex blanco,Revestimientos murales
2026-03-01,0.0,0.0,24,WALLTEX-BLANCO,WALL tex blanco,Revestimientos murales
2026-04-01,0.0,0.0,24,WALLTEX-BLANCO,WALL tex blanco,Revestimientos murales
2026-05-01,0.0,0.0,24,WALLTEX-BLANCO,WALL tex blanco,Revestimientos murales
2026-06-01,0.0,0.0,24,WALLTEX-BLANCO,WALL tex blanco,Revestimientos murales
2026-07-01,0.0,0.0,24,WALLTEX-BLANCO,WALL tex blanco,Revestimientos murales
2023-12-01,2.0,33596.64,25,WALLTEX-CAFE,WALL tex café,Revestimientos murales
2024-01-01,0.0,0.0,25,WALLTEX-CAFE,WALL tex café,Revestimientos murales
2024-02-01,0.0,0.0,25,WALLTEX-CAFE,WALL tex café,Revestimientos murales
2024-03-01,0.0,0.0,25,WALLTEX-CAFE,WALL tex café,Revestimientos murales
2024-04-01,6.0,100789.92,25,WALLTEX-CAFE,WALL tex café,Revestimientos murales
2024-05-01,20.0,335966.39,25,WALLTEX-CAFE,WALL tex café,Revestimientos murales
2024-06-01,7.0,117588.23999999999,25,WALLTEX-CAFE,WALL tex café,Revestimientos murales
2024-07-01,0.0,0.0,25,WALLTEX-CAFE,WALL tex café,Revestimientos murales
2024-08-01,0.0,0.0,25,WALLTEX-CAFE,WALL tex café,Revestimientos murales
2024-09-01,0.0,0.0,25,WALLTEX-CAFE,WALL tex café,Revestimientos murales
2024-10-01,11.0,184781.52,25,WALLTEX-CAFE,WALL tex café,Revestimientos murales
2024-11-01,7.0,117588.24,25,WALLTEX-CAFE,WALL tex café,Revestimientos murales
2024-12-01,0.0,0.0,25,WALLTEX-CAFE,WALL tex café,Revestimientos murales
2025-01-01,2.0,33596.64,25,WALLTEX-CAFE,WALL tex café,Revestimientos murales
2025-02-01,81.0,1360663.87,25,WALLTEX-CAFE,WALL tex café,Revestimientos murales
2025-03-01,6.0,100789.92,25,WALLTEX-CAFE,WALL tex café,Revestimientos murales
2025-04-01,3.0,50394.96,25,WALLTEX-CAFE,WALL tex café,Revestimientos murales
2025-05-01,13.0,218378.15000000002,25,WALLTEX-CAFE,WALL tex café,Revestimientos murales
2025-06-01,1.0,16798.32,25,WALLTEX-CAFE,WALL tex café,Revestimientos murales
2025-07-01,9.0,151184.88,25,WALLTEX-CAFE,WALL tex café,Revestimientos murales
2025-08-01,15.0,251974.79,25,WALLTEX-CAFE,WALL tex café,Revestimientos murales
2025-09-01,42.0,705529.4,25,WALLTEX-CAFE,WALL tex café,Revestimientos murales
2025-10-01,46.0,772722.7,25,WALLTEX-CAFE,WALL tex café,Revestimientos murales
2025-11-01,44.0,739126.04,25,WALLTEX-CAFE,WALL tex café,Revestimientos murales
2025-12-01,52.0,873512.61,25,WALLTEX-CAFE,WALL tex café,Revestimientos murales
2026-01-01,56.0,940705.8999999999,25,WALLTEX-CAFE,WALL tex café,Revestimientos murales
2026-02-01,46.0,772722.69,25,WALLTEX-CAFE,WALL tex café,Revestimientos murales
2026-03-01,0.0,0.0,25,WALLTEX-CAFE,WALL tex café,Revestimientos murales
2026-04-01,0.0,0.0,25,WALLTEX-CAFE,WALL tex café,Revestimientos murales
2026-05-01,0.0,0.0,25,WALLTEX-CAFE,WALL tex café,Revestimientos murales
2026-06-01,0.0,0.0,25,WALLTEX-CAFE,WALL tex café,Revestimientos murales
2026-07-01,0.0,0.0,25,WALLTEX-CAFE,WALL tex café,Revestimientos murales
2023-12-01,12.0,342756.3,26,MARMO-BLANCA,Marmolisima Blanca,Revestimientos murales
2024-01-01,125.0,3570378.16,26,MARMO-BLANCA,Marmolisima Blanca,Revestimientos murales
2024-02-01,260.0,7426386.56,26,MARMO-BLANCA,Marmolisima Blanca,Revestimientos murales
2024-03-01,115.0,3284747.92,26,MARMO-BLANCA,Marmolisima Blanca,Revestimientos murales
2024-04-01,12.0,342756.31000000006,26,MARMO-BLANCA,Marmolisima Blanca,Revestimientos murales
2024-05-01,247.0,7055067.25,26,MARMO-BLANCA,Marmolisima Blanca,Revestimientos murales
2024-06-01,156.0,4455831.95,26,MARMO-BLANCA,Marmolisima Blanca,Revestimientos murales
2024-07-01,53.0,1513840.35,26,MARMO-BLANCA,Marmolisima Blanca,Revestimientos murales
2024-08-01,0.0,0.0,26,MARMO-BLANCA,Marmolisima Blanca,Revestimientos murales
2024-09-01,104.0,2970554.64,26,MARMO-BLANCA,Marmolisima Blanca,Revestimientos murales
2024-10-01,102.0,2913428.6,26,MARMO-BLANCA,Marmolisima Blanca,Revestimientos murales
2024-11-01,128.0,3656067.2399999998,26,MARMO-BLANCA,Marmolisima Blanca,Revestimientos murales
2024-12-01,193.0,5512663.88,26,MARMO-BLANCA,Marmolisima Blanca,Revestimientos murales
2025-01-01,262.0,7483512.6,26,MARMO-BLANCA,Marmolisima Blanca,Revestimientos murales
2025-02-01,175.0,4998529.42,26,MARMO-BLANCA,Marmolisima Blanca,Revestimientos murales
2025-03-01,111.0,3170495.81,26,MARMO-BLANCA,Marmolisima Blanca,Revestimientos murales
2025-04-01,66.0,1885159.67,26,MARMO-BLANCA,Marmolisima Blanca,Revestimientos murales
2025-05-01,104.0,2970554.64,26,MARMO-BLANCA,Marmolisima Blanca,Revestimientos murales
2025-06-01,91.0,2599235.31,26,MARMO-BLANCA,Marmolisima Blanca,Revestimientos murales
2025-07-01,122.0,3484689.1,26,MARMO-BLANCA,Marmolisima Blanca,Revestimientos murales
2025-08-01,111.0,3170495.81,26,MARMO-BLANCA,Marmolisima Blanca,Revestimientos murales
2025-09-01,103.0,2941991.5900000003,26,MARMO-BLANCA,Marmolisima Blanca,Revestimientos murales
2025-10-01,151.0,4313016.83,26,MARMO-BLANCA,Marmolisima Blanca,Revestimientos murales
2025-11-01,141.0,4027386.56,26,MARMO-BLANCA,Marmolisima Blanca,Revestimientos murales
2025-12-01,145.0,4141638.68,26,MARMO-BLANCA,Marmolisima Blanca,Revestimientos murales
2026-01-01,170.0,4855714.29,26,MARMO-BLANCA,Marmolisima Blanca,Revestimientos murales
2026-02-01,100.0,2856302.53,26,MARMO-BLANCA,Marmolisima Blanca,Revestimientos murales
2026-03-01,70.0,1999411.79,26,MARMO-BLANCA,Marmolisima Blanca,Revestimientos murales
2026-04-01,98.0,2799176.4699999997,26,MARMO-BLANCA,Marmolisima Blanca,Revestimientos murales
2026-05-01,44.0,1256773.13,26,MARMO-BLANCA,Marmolisima Blanca,Revestimientos murales
2026-06-01,15.0,428445.4,26,MARMO-BLANCA,Marmolisima Blanca,Revestimientos murales
2026-07-01,0.0,0.0,26,MARMO-BLANCA,Marmolisima Blanca,Revestimientos murales
2024-01-01,117.0,3341873.95,27,MARMO-GRIS,Marmolisima Gris,Revestimientos murales
2024-02-01,67.0,1913722.69,27,MARMO-GRIS,Marmolisima Gris,Revestimientos murales
2024-03-01,71.0,2027974.81,27,MARMO-GRIS,Marmolisima Gris,Revestimientos murales
2024-04-01,23.0,656949.5800000001,27,MARMO-GRIS,Marmolisima Gris,Revestimientos murales
2024-05-01,59.0,1685218.5,27,MARMO-GRIS,Marmolisima Gris,Revestimientos murales
2024-06-01,51.0,1456714.29,27,MARMO-GRIS,Marmolisima Gris,Revestimientos murales
2024-07-01,103.0,2941991.62,27,MARMO-GRIS,Marmolisima Gris,Revestimientos murales
2024-08-01,20.0,571260.51,27,MARMO-GRIS,Marmolisima Gris,Revestimientos murales
2024-09-01,69.0,1970848.76,27,MARMO-GRIS,Marmolisima Gris,Revestimientos murales
2024-10-01,40.0,1142521.03,27,MARMO-GRIS,Marmolisima Gris,Revestimientos murales
2024-11-01,40.0,1142521.02,27,MARMO-GRIS,Marmolisima Gris,Revestimientos murales
2024-12-01,17.0,485571.43,27,MARMO-GRIS,Marmolisima Gris,Revestimientos murales
2025-01-01,0.0,0.0,27,MARMO-GRIS,Marmolisima Gris,Revestimientos murales
2025-02-01,63.0,1799470.5899999999,27,MARMO-GRIS,Marmolisima Gris,Revestimientos murales
2025-03-01,80.0,2285042.0300000003,27,MARMO-GRIS,Marmolisima Gris,Revestimientos murales
2025-04-01,81.0,2313605.05,27,MARMO-GRIS,Marmolisima Gris,Revestimientos murales
2025-05-01,35.0,999705.9,27,MARMO-GRIS,Marmolisima Gris,Revestimientos murales
2025-06-01,87.0,2484983.21,27,MARMO-GRIS,Marmolisima Gris,Revestimientos murales
2025-07-01,107.0,3056243.73,27,MARMO-GRIS,Marmolisima Gris,Revestimientos murales
2025-08-01,111.0,3170495.8,27,MARMO-GRIS,Marmolisima Gris,Revestimientos murales
2025-09-01,98.0,2799176.52,27,MARMO-GRIS,Marmolisima Gris,Revestimientos murales
2025-10-01,249.0,7112193.32,27,MARMO-GRIS,Marmolisima Gris,Revestimientos murales
2025-11-01,46.0,1313899.1600000001,27,MARMO-GRIS,Marmolisima Gris,Revestimientos murales
2025-12-01,20.0,571260.5,27,MARMO-GRIS,Marmolisima Gris,Revestimientos murales
2026-01-01,115.0,3284747.93,27,MARMO-GRIS,Marmolisima Gris,Revestimientos murales
2026-02-01,35.0,999705.89,27,MARMO-GRIS,Marmolisima Gris,Revestimientos murales
2026-03-01,53.0,1513840.36,27,MARMO-GRIS,Marmolisima Gris,Revestimientos murales
2026-04-01,78.0,2227915.98,27,MARMO-GRIS,Marmolisima Gris,Revestimientos murales
2026-05-01,72.0,2056537.83,27,MARMO-GRIS,Marmolisima Gris,Revestimientos murales
2026-06-01,6.0,171378.16,27,MARMO-GRIS,Marmolisima Gris,Revestimientos murales
2026-07-01,0.0,0.0,27,MARMO-GRIS,Marmolisima Gris,Revestimientos murales
2024-05-01,12.0,342756.31,28,MARMO-TRAVERTINO,Marmolisima Travertino,Revestimientos murales
2024-06-01,5.0,142815.13,28,MARMO-TRAVERTINO,Marmolisima Travertino,Revestimientos murales
2024-07-01,72.0,2056537.82,28,MARMO-TRAVERTINO,Marmolisima Travertino,Revestimientos murales
2024-08-01,41.0,1171084.03,28,MARMO-TRAVERTINO,Marmolisima Travertino,Revestimientos murales
2024-09-01,7.0,199941.18,28,MARMO-TRAVERTINO,Marmolisima Travertino,Revestimientos murales
2024-10-01,0.0,0.0,28,MARMO-TRAVERTINO,Marmolisima Travertino,Revestimientos murales
2024-11-01,15.0,428445.38,28,MARMO-TRAVERTINO,Marmolisima Travertino,Revestimientos murales
2024-12-01,119.0,3399000.0,28,MARMO-TRAVERTINO,Marmolisima Travertino,Revestimientos murales
2025-01-01,14.0,399882.35,28,MARMO-TRAVERTINO,Marmolisima Travertino,Revestimientos murales
2025-02-01,10.0,285630.25,28,MARMO-TRAVERTINO,Marmolisima Travertino,Revestimientos murales
2025-03-01,18.0,514134.46,28,MARMO-TRAVERTINO,Marmolisima Travertino,Revestimientos murales
2025-04-01,8.0,228504.2,28,MARMO-TRAVERTINO,Marmolisima Travertino,Revestimientos murales
2025-05-01,2.0,57126.05,28,MARMO-TRAVERTINO,Marmolisima Travertino,Revestimientos murales
2025-06-01,13.0,371319.33,28,MARMO-TRAVERTINO,Marmolisima Travertino,Revestimientos murales
2025-07-01,0.0,0.0,28,MARMO-TRAVERTINO,Marmolisima Travertino,Revestimientos murales
2025-08-01,6.0,171378.16,28,MARMO-TRAVERTINO,Marmolisima Travertino,Revestimientos murales
2025-09-01,9.0,257067.23,28,MARMO-TRAVERTINO,Marmolisima Travertino,Revestimientos murales
2025-10-01,31.0,885453.78,28,MARMO-TRAVERTINO,Marmolisima Travertino,Revestimientos murales
2025-11-01,10.0,285630.26,28,MARMO-TRAVERTINO,Marmolisima Travertino,Revestimientos murales
2025-12-01,13.0,371319.33999999997,28,MARMO-TRAVERTINO,Marmolisima Travertino,Revestimientos murales
2026-01-01,38.0,1085394.96,28,MARMO-TRAVERTINO,Marmolisima Travertino,Revestimientos murales
2026-02-01,5.0,142815.13,28,MARMO-TRAVERTINO,Marmolisima Travertino,Revestimientos murales
2026-03-01,8.0,228504.21,28,MARMO-TRAVERTINO,Marmolisima Travertino,Revestimientos murales
2026-04-01,0.0,0.0,28,MARMO-TRAVERTINO,Marmolisima Travertino,Revestimientos murales
2026-05-01,7.0,199941.18,28,MARMO-TRAVERTINO,Marmolisima Travertino,Revestimientos murales
2026-06-01,0.0,0.0,28,MARMO-TRAVERTINO,Marmolisima Travertino,Revestimientos murales
2026-07-01,0.0,0.0,28,MARMO-TRAVERTINO,Marmolisima Travertino,Revestimientos murales
2024-05-01,20.0,571260.51,29,MARMO-NEGRA,Marmolisima Negra,Revestimientos murales
2024-06-01,35.0,999705.91,29,MARMO-NEGRA,Marmolisima Negra,Revestimientos murales
2024-07-01,49.0,1399588.25,29,MARMO-NEGRA,Marmolisima Negra,Revestimientos murales
2024-08-01,6.0,171378.16,29,MARMO-NEGRA,Marmolisima Negra,Revestimientos murales
2024-09-01,5.0,142815.14,29,MARMO-NEGRA,Marmolisima Negra,Revestimientos murales
2024-10-01,22.0,628386.55,29,MARMO-NEGRA,Marmolisima Negra,Revestimientos murales
2024-11-01,13.0,371319.34,29,MARMO-NEGRA,Marmolisima Negra,Revestimientos murales
2024-12-01,38.0,1085394.97,29,MARMO-NEGRA,Marmolisima Negra,Revestimientos murales
2025-01-01,95.0,2713487.43,29,MARMO-NEGRA,Marmolisima Negra,Revestimientos murales
2025-02-01,50.0,1428151.3,29,MARMO-NEGRA,Marmolisima Negra,Revestimientos murales
2025-03-01,22.0,628386.56,29,MARMO-NEGRA,Marmolisima Negra,Revestimientos murales
2025-04-01,26.0,742638.66,29,MARMO-NEGRA,Marmolisima Negra,Revestimientos murales
2025-05-01,29.0,828327.75,29,MARMO-NEGRA,Marmolisima Negra,Revestimientos murales
2025-06-01,0.0,0.0,29,MARMO-NEGRA,Marmolisima Negra,Revestimientos murales
2025-07-01,7.0,199941.18,29,MARMO-NEGRA,Marmolisima Negra,Revestimientos murales
2025-08-01,18.0,514134.46,29,MARMO-NEGRA,Marmolisima Negra,Revestimientos murales
2025-09-01,3.0,85689.08,29,MARMO-NEGRA,Marmolisima Negra,Revestimientos murales
2025-10-01,141.0,4027386.5600000005,29,MARMO-NEGRA,Marmolisima Negra,Revestimientos murales
2025-11-01,20.0,571260.51,29,MARMO-NEGRA,Marmolisima Negra,Revestimientos murales
2025-12-01,18.0,514134.48,29,MARMO-NEGRA,Marmolisima Negra,Revestimientos murales
2026-01-01,8.0,228504.2,29,MARMO-NEGRA,Marmolisima Negra,Revestimientos murales
2026-02-01,7.0,199941.19,29,MARMO-NEGRA,Marmolisima Negra,Revestimientos murales
2026-03-01,14.0,399882.36,29,MARMO-NEGRA,Marmolisima Negra,Revestimientos murales
2026-04-01,9.0,257067.22999999998,29,MARMO-NEGRA,Marmolisima Negra,Revestimientos murales
2026-05-01,23.0,656949.59,29,MARMO-NEGRA,Marmolisima Negra,Revestimientos murales
2026-06-01,0.0,0.0,29,MARMO-NEGRA,Marmolisima Negra,Revestimientos murales
2026-07-01,0.0,0.0,29,MARMO-NEGRA,Marmolisima Negra,Revestimientos murales
2024-05-01,16.0,457008.41000000003,30,MARMO-AZUL,Marmolisima Azul,Revestimientos murales
2024-06-01,39.0,1113957.99,30,MARMO-AZUL,Marmolisima Azul,Revestimientos murales
2024-07-01,51.0,1456714.3,30,MARMO-AZUL,Marmolisima Azul,Revestimientos murales
2024-08-01,8.0,228504.21000000002,30,MARMO-AZUL,Marmolisima Azul,Revestimientos murales
2024-09-01,24.0,685512.61,30,MARMO-AZUL,Marmolisima Azul,Revestimientos murales
2024-10-01,7.0,199941.18,30,MARMO-AZUL,Marmolisima Azul,Revestimientos murales
2024-11-01,23.0,656949.5800000001,30,MARMO-AZUL,Marmolisima Azul,Revestimientos murales
2024-12-01,17.0,485571.43,30,MARMO-AZUL,Marmolisima Azul,Revestimientos murales
2025-01-01,65.0,1856596.65,30,MARMO-AZUL,Marmolisima Azul,Revestimientos murales
2025-02-01,36.0,1028268.91,30,MARMO-AZUL,Marmolisima Azul,Revestimientos murales
2025-03-01,59.0,1685218.51,30,MARMO-AZUL,Marmolisima Azul,Revestimientos murales
2025-04-01,26.0,742638.67,30,MARMO-AZUL,Marmolisima Azul,Revestimientos murales
2025-05-01,4.0,114252.1,30,MARMO-AZUL,Marmolisima Azul,Revestimientos murales
2025-06-01,0.0,0.0,30,MARMO-AZUL,Marmolisima Azul,Revestimientos murales
2025-07-01,16.0,457008.4,30,MARMO-AZUL,Marmolisima Azul,Revestimientos murales
2025-08-01,52.0,1485277.31,30,MARMO-AZUL,Marmolisima Azul,Revestimientos murales
2025-09-01,23.0,656949.59,30,MARMO-AZUL,Marmolisima Azul,Revestimientos murales
2025-10-01,95.0,2713487.42,30,MARMO-AZUL,Marmolisima Azul,Revestimientos murales
2025-11-01,58.0,1656655.47,30,MARMO-AZUL,Marmolisima Azul,Revestimientos murales
2025-12-01,132.0,3770319.33,30,MARMO-AZUL,Marmolisima Azul,Revestimientos murales
2026-01-01,27.0,771201.6900000001,30,MARMO-AZUL,Marmolisima Azul,Revestimientos murales
2026-02-01,45.0,1285336.13,30,MARMO-AZUL,Marmolisima Azul,Revestimientos murales
2026-03-01,18.0,514134.46,30,MARMO-AZUL,Marmolisima Azul,Revestimientos murales
2026-04-01,12.0,342756.31,30,MARMO-AZUL,Marmolisima Azul,Revestimientos murales
2026-05-01,22.0,628386.57,30,MARMO-AZUL,Marmolisima Azul,Revestimientos murales
2026-06-01,3.0,85689.08,30,MARMO-AZUL,Marmolisima Azul,Revestimientos murales
2026-07-01,0.0,0.0,30,MARMO-AZUL,Marmolisima Azul,Revestimientos murales
2026-01-01,35.0,735000.0,32,MARMOL-SPC-3MM,Marmol SPC 3mm,Revestimientos murales
2026-02-01,18.0,378000.0,32,MARMOL-SPC-3MM,Marmol SPC 3mm,Revestimientos murales
2026-03-01,39.0,819000.0,32,MARMOL-SPC-3MM,Marmol SPC 3mm,Revestimientos murales
2026-04-01,63.0,1323000.0,32,MARMOL-SPC-3MM,Marmol SPC 3mm,Revestimientos murales
2026-05-01,17.0,357000.0,32,MARMOL-SPC-3MM,Marmol SPC 3mm,Revestimientos murales
2026-06-01,0.0,0.0,32,MARMOL-SPC-3MM,Marmol SPC 3mm,Revestimientos murales
2026-07-01,0.0,0.0,32,MARMOL-SPC-3MM,Marmol SPC 3mm,Revestimientos murales
2024-08-01,41.0,654277.33,33,PANEL-WHITE-INT,Panel White Interior,Revestimientos murales
2024-09-01,18.0,287243.69999999995,33,PANEL-WHITE-INT,Panel White Interior,Revestimientos murales
2024-10-01,32.0,510655.47,33,PANEL-WHITE-INT,Panel White Interior,Revestimientos murales
2024-11-01,50.0,797899.16,33,PANEL-WHITE-INT,Panel White Interior,Revestimientos murales
2024-12-01,117.0,1867084.0399999998,33,PANEL-WHITE-INT,Panel White Interior,Revestimientos murales
2025-01-01,31.0,494697.48,33,PANEL-WHITE-INT,Panel White Interior,Revestimientos murales
2025-02-01,7.0,111705.88,33,PANEL-WHITE-INT,Panel White Interior,Revestimientos murales
2025-03-01,0.0,0.0,33,PANEL-WHITE-INT,Panel White Interior,Revestimientos murales
2025-04-01,0.0,0.0,33,PANEL-WHITE-INT,Panel White Interior,Revestimientos murales
2025-05-01,0.0,0.0,33,PANEL-WHITE-INT,Panel White Interior,Revestimientos murales
2025-06-01,85.0,1356428.5799999998,33,PANEL-WHITE-INT,Panel White Interior,Revestimientos murales
2025-07-01,59.0,941521.01,33,PANEL-WHITE-INT,Panel White Interior,Revestimientos murales
2025-08-01,52.0,829815.12,33,PANEL-WHITE-INT,Panel White Interior,Revestimientos murales
2025-09-01,4.0,63831.93,33,PANEL-WHITE-INT,Panel White Interior,Revestimientos murales
2025-10-01,66.0,1053226.89,33,PANEL-WHITE-INT,Panel White Interior,Revestimientos murales
2025-11-01,74.0,1180890.76,33,PANEL-WHITE-INT,Panel White Interior,Revestimientos murales
2025-12-01,28.0,446823.52999999997,33,PANEL-WHITE-INT,Panel White Interior,Revestimientos murales
2026-01-01,2.0,31915.97,33,PANEL-WHITE-INT,Panel White Interior,Revestimientos murales
2026-02-01,0.0,0.0,33,PANEL-WHITE-INT,Panel White Interior,Revestimientos murales
2026-03-01,60.0,957478.99,33,PANEL-WHITE-INT,Panel White Interior,Revestimientos murales
2026-04-01,12.0,191495.8,33,PANEL-WHITE-INT,Panel White Interior,Revestimientos murales
2026-05-01,10.0,159579.84,33,PANEL-WHITE-INT,Panel White Interior,Revestimientos murales
2026-06-01,0.0,0.0,33,PANEL-WHITE-INT,Panel White Interior,Revestimientos murales
2026-07-01,0.0,0.0,33,PANEL-WHITE-INT,Panel White Interior,Revestimientos murales
2025-04-01,15.0,239369.75,34,PANEL-ROCA-LIGHT,Panel Roca Light,Revestimientos murales
2025-05-01,0.0,0.0,34,PANEL-ROCA-LIGHT,Panel Roca Light,Revestimientos murales
2025-06-01,0.0,0.0,34,PANEL-ROCA-LIGHT,Panel Roca Light,Revestimientos murales
2025-07-01,4.0,63831.93,34,PANEL-ROCA-LIGHT,Panel Roca Light,Revestimientos murales
2025-08-01,0.0,0.0,34,PANEL-ROCA-LIGHT,Panel Roca Light,Revestimientos murales
2025-09-01,2.0,31915.97,34,PANEL-ROCA-LIGHT,Panel Roca Light,Revestimientos murales
2025-10-01,4.0,63831.93,34,PANEL-ROCA-LIGHT,Panel Roca Light,Revestimientos murales
2025-11-01,8.0,127663.86,34,PANEL-ROCA-LIGHT,Panel Roca Light,Revestimientos murales
2025-12-01,0.0,0.0,34,PANEL-ROCA-LIGHT,Panel Roca Light,Revestimientos murales
2026-01-01,0.0,0.0,34,PANEL-ROCA-LIGHT,Panel Roca Light,Revestimientos murales
2026-02-01,0.0,0.0,34,PANEL-ROCA-LIGHT,Panel Roca Light,Revestimientos murales
2026-03-01,0.0,0.0,34,PANEL-ROCA-LIGHT,Panel Roca Light,Revestimientos murales
2026-04-01,0.0,0.0,34,PANEL-ROCA-LIGHT,Panel Roca Light,Revestimientos murales
2026-05-01,0.0,0.0,34,PANEL-ROCA-LIGHT,Panel Roca Light,Revestimientos murales
2026-06-01,0.0,0.0,34,PANEL-ROCA-LIGHT,Panel Roca Light,Revestimientos murales
2026-07-01,0.0,0.0,34,PANEL-ROCA-LIGHT,Panel Roca Light,Revestimientos murales
2024-09-01,8.0,127663.87,35,PANEL-ROCA-BLACK,Panel Roca Black,Revestimientos murales
2024-10-01,0.0,0.0,35,PANEL-ROCA-BLACK,Panel Roca Black,Revestimientos murales
2024-11-01,0.0,0.0,35,PANEL-ROCA-BLACK,Panel Roca Black,Revestimientos murales
2024-12-01,35.0,558529.41,35,PANEL-ROCA-BLACK,Panel Roca Black,Revestimientos murales
2025-01-01,22.0,351075.63,35,PANEL-ROCA-BLACK,Panel Roca Black,Revestimientos murales
2025-02-01,0.0,0.0,35,PANEL-ROCA-BLACK,Panel Roca Black,Revestimientos murales
2025-03-01,0.0,0.0,35,PANEL-ROCA-BLACK,Panel Roca Black,Revestimientos murales
2025-04-01,12.0,191495.8,35,PANEL-ROCA-BLACK,Panel Roca Black,Revestimientos murales
2025-05-01,0.0,0.0,35,PANEL-ROCA-BLACK,Panel Roca Black,Revestimientos murales
2025-06-01,0.0,0.0,35,PANEL-ROCA-BLACK,Panel Roca Black,Revestimientos murales
2025-07-01,0.0,0.0,35,PANEL-ROCA-BLACK,Panel Roca Black,Revestimientos murales
2025-08-01,0.0,0.0,35,PANEL-ROCA-BLACK,Panel Roca Black,Revestimientos murales
2025-09-01,4.0,63831.93,35,PANEL-ROCA-BLACK,Panel Roca Black,Revestimientos murales
2025-10-01,2.0,31915.97,35,PANEL-ROCA-BLACK,Panel Roca Black,Revestimientos murales
2025-11-01,2.0,31915.97,35,PANEL-ROCA-BLACK,Panel Roca Black,Revestimientos murales
2025-12-01,0.0,0.0,35,PANEL-ROCA-BLACK,Panel Roca Black,Revestimientos murales
2026-01-01,0.0,0.0,35,PANEL-ROCA-BLACK,Panel Roca Black,Revestimientos murales
2026-02-01,0.0,0.0,35,PANEL-ROCA-BLACK,Panel Roca Black,Revestimientos murales
2026-03-01,0.0,0.0,35,PANEL-ROCA-BLACK,Panel Roca Black,Revestimientos murales
2026-04-01,0.0,0.0,35,PANEL-ROCA-BLACK,Panel Roca Black,Revestimientos murales
2026-05-01,0.0,0.0,35,PANEL-ROCA-BLACK,Panel Roca Black,Revestimientos murales
2026-06-01,0.0,0.0,35,PANEL-ROCA-BLACK,Panel Roca Black,Revestimientos murales
2026-07-01,0.0,0.0,35,PANEL-ROCA-BLACK,Panel Roca Black,Revestimientos murales
2025-04-01,15.0,100714.29,36,SEPARADOR-AMB,Separador de Ambiente,Revestimientos murales
2025-05-01,0.0,0.0,36,SEPARADOR-AMB,Separador de Ambiente,Revestimientos murales
2025-06-01,20.0,134285.72,36,SEPARADOR-AMB,Separador de Ambiente,Revestimientos murales
2025-07-01,12.0,80571.43,36,SEPARADOR-AMB,Separador de Ambiente,Revestimientos murales
2025-08-01,0.0,0.0,36,SEPARADOR-AMB,Separador de Ambiente,Revestimientos murales
2025-09-01,0.0,0.0,36,SEPARADOR-AMB,Separador de Ambiente,Revestimientos murales
2025-10-01,0.0,0.0,36,SEPARADOR-AMB,Separador de Ambiente,Revestimientos murales
2025-11-01,0.0,0.0,36,SEPARADOR-AMB,Separador de Ambiente,Revestimientos murales
2025-12-01,0.0,0.0,36,SEPARADOR-AMB,Separador de Ambiente,Revestimientos murales
2026-01-01,0.0,0.0,36,SEPARADOR-AMB,Separador de Ambiente,Revestimientos murales
2026-02-01,0.0,0.0,36,SEPARADOR-AMB,Separador de Ambiente,Revestimientos murales
2026-03-01,0.0,0.0,36,SEPARADOR-AMB,Separador de Ambiente,Revestimientos murales
2026-04-01,0.0,0.0,36,SEPARADOR-AMB,Separador de Ambiente,Revestimientos murales
2026-05-01,0.0,0.0,36,SEPARADOR-AMB,Separador de Ambiente,Revestimientos murales
2026-06-01,0.0,0.0,36,SEPARADOR-AMB,Separador de Ambiente,Revestimientos murales
2026-07-01,0.0,0.0,36,SEPARADOR-AMB,Separador de Ambiente,Revestimientos murales
2024-05-01,89.0,373201.67000000004,37,PERFIL-H-GREY,Perfil H Grey,Perfiles y terminaciones
2024-06-01,129.0,540932.77,37,PERFIL-H-GREY,Perfil H Grey,Perfiles y terminaciones
2024-07-01,82.0,343848.73,37,PERFIL-H-GREY,Perfil H Grey,Perfiles y terminaciones
2024-08-01,8.0,33546.22,37,PERFIL-H-GREY,Perfil H Grey,Perfiles y terminaciones
2024-09-01,56.0,234823.52000000002,37,PERFIL-H-GREY,Perfil H Grey,Perfiles y terminaciones
2024-10-01,32.0,134184.87,37,PERFIL-H-GREY,Perfil H Grey,Perfiles y terminaciones
2024-11-01,92.0,385781.51,37,PERFIL-H-GREY,Perfil H Grey,Perfiles y terminaciones
2024-12-01,64.0,268369.75,37,PERFIL-H-GREY,Perfil H Grey,Perfiles y terminaciones
2025-01-01,54.0,226436.98,37,PERFIL-H-GREY,Perfil H Grey,Perfiles y terminaciones
2025-02-01,214.0,897361.33,37,PERFIL-H-GREY,Perfil H Grey,Perfiles y terminaciones
2025-03-01,129.0,540932.77,37,PERFIL-H-GREY,Perfil H Grey,Perfiles y terminaciones
2025-04-01,116.0,486420.14,37,PERFIL-H-GREY,Perfil H Grey,Perfiles y terminaciones
2025-05-01,26.0,109025.21,37,PERFIL-H-GREY,Perfil H Grey,Perfiles y terminaciones
2025-06-01,5.0,20966.39,37,PERFIL-H-GREY,Perfil H Grey,Perfiles y terminaciones
2025-07-01,78.0,327075.64,37,PERFIL-H-GREY,Perfil H Grey,Perfiles y terminaciones
2025-08-01,121.0,507386.57,37,PERFIL-H-GREY,Perfil H Grey,Perfiles y terminaciones
2025-09-01,140.0,587058.8,37,PERFIL-H-GREY,Perfil H Grey,Perfiles y terminaciones
2025-10-01,170.0,712857.14,37,PERFIL-H-GREY,Perfil H Grey,Perfiles y terminaciones
2025-11-01,86.0,360621.84,37,PERFIL-H-GREY,Perfil H Grey,Perfiles y terminaciones
2025-12-01,31.0,129991.59,37,PERFIL-H-GREY,Perfil H Grey,Perfiles y terminaciones
2026-01-01,148.0,620605.04,37,PERFIL-H-GREY,Perfil H Grey,Perfiles y terminaciones
2026-02-01,63.0,264176.46,37,PERFIL-H-GREY,Perfil H Grey,Perfiles y terminaciones
2026-03-01,60.0,251596.63,37,PERFIL-H-GREY,Perfil H Grey,Perfiles y terminaciones
2026-04-01,62.0,259983.18,37,PERFIL-H-GREY,Perfil H Grey,Perfiles y terminaciones
2026-05-01,90.0,377394.96,37,PERFIL-H-GREY,Perfil H Grey,Perfiles y terminaciones
2026-06-01,6.0,25159.66,37,PERFIL-H-GREY,Perfil H Grey,Perfiles y terminaciones
2026-07-01,0.0,0.0,37,PERFIL-H-GREY,Perfil H Grey,Perfiles y terminaciones
2024-05-01,24.0,100638.66,38,PERFIL-H-GOLD,Perfil H Gold,Perfiles y terminaciones
2024-06-01,14.0,58705.869999999995,38,PERFIL-H-GOLD,Perfil H Gold,Perfiles y terminaciones
2024-07-01,40.0,167731.1,38,PERFIL-H-GOLD,Perfil H Gold,Perfiles y terminaciones
2024-08-01,17.0,71285.70999999999,38,PERFIL-H-GOLD,Perfil H Gold,Perfiles y terminaciones
2024-09-01,0.0,0.0,38,PERFIL-H-GOLD,Perfil H Gold,Perfiles y terminaciones
2024-10-01,9.0,37739.490000000005,38,PERFIL-H-GOLD,Perfil H Gold,Perfiles y terminaciones
2024-11-01,12.0,50319.33,38,PERFIL-H-GOLD,Perfil H Gold,Perfiles y terminaciones
2024-12-01,54.0,226436.96,38,PERFIL-H-GOLD,Perfil H Gold,Perfiles y terminaciones
2025-01-01,56.0,234823.54,38,PERFIL-H-GOLD,Perfil H Gold,Perfiles y terminaciones
2025-02-01,66.0,276756.3,38,PERFIL-H-GOLD,Perfil H Gold,Perfiles y terminaciones
2025-03-01,18.0,75478.98,38,PERFIL-H-GOLD,Perfil H Gold,Perfiles y terminaciones
2025-04-01,14.0,58705.88,38,PERFIL-H-GOLD,Perfil H Gold,Perfiles y terminaciones
2025-05-01,45.0,188697.47,38,PERFIL-H-GOLD,Perfil H Gold,Perfiles y terminaciones
2025-06-01,27.0,113218.48999999999,38,PERFIL-H-GOLD,Perfil H Gold,Perfiles y terminaciones
2025-07-01,50.0,209663.87,38,PERFIL-H-GOLD,Perfil H Gold,Perfiles y terminaciones
2025-08-01,29.0,121605.05,38,PERFIL-H-GOLD,Perfil H Gold,Perfiles y terminaciones
2025-09-01,26.0,109025.22,38,PERFIL-H-GOLD,Perfil H Gold,Perfiles y terminaciones
2025-10-01,45.0,188697.49,38,PERFIL-H-GOLD,Perfil H Gold,Perfiles y terminaciones
2025-11-01,15.0,62899.15,38,PERFIL-H-GOLD,Perfil H Gold,Perfiles y terminaciones
2025-12-01,66.0,276756.32,38,PERFIL-H-GOLD,Perfil H Gold,Perfiles y terminaciones
2026-01-01,82.0,343848.74,38,PERFIL-H-GOLD,Perfil H Gold,Perfiles y terminaciones
2026-02-01,35.0,146764.71,38,PERFIL-H-GOLD,Perfil H Gold,Perfiles y terminaciones
2026-03-01,0.0,0.0,38,PERFIL-H-GOLD,Perfil H Gold,Perfiles y terminaciones
2026-04-01,3.0,12579.83,38,PERFIL-H-GOLD,Perfil H Gold,Perfiles y terminaciones
2026-05-01,34.0,142571.43,38,PERFIL-H-GOLD,Perfil H Gold,Perfiles y terminaciones
2026-06-01,2.0,8386.55,38,PERFIL-H-GOLD,Perfil H Gold,Perfiles y terminaciones
2026-07-01,0.0,0.0,38,PERFIL-H-GOLD,Perfil H Gold,Perfiles y terminaciones
2025-07-01,42.0,176117.65,39,PERFIL-E-GREY,Perfil E Grey,Perfiles y terminaciones
2025-08-01,63.0,264176.47,39,PERFIL-E-GREY,Perfil E Grey,Perfiles y terminaciones
2025-09-01,34.0,142571.42,39,PERFIL-E-GREY,Perfil E Grey,Perfiles y terminaciones
2025-10-01,48.0,201277.27,39,PERFIL-E-GREY,Perfil E Grey,Perfiles y terminaciones
2025-11-01,4.0,16773.11,39,PERFIL-E-GREY,Perfil E Grey,Perfiles y terminaciones
2025-12-01,10.0,41932.770000000004,39,PERFIL-E-GREY,Perfil E Grey,Perfiles y terminaciones
2026-01-01,48.0,201277.31,39,PERFIL-E-GREY,Perfil E Grey,Perfiles y terminaciones
2026-02-01,34.0,142571.43,39,PERFIL-E-GREY,Perfil E Grey,Perfiles y terminaciones
2026-03-01,32.0,134184.85,39,PERFIL-E-GREY,Perfil E Grey,Perfiles y terminaciones
2026-04-01,16.0,67092.42,39,PERFIL-E-GREY,Perfil E Grey,Perfiles y terminaciones
2026-05-01,37.0,155151.26,39,PERFIL-E-GREY,Perfil E Grey,Perfiles y terminaciones
2026-06-01,6.0,25159.66,39,PERFIL-E-GREY,Perfil E Grey,Perfiles y terminaciones
2026-07-01,0.0,0.0,39,PERFIL-E-GREY,Perfil E Grey,Perfiles y terminaciones
2025-08-01,8.0,33546.22,40,PERFIL-E-GOLD,Perfil E Gold,Perfiles y terminaciones
2025-09-01,11.0,46126.05,40,PERFIL-E-GOLD,Perfil E Gold,Perfiles y terminaciones
2025-10-01,12.0,50319.32,40,PERFIL-E-GOLD,Perfil E Gold,Perfiles y terminaciones
2025-11-01,16.0,67092.44,40,PERFIL-E-GOLD,Perfil E Gold,Perfiles y terminaciones
2025-12-01,21.0,88058.81,40,PERFIL-E-GOLD,Perfil E Gold,Perfiles y terminaciones
2026-01-01,20.0,83865.55,40,PERFIL-E-GOLD,Perfil E Gold,Perfiles y terminaciones
2026-02-01,0.0,0.0,40,PERFIL-E-GOLD,Perfil E Gold,Perfiles y terminaciones
2026-03-01,0.0,0.0,40,PERFIL-E-GOLD,Perfil E Gold,Perfiles y terminaciones
2026-04-01,0.0,0.0,40,PERFIL-E-GOLD,Perfil E Gold,Perfiles y terminaciones
2026-05-01,3.0,12579.83,40,PERFIL-E-GOLD,Perfil E Gold,Perfiles y terminaciones
2026-06-01,0.0,0.0,40,PERFIL-E-GOLD,Perfil E Gold,Perfiles y terminaciones
2026-07-01,0.0,0.0,40,PERFIL-E-GOLD,Perfil E Gold,Perfiles y terminaciones
2025-09-01,7.0,52882.35,41,PERFIL-ITS-V-CIPRES,Perfil ITSPANEL V Cipres,Perfiles y terminaciones
2025-10-01,12.0,90655.45999999999,41,PERFIL-ITS-V-CIPRES,Perfil ITSPANEL V Cipres,Perfiles y terminaciones
2025-11-01,7.0,52882.35,41,PERFIL-ITS-V-CIPRES,Perfil ITSPANEL V Cipres,Perfiles y terminaciones
2025-12-01,17.0,128428.57,41,PERFIL-ITS-V-CIPRES,Perfil ITSPANEL V Cipres,Perfiles y terminaciones
2026-01-01,46.0,347512.59,41,PERFIL-ITS-V-CIPRES,Perfil ITSPANEL V Cipres,Perfiles y terminaciones
2026-02-01,0.0,0.0,41,PERFIL-ITS-V-CIPRES,Perfil ITSPANEL V Cipres,Perfiles y terminaciones
2026-03-01,11.0,83100.84,41,PERFIL-ITS-V-CIPRES,Perfil ITSPANEL V Cipres,Perfiles y terminaciones
2026-04-01,3.0,22663.87,41,PERFIL-ITS-V-CIPRES,Perfil ITSPANEL V Cipres,Perfiles y terminaciones
2026-05-01,0.0,0.0,41,PERFIL-ITS-V-CIPRES,Perfil ITSPANEL V Cipres,Perfiles y terminaciones
2026-06-01,5.0,37773.11,41,PERFIL-ITS-V-CIPRES,Perfil ITSPANEL V Cipres,Perfiles y terminaciones
2026-07-01,0.0,0.0,41,PERFIL-ITS-V-CIPRES,Perfil ITSPANEL V Cipres,Perfiles y terminaciones
2025-11-01,17.0,0.0,42,PERFIL-ITS-V-ALERCE,Perfil ITSPANEL V Alerce,Perfiles y terminaciones
2025-12-01,14.0,0.0,42,PERFIL-ITS-V-ALERCE,Perfil ITSPANEL V Alerce,Perfiles y terminaciones
2026-01-01,8.0,0.0,42,PERFIL-ITS-V-ALERCE,Perfil ITSPANEL V Alerce,Perfiles y terminaciones
2026-02-01,11.0,0.0,42,PERFIL-ITS-V-ALERCE,Perfil ITSPANEL V Alerce,Perfiles y terminaciones
2026-03-01,0.0,0.0,42,PERFIL-ITS-V-ALERCE,Perfil ITSPANEL V Alerce,Perfiles y terminaciones
2026-04-01,0.0,0.0,42,PERFIL-ITS-V-ALERCE,Perfil ITSPANEL V Alerce,Perfiles y terminaciones
2026-05-01,0.0,0.0,42,PERFIL-ITS-V-ALERCE,Perfil ITSPANEL V Alerce,Perfiles y terminaciones
2026-06-01,2.0,0.0,42,PERFIL-ITS-V-ALERCE,Perfil ITSPANEL V Alerce,Perfiles y terminaciones
2026-07-01,0.0,0.0,42,PERFIL-ITS-V-ALERCE,Perfil ITSPANEL V Alerce,Perfiles y terminaciones
2026-01-01,19.0,111605.04999999999,43,PERFIL-ITS-V-GRIS,Perfil ITSPANEL V Gris,Perfiles y terminaciones
2026-02-01,17.0,99857.15,43,PERFIL-ITS-V-GRIS,Perfil ITSPANEL V Gris,Perfiles y terminaciones
2026-03-01,6.0,35243.7,43,PERFIL-ITS-V-GRIS,Perfil ITSPANEL V Gris,Perfiles y terminaciones
2026-04-01,13.0,76361.35,43,PERFIL-ITS-V-GRIS,Perfil ITSPANEL V Gris,Perfiles y terminaciones
2026-05-01,0.0,0.0,43,PERFIL-ITS-V-GRIS,Perfil ITSPANEL V Gris,Perfiles y terminaciones
2026-06-01,0.0,0.0,43,PERFIL-ITS-V-GRIS,Perfil ITSPANEL V Gris,Perfiles y terminaciones
2026-07-01,0.0,0.0,43,PERFIL-ITS-V-GRIS,Perfil ITSPANEL V Gris,Perfiles y terminaciones
2025-11-01,5.0,37773.11,44,PERFIL-ITS-V-NEGRO,Perfil ITSPANEL V Negro,Perfiles y terminaciones
2025-12-01,9.0,67991.6,44,PERFIL-ITS-V-NEGRO,Perfil ITSPANEL V Negro,Perfiles y terminaciones
2026-01-01,0.0,0.0,44,PERFIL-ITS-V-NEGRO,Perfil ITSPANEL V Negro,Perfiles y terminaciones
2026-02-01,17.0,128428.57,44,PERFIL-ITS-V-NEGRO,Perfil ITSPANEL V Negro,Perfiles y terminaciones
2026-03-01,0.0,0.0,44,PERFIL-ITS-V-NEGRO,Perfil ITSPANEL V Negro,Perfiles y terminaciones
2026-04-01,0.0,0.0,44,PERFIL-ITS-V-NEGRO,Perfil ITSPANEL V Negro,Perfiles y terminaciones
2026-05-01,0.0,0.0,44,PERFIL-ITS-V-NEGRO,Perfil ITSPANEL V Negro,Perfiles y terminaciones
2026-06-01,33.0,249302.52000000002,44,PERFIL-ITS-V-NEGRO,Perfil ITSPANEL V Negro,Perfiles y terminaciones
2026-07-01,0.0,0.0,44,PERFIL-ITS-V-NEGRO,Perfil ITSPANEL V Negro,Perfiles y terminaciones
2025-11-01,4.0,30218.49,45,PERFIL-ITS-V-BLANCO,Perfil ITSPANEL V Blanco,Perfiles y terminaciones
2025-12-01,0.0,0.0,45,PERFIL-ITS-V-BLANCO,Perfil ITSPANEL V Blanco,Perfiles y terminaciones
2026-01-01,0.0,0.0,45,PERFIL-ITS-V-BLANCO,Perfil ITSPANEL V Blanco,Perfiles y terminaciones
2026-02-01,8.0,60436.97,45,PERFIL-ITS-V-BLANCO,Perfil ITSPANEL V Blanco,Perfiles y terminaciones
2026-03-01,12.0,90655.45999999999,45,PERFIL-ITS-V-BLANCO,Perfil ITSPANEL V Blanco,Perfiles y terminaciones
2026-04-01,3.0,22663.87,45,PERFIL-ITS-V-BLANCO,Perfil ITSPANEL V Blanco,Perfiles y terminaciones
2026-05-01,3.0,22663.86,45,PERFIL-ITS-V-BLANCO,Perfil ITSPANEL V Blanco,Perfiles y terminaciones
2026-06-01,2.0,15109.24,45,PERFIL-ITS-V-BLANCO,Perfil ITSPANEL V Blanco,Perfiles y terminaciones
2026-07-01,0.0,0.0,45,PERFIL-ITS-V-BLANCO,Perfil ITSPANEL V Blanco,Perfiles y terminaciones
2025-09-01,9.0,67991.59,46,PERFIL-ITS-J-CIPRES,Perfil ITSPANEL J Cipres,Perfiles y terminaciones
2025-10-01,75.0,566596.64,46,PERFIL-ITS-J-CIPRES,Perfil ITSPANEL J Cipres,Perfiles y terminaciones
2025-11-01,85.0,642142.8500000001,46,PERFIL-ITS-J-CIPRES,Perfil ITSPANEL J Cipres,Perfiles y terminaciones
2025-12-01,90.0,679915.96,46,PERFIL-ITS-J-CIPRES,Perfil ITSPANEL J Cipres,Perfiles y terminaciones
2026-01-01,91.0,687470.59,46,PERFIL-ITS-J-CIPRES,Perfil ITSPANEL J Cipres,Perfiles y terminaciones
2026-02-01,35.0,264411.77,46,PERFIL-ITS-J-CIPRES,Perfil ITSPANEL J Cipres,Perfiles y terminaciones
2026-03-01,0.0,0.0,46,PERFIL-ITS-J-CIPRES,Perfil ITSPANEL J Cipres,Perfiles y terminaciones
2026-04-01,0.0,0.0,46,PERFIL-ITS-J-CIPRES,Perfil ITSPANEL J Cipres,Perfiles y terminaciones
2026-05-01,1.0,7554.62,46,PERFIL-ITS-J-CIPRES,Perfil ITSPANEL J Cipres,Perfiles y terminaciones
2026-06-01,32.0,241747.90000000002,46,PERFIL-ITS-J-CIPRES,Perfil ITSPANEL J Cipres,Perfiles y terminaciones
2026-07-01,0.0,0.0,46,PERFIL-ITS-J-CIPRES,Perfil ITSPANEL J Cipres,Perfiles y terminaciones
2025-11-01,57.0,430613.43,47,PERFIL-ITS-J-ALERCE,Perfil ITSPANEL J Alerce,Perfiles y terminaciones
2025-12-01,66.0,498605.04000000004,47,PERFIL-ITS-J-ALERCE,Perfil ITSPANEL J Alerce,Perfiles y terminaciones
2026-01-01,3.0,22663.87,47,PERFIL-ITS-J-ALERCE,Perfil ITSPANEL J Alerce,Perfiles y terminaciones
2026-02-01,0.0,0.0,47,PERFIL-ITS-J-ALERCE,Perfil ITSPANEL J Alerce,Perfiles y terminaciones
2026-03-01,0.0,0.0,47,PERFIL-ITS-J-ALERCE,Perfil ITSPANEL J Alerce,Perfiles y terminaciones
2026-04-01,0.0,0.0,47,PERFIL-ITS-J-ALERCE,Perfil ITSPANEL J Alerce,Perfiles y terminaciones
2026-05-01,0.0,0.0,47,PERFIL-ITS-J-ALERCE,Perfil ITSPANEL J Alerce,Perfiles y terminaciones
2026-06-01,6.0,45327.73,47,PERFIL-ITS-J-ALERCE,Perfil ITSPANEL J Alerce,Perfiles y terminaciones
2026-07-01,0.0,0.0,47,PERFIL-ITS-J-ALERCE,Perfil ITSPANEL J Alerce,Perfiles y terminaciones
2026-01-01,133.0,1004764.7100000001,48,PERFIL-ITS-J-GRIS,Perfil ITSPANEL J Gris,Perfiles y terminaciones
2026-02-01,51.0,385285.72000000003,48,PERFIL-ITS-J-GRIS,Perfil ITSPANEL J Gris,Perfiles y terminaciones
2026-03-01,4.0,30218.48,48,PERFIL-ITS-J-GRIS,Perfil ITSPANEL J Gris,Perfiles y terminaciones
2026-04-01,2.0,15109.24,48,PERFIL-ITS-J-GRIS,Perfil ITSPANEL J Gris,Perfiles y terminaciones
2026-05-01,0.0,0.0,48,PERFIL-ITS-J-GRIS,Perfil ITSPANEL J Gris,Perfiles y terminaciones
2026-06-01,0.0,0.0,48,PERFIL-ITS-J-GRIS,Perfil ITSPANEL J Gris,Perfiles y terminaciones
2026-07-01,0.0,0.0,48,PERFIL-ITS-J-GRIS,Perfil ITSPANEL J Gris,Perfiles y terminaciones
2025-10-01,32.0,241747.90000000002,49,PERFIL-ITS-J-NEGRO,Perfil ITSPANEL J Negro,Perfiles y terminaciones
2025-11-01,35.0,264411.77,49,PERFIL-ITS-J-NEGRO,Perfil ITSPANEL J Negro,Perfiles y terminaciones
2025-12-01,0.0,0.0,49,PERFIL-ITS-J-NEGRO,Perfil ITSPANEL J Negro,Perfiles y terminaciones
2026-01-01,0.0,0.0,49,PERFIL-ITS-J-NEGRO,Perfil ITSPANEL J Negro,Perfiles y terminaciones
2026-02-01,0.0,0.0,49,PERFIL-ITS-J-NEGRO,Perfil ITSPANEL J Negro,Perfiles y terminaciones
2026-03-01,0.0,0.0,49,PERFIL-ITS-J-NEGRO,Perfil ITSPANEL J Negro,Perfiles y terminaciones
2026-04-01,0.0,0.0,49,PERFIL-ITS-J-NEGRO,Perfil ITSPANEL J Negro,Perfiles y terminaciones
2026-05-01,0.0,0.0,49,PERFIL-ITS-J-NEGRO,Perfil ITSPANEL J Negro,Perfiles y terminaciones
2026-06-01,40.0,302184.87,49,PERFIL-ITS-J-NEGRO,Perfil ITSPANEL J Negro,Perfiles y terminaciones
2026-07-01,0.0,0.0,49,PERFIL-ITS-J-NEGRO,Perfil ITSPANEL J Negro,Perfiles y terminaciones
2025-11-01,45.0,339957.99,50,PERFIL-ITS-J-BLANCO,Perfil ITSPANEL J Blanco,Perfiles y terminaciones
2025-12-01,0.0,0.0,50,PERFIL-ITS-J-BLANCO,Perfil ITSPANEL J Blanco,Perfiles y terminaciones
2026-01-01,4.0,30218.49,50,PERFIL-ITS-J-BLANCO,Perfil ITSPANEL J Blanco,Perfiles y terminaciones
2026-02-01,31.0,234193.28,50,PERFIL-ITS-J-BLANCO,Perfil ITSPANEL J Blanco,Perfiles y terminaciones
2026-03-01,24.0,181310.93,50,PERFIL-ITS-J-BLANCO,Perfil ITSPANEL J Blanco,Perfiles y terminaciones
2026-04-01,0.0,0.0,50,PERFIL-ITS-J-BLANCO,Perfil ITSPANEL J Blanco,Perfiles y terminaciones
2026-05-01,1.0,7554.62,50,PERFIL-ITS-J-BLANCO,Perfil ITSPANEL J Blanco,Perfiles y terminaciones
2026-06-01,0.0,0.0,50,PERFIL-ITS-J-BLANCO,Perfil ITSPANEL J Blanco,Perfiles y terminaciones
2026-07-01,0.0,0.0,50,PERFIL-ITS-J-BLANCO,Perfil ITSPANEL J Blanco,Perfiles y terminaciones
2026-01-01,32.0,268638.66000000003,51,PERFIL-ITS-H-GRIS,Perfil ITSPANEL H Gris,Perfiles y terminaciones
2026-02-01,17.0,142714.29,51,PERFIL-ITS-H-GRIS,Perfil ITSPANEL H Gris,Perfiles y terminaciones
2026-03-01,11.0,92344.54,51,PERFIL-ITS-H-GRIS,Perfil ITSPANEL H Gris,Perfiles y terminaciones
2026-04-01,14.0,117529.42,51,PERFIL-ITS-H-GRIS,Perfil ITSPANEL H Gris,Perfiles y terminaciones
2026-05-01,0.0,0.0,51,PERFIL-ITS-H-GRIS,Perfil ITSPANEL H Gris,Perfiles y terminaciones
2026-06-01,0.0,0.0,51,PERFIL-ITS-H-GRIS,Perfil ITSPANEL H Gris,Perfiles y terminaciones
2026-07-01,0.0,0.0,51,PERFIL-ITS-H-GRIS,Perfil ITSPANEL H Gris,Perfiles y terminaciones
2026-01-01,15.0,125924.35999999999,52,PERFIL-ITS-H-CIPRES,Perfil ITSPANEL H Cipres,Perfiles y terminaciones
2026-02-01,1.0,8394.96,52,PERFIL-ITS-H-CIPRES,Perfil ITSPANEL H Cipres,Perfiles y terminaciones
2026-03-01,7.0,58764.71,52,PERFIL-ITS-H-CIPRES,Perfil ITSPANEL H Cipres,Perfiles y terminaciones
2026-04-01,0.0,0.0,52,PERFIL-ITS-H-CIPRES,Perfil ITSPANEL H Cipres,Perfiles y terminaciones
2026-05-01,0.0,0.0,52,PERFIL-ITS-H-CIPRES,Perfil ITSPANEL H Cipres,Perfiles y terminaciones
2026-06-01,1.0,8394.96,52,PERFIL-ITS-H-CIPRES,Perfil ITSPANEL H Cipres,Perfiles y terminaciones
2026-07-01,0.0,0.0,52,PERFIL-ITS-H-CIPRES,Perfil ITSPANEL H Cipres,Perfiles y terminaciones
2026-01-01,3.0,25184.87,53,PERFIL-ITS-H-NEGRO,Perfil ITSPANEL H Negro,Perfiles y terminaciones
2026-02-01,2.0,16789.92,53,PERFIL-ITS-H-NEGRO,Perfil ITSPANEL H Negro,Perfiles y terminaciones
2026-03-01,5.0,41974.78999999999,53,PERFIL-ITS-H-NEGRO,Perfil ITSPANEL H Negro,Perfiles y terminaciones
2026-04-01,4.0,33579.83,53,PERFIL-ITS-H-NEGRO,Perfil ITSPANEL H Negro,Perfiles y terminaciones
2026-05-01,3.0,25184.87,53,PERFIL-ITS-H-NEGRO,Perfil ITSPANEL H Negro,Perfiles y terminaciones
2026-06-01,0.0,0.0,53,PERFIL-ITS-H-NEGRO,Perfil ITSPANEL H Negro,Perfiles y terminaciones
2026-07-01,0.0,0.0,53,PERFIL-ITS-H-NEGRO,Perfil ITSPANEL H Negro,Perfiles y terminaciones
2026-01-01,16.0,134319.34,54,PERFIL-ITS-H-ALERCE,Perfil ITSPANEL H Alerce,Perfiles y terminaciones
2026-02-01,2.0,16789.92,54,PERFIL-ITS-H-ALERCE,Perfil ITSPANEL H Alerce,Perfiles y terminaciones
2026-03-01,0.0,0.0,54,PERFIL-ITS-H-ALERCE,Perfil ITSPANEL H Alerce,Perfiles y terminaciones
2026-04-01,3.0,25184.87,54,PERFIL-ITS-H-ALERCE,Perfil ITSPANEL H Alerce,Perfiles y terminaciones
2026-05-01,0.0,0.0,54,PERFIL-ITS-H-ALERCE,Perfil ITSPANEL H Alerce,Perfiles y terminaciones
2026-06-01,0.0,0.0,54,PERFIL-ITS-H-ALERCE,Perfil ITSPANEL H Alerce,Perfiles y terminaciones
2026-07-01,0.0,0.0,54,PERFIL-ITS-H-ALERCE,Perfil ITSPANEL H Alerce,Perfiles y terminaciones
2026-01-01,76.0,510285.72,56,PERFIL-INICIO,Perfil Inicio,Perfiles y terminaciones
2026-02-01,112.0,752000.0,56,PERFIL-INICIO,Perfil Inicio,Perfiles y terminaciones
2026-03-01,72.0,483428.56,56,PERFIL-INICIO,Perfil Inicio,Perfiles y terminaciones
2026-04-01,46.0,308857.14,56,PERFIL-INICIO,Perfil Inicio,Perfiles y terminaciones
2026-05-01,5.0,33571.43,56,PERFIL-INICIO,Perfil Inicio,Perfiles y terminaciones
2026-06-01,60.0,402857.14,56,PERFIL-INICIO,Perfil Inicio,Perfiles y terminaciones
2026-07-01,0.0,0.0,56,PERFIL-INICIO,Perfil Inicio,Perfiles y terminaciones
2026-01-01,17.0,71285.71,57,PERFIL-L-WPC-LIGHT,Perfil L WPC Light,Perfiles y terminaciones
2026-02-01,12.0,50319.31999999999,57,PERFIL-L-WPC-LIGHT,Perfil L WPC Light,Perfiles y terminaciones
2026-03-01,10.0,41932.78,57,PERFIL-L-WPC-LIGHT,Perfil L WPC Light,Perfiles y terminaciones
2026-04-01,12.0,50319.33,57,PERFIL-L-WPC-LIGHT,Perfil L WPC Light,Perfiles y terminaciones
2026-05-01,21.0,88058.82,57,PERFIL-L-WPC-LIGHT,Perfil L WPC Light,Perfiles y terminaciones
2026-06-01,2.0,8386.55,57,PERFIL-L-WPC-LIGHT,Perfil L WPC Light,Perfiles y terminaciones
2026-07-01,0.0,0.0,57,PERFIL-L-WPC-LIGHT,Perfil L WPC Light,Perfiles y terminaciones
2026-01-01,4.0,16773.11,58,PERFIL-L-WPC-AGED,Perfil L WPC Aged,Perfiles y terminaciones
2026-02-01,12.0,50319.32,58,PERFIL-L-WPC-AGED,Perfil L WPC Aged,Perfiles y terminaciones
2026-03-01,16.0,67092.44,58,PERFIL-L-WPC-AGED,Perfil L WPC Aged,Perfiles y terminaciones
2026-04-01,14.0,58705.869999999995,58,PERFIL-L-WPC-AGED,Perfil L WPC Aged,Perfiles y terminaciones
2026-05-01,2.0,8386.55,58,PERFIL-L-WPC-AGED,Perfil L WPC Aged,Perfiles y terminaciones
2026-06-01,3.0,12579.83,58,PERFIL-L-WPC-AGED,Perfil L WPC Aged,Perfiles y terminaciones
2026-07-01,0.0,0.0,58,PERFIL-L-WPC-AGED,Perfil L WPC Aged,Perfiles y terminaciones
2024-06-01,1407.0,235288.25,59,CLIP-MONTAJE,Clip de montaje,Perfiles y terminaciones
2024-07-01,1499.0,250673.12,59,CLIP-MONTAJE,Clip de montaje,Perfiles y terminaciones
2024-08-01,1281.0,214217.65999999997,59,CLIP-MONTAJE,Clip de montaje,Perfiles y terminaciones
2024-09-01,467.0,78094.95999999999,59,CLIP-MONTAJE,Clip de montaje,Perfiles y terminaciones
2024-10-01,800.0,133781.50999999998,59,CLIP-MONTAJE,Clip de montaje,Perfiles y terminaciones
2024-11-01,620.0,103680.68,59,CLIP-MONTAJE,Clip de montaje,Perfiles y terminaciones
2024-12-01,596.0,99667.23,59,CLIP-MONTAJE,Clip de montaje,Perfiles y terminaciones
2025-01-01,1719.0,287463.03,59,CLIP-MONTAJE,Clip de montaje,Perfiles y terminaciones
2025-02-01,1523.0,254686.56999999998,59,CLIP-MONTAJE,Clip de montaje,Perfiles y terminaciones
2025-03-01,873.0,145989.09,59,CLIP-MONTAJE,Clip de montaje,Perfiles y terminaciones
2025-04-01,1460.0,244151.26,59,CLIP-MONTAJE,Clip de montaje,Perfiles y terminaciones
2025-05-01,339.0,56689.92,59,CLIP-MONTAJE,Clip de montaje,Perfiles y terminaciones
2025-06-01,696.0,116389.93,59,CLIP-MONTAJE,Clip de montaje,Perfiles y terminaciones
2025-07-01,1240.0,207361.34999999998,59,CLIP-MONTAJE,Clip de montaje,Perfiles y terminaciones
2025-08-01,3074.0,514055.47000000003,59,CLIP-MONTAJE,Clip de montaje,Perfiles y terminaciones
2025-09-01,2239.0,374421.0,59,CLIP-MONTAJE,Clip de montaje,Perfiles y terminaciones
2025-10-01,2280.0,381277.32,59,CLIP-MONTAJE,Clip de montaje,Perfiles y terminaciones
2025-11-01,2350.0,392983.19999999995,59,CLIP-MONTAJE,Clip de montaje,Perfiles y terminaciones
2025-12-01,1378.0,230438.66999999998,59,CLIP-MONTAJE,Clip de montaje,Perfiles y terminaciones
2026-01-01,3021.0,505192.43,59,CLIP-MONTAJE,Clip de montaje,Perfiles y terminaciones
2026-02-01,1765.0,295155.45999999996,59,CLIP-MONTAJE,Clip de montaje,Perfiles y terminaciones
2026-03-01,2045.0,341979.0,59,CLIP-MONTAJE,Clip de montaje,Perfiles y terminaciones
2026-04-01,1924.0,321744.54,59,CLIP-MONTAJE,Clip de montaje,Perfiles y terminaciones
2026-05-01,945.0,158029.41999999998,59,CLIP-MONTAJE,Clip de montaje,Perfiles y terminaciones
2026-06-01,71.0,11873.11,59,CLIP-MONTAJE,Clip de montaje,Perfiles y terminaciones
2026-07-01,0.0,0.0,59,CLIP-MONTAJE,Clip de montaje,Perfiles y terminaciones
2024-02-01,153.0,500142.86,60,NO-CLAVO,No Clavo,Adhesivos
2024-03-01,112.0,366117.66,60,NO-CLAVO,No Clavo,Adhesivos
2024-04-01,78.0,254974.8,60,NO-CLAVO,No Clavo,Adhesivos
2024-05-01,11.0,35957.99,60,NO-CLAVO,No Clavo,Adhesivos
2024-06-01,110.0,359579.86,60,NO-CLAVO,No Clavo,Adhesivos
2024-07-01,134.0,438033.64999999997,60,NO-CLAVO,No Clavo,Adhesivos
2024-08-01,41.0,134025.23,60,NO-CLAVO,No Clavo,Adhesivos
2024-09-01,74.0,241899.19,60,NO-CLAVO,No Clavo,Adhesivos
2024-10-01,76.0,248437.0,60,NO-CLAVO,No Clavo,Adhesivos
2024-11-01,71.0,232092.44,60,NO-CLAVO,No Clavo,Adhesivos
2024-12-01,51.0,166714.31,60,NO-CLAVO,No Clavo,Adhesivos
2025-01-01,154.0,503411.77,60,NO-CLAVO,No Clavo,Adhesivos
2025-02-01,143.0,467453.8,60,NO-CLAVO,No Clavo,Adhesivos
2025-03-01,99.0,323621.86,60,NO-CLAVO,No Clavo,Adhesivos
2025-04-01,138.0,451109.25,60,NO-CLAVO,No Clavo,Adhesivos
2025-05-01,54.0,176521.01,60,NO-CLAVO,No Clavo,Adhesivos
2025-06-01,111.0,362848.75,60,NO-CLAVO,No Clavo,Adhesivos
2025-07-01,74.0,248117.63,60,NO-CLAVO,No Clavo,Adhesivos
2025-08-01,156.0,523058.82,60,NO-CLAVO,No Clavo,Adhesivos
2025-09-01,136.0,455999.98,60,NO-CLAVO,No Clavo,Adhesivos
2025-10-01,70.0,234705.88,60,NO-CLAVO,No Clavo,Adhesivos
2025-11-01,51.0,170999.98,60,NO-CLAVO,No Clavo,Adhesivos
2025-12-01,121.0,405705.88,60,NO-CLAVO,No Clavo,Adhesivos
2026-01-01,129.0,432529.41000000003,60,NO-CLAVO,No Clavo,Adhesivos
2026-02-01,77.0,258176.48,60,NO-CLAVO,No Clavo,Adhesivos
2026-03-01,124.0,415764.7,60,NO-CLAVO,No Clavo,Adhesivos
2026-04-01,45.0,150882.35,60,NO-CLAVO,No Clavo,Adhesivos
2026-05-01,42.0,140823.52,60,NO-CLAVO,No Clavo,Adhesivos
2026-06-01,6.0,20117.64,60,NO-CLAVO,No Clavo,Adhesivos
2026-07-01,0.0,0.0,60,NO-CLAVO,No Clavo,Adhesivos
2024-02-01,64.0,424336.12,61,FIX-ALL,Fix All,Adhesivos
2024-03-01,50.0,331512.6,61,FIX-ALL,Fix All,Adhesivos
2024-04-01,1.0,6630.25,61,FIX-ALL,Fix All,Adhesivos
2024-05-01,22.0,145865.53999999998,61,FIX-ALL,Fix All,Adhesivos
2024-06-01,12.0,79563.02,61,FIX-ALL,Fix All,Adhesivos
2024-07-01,24.0,159126.03999999998,61,FIX-ALL,Fix All,Adhesivos
2024-08-01,11.0,72932.78,61,FIX-ALL,Fix All,Adhesivos
2024-09-01,35.0,232058.81,61,FIX-ALL,Fix All,Adhesivos
2024-10-01,14.0,92823.52,61,FIX-ALL,Fix All,Adhesivos
2024-11-01,0.0,0.0,61,FIX-ALL,Fix All,Adhesivos
2024-12-01,21.0,139235.29,61,FIX-ALL,Fix All,Adhesivos
2025-01-01,76.0,503899.17000000004,61,FIX-ALL,Fix All,Adhesivos
2025-02-01,85.0,563571.4,61,FIX-ALL,Fix All,Adhesivos
2025-03-01,24.0,159126.05,61,FIX-ALL,Fix All,Adhesivos
2025-04-01,49.0,324882.35,61,FIX-ALL,Fix All,Adhesivos
2025-05-01,4.0,26521.01,61,FIX-ALL,Fix All,Adhesivos
2025-06-01,27.0,179016.79,61,FIX-ALL,Fix All,Adhesivos
2025-07-01,30.0,201428.59,61,FIX-ALL,Fix All,Adhesivos
2025-08-01,31.0,208142.86,61,FIX-ALL,Fix All,Adhesivos
2025-09-01,42.0,282000.0,61,FIX-ALL,Fix All,Adhesivos
2025-10-01,97.0,651285.73,61,FIX-ALL,Fix All,Adhesivos
2025-11-01,51.0,342428.56,61,FIX-ALL,Fix All,Adhesivos
2025-12-01,49.0,329000.0,61,FIX-ALL,Fix All,Adhesivos
2026-01-01,78.0,523714.3,61,FIX-ALL,Fix All,Adhesivos
2026-02-01,50.0,335714.27999999997,61,FIX-ALL,Fix All,Adhesivos
2026-03-01,60.0,402857.15,61,FIX-ALL,Fix All,Adhesivos
2026-04-01,65.0,436428.57,61,FIX-ALL,Fix All,Adhesivos
2026-05-01,63.0,423000.01,61,FIX-ALL,Fix All,Adhesivos
2026-06-01,11.0,73857.14,61,FIX-ALL,Fix All,Adhesivos
2026-07-01,0.0,0.0,61,FIX-ALL,Fix All,Adhesivos
2024-02-01,12.0,201579.84,62,GALON-NO-CLAVO,Galon no Clavo,Adhesivos
2024-03-01,8.0,134386.56,62,GALON-NO-CLAVO,Galon no Clavo,Adhesivos
2024-04-01,1.0,16798.32,62,GALON-NO-CLAVO,Galon no Clavo,Adhesivos
2024-05-01,9.0,151184.88,62,GALON-NO-CLAVO,Galon no Clavo,Adhesivos
2024-06-01,19.0,319168.08,62,GALON-NO-CLAVO,Galon no Clavo,Adhesivos
2024-07-01,5.0,83991.6,62,GALON-NO-CLAVO,Galon no Clavo,Adhesivos
2024-08-01,0.0,0.0,62,GALON-NO-CLAVO,Galon no Clavo,Adhesivos
2024-09-01,7.0,117588.23999999999,62,GALON-NO-CLAVO,Galon no Clavo,Adhesivos
2024-10-01,4.0,67193.28,62,GALON-NO-CLAVO,Galon no Clavo,Adhesivos
2024-11-01,10.0,167983.2,62,GALON-NO-CLAVO,Galon no Clavo,Adhesivos
2024-12-01,14.0,235176.47999999998,62,GALON-NO-CLAVO,Galon no Clavo,Adhesivos
2025-01-01,32.0,537546.23,62,GALON-NO-CLAVO,Galon no Clavo,Adhesivos
2025-02-01,22.0,369563.04,62,GALON-NO-CLAVO,Galon no Clavo,Adhesivos
2025-03-01,17.0,285571.44,62,GALON-NO-CLAVO,Galon no Clavo,Adhesivos
2025-04-01,12.0,201579.84,62,GALON-NO-CLAVO,Galon no Clavo,Adhesivos
2025-05-01,16.0,268773.12,62,GALON-NO-CLAVO,Galon no Clavo,Adhesivos
2025-06-01,10.0,167983.2,62,GALON-NO-CLAVO,Galon no Clavo,Adhesivos
2025-07-01,15.0,251974.8,62,GALON-NO-CLAVO,Galon no Clavo,Adhesivos
2025-08-01,33.0,554344.56,62,GALON-NO-CLAVO,Galon no Clavo,Adhesivos
2025-09-01,16.0,268773.12,62,GALON-NO-CLAVO,Galon no Clavo,Adhesivos
2025-10-01,20.0,335966.4,62,GALON-NO-CLAVO,Galon no Clavo,Adhesivos
2025-11-01,13.0,218378.16,62,GALON-NO-CLAVO,Galon no Clavo,Adhesivos
2025-12-01,16.0,268773.12,62,GALON-NO-CLAVO,Galon no Clavo,Adhesivos
2026-01-01,17.0,285571.44,62,GALON-NO-CLAVO,Galon no Clavo,Adhesivos
2026-02-01,13.0,218378.16,62,GALON-NO-CLAVO,Galon no Clavo,Adhesivos
2026-03-01,4.0,67193.28,62,GALON-NO-CLAVO,Galon no Clavo,Adhesivos
2026-04-01,12.0,201579.84,62,GALON-NO-CLAVO,Galon no Clavo,Adhesivos
2026-05-01,5.0,83991.6,62,GALON-NO-CLAVO,Galon no Clavo,Adhesivos
2026-06-01,2.0,33596.64,62,GALON-NO-CLAVO,Galon no Clavo,Adhesivos
2026-07-01,0.0,0.0,62,GALON-NO-CLAVO,Galon no Clavo,Adhesivos
2022-06-01,25.0,75420.17,63,MADERA-2X3,2x3,Maderas
2022-07-01,91.0,274529.41,63,MADERA-2X3,2x3,Maderas
2022-08-01,21.0,63352.94,63,MADERA-2X3,2x3,Maderas
2022-09-01,85.0,256428.57,63,MADERA-2X3,2x3,Maderas
2022-10-01,36.0,108605.04,63,MADERA-2X3,2x3,Maderas
2022-11-01,23.0,69386.56,63,MADERA-2X3,2x3,Maderas
2022-12-01,0.0,0.0,63,MADERA-2X3,2x3,Maderas
2023-01-01,120.0,362016.8,63,MADERA-2X3,2x3,Maderas
2023-02-01,9.0,27151.260000000002,63,MADERA-2X3,2x3,Maderas
2023-03-01,18.0,54302.52,63,MADERA-2X3,2x3,Maderas
2023-04-01,3.0,9050.42,63,MADERA-2X3,2x3,Maderas
2023-05-01,22.0,66369.74,63,MADERA-2X3,2x3,Maderas
2023-06-01,94.0,283579.82999999996,63,MADERA-2X3,2x3,Maderas
2023-07-01,4.0,12067.23,63,MADERA-2X3,2x3,Maderas
2023-08-01,2.0,6033.61,63,MADERA-2X3,2x3,Maderas
2023-09-01,4.0,12067.22,63,MADERA-2X3,2x3,Maderas
2023-10-01,55.0,165924.37,63,MADERA-2X3,2x3,Maderas
2023-11-01,3.0,9050.42,63,MADERA-2X3,2x3,Maderas
2023-12-01,5.0,15084.03,63,MADERA-2X3,2x3,Maderas
2024-01-01,6.0,18100.84,63,MADERA-2X3,2x3,Maderas
2024-02-01,21.0,63352.94,63,MADERA-2X3,2x3,Maderas
2024-03-01,7.0,21117.65,63,MADERA-2X3,2x3,Maderas
2024-04-01,0.0,0.0,63,MADERA-2X3,2x3,Maderas
2024-05-01,3.0,9050.42,63,MADERA-2X3,2x3,Maderas
2024-06-01,0.0,0.0,63,MADERA-2X3,2x3,Maderas
2024-07-01,12.0,36201.69,63,MADERA-2X3,2x3,Maderas
2024-08-01,2.0,6033.62,63,MADERA-2X3,2x3,Maderas
2024-09-01,7.0,21117.65,63,MADERA-2X3,2x3,Maderas
2024-10-01,3.0,9050.42,63,MADERA-2X3,2x3,Maderas
2024-11-01,0.0,0.0,63,MADERA-2X3,2x3,Maderas
2024-12-01,54.0,162907.57,63,MADERA-2X3,2x3,Maderas
2025-01-01,24.0,72403.35,63,MADERA-2X3,2x3,Maderas
2025-02-01,22.0,66369.73999999999,63,MADERA-2X3,2x3,Maderas
2025-03-01,0.0,0.0,63,MADERA-2X3,2x3,Maderas
2025-04-01,6.0,18100.84,63,MADERA-2X3,2x3,Maderas
2025-05-01,0.0,0.0,63,MADERA-2X3,2x3,Maderas
2025-06-01,3.0,9050.42,63,MADERA-2X3,2x3,Maderas
2025-07-01,2.0,6033.61,63,MADERA-2X3,2x3,Maderas
2025-08-01,0.0,0.0,63,MADERA-2X3,2x3,Maderas
2025-09-01,0.0,0.0,63,MADERA-2X3,2x3,Maderas
2025-10-01,0.0,0.0,63,MADERA-2X3,2x3,Maderas
2025-11-01,0.0,0.0,63,MADERA-2X3,2x3,Maderas
2025-12-01,0.0,0.0,63,MADERA-2X3,2x3,Maderas
2026-01-01,0.0,0.0,63,MADERA-2X3,2x3,Maderas
2026-02-01,0.0,0.0,63,MADERA-2X3,2x3,Maderas
2026-03-01,0.0,0.0,63,MADERA-2X3,2x3,Maderas
2026-04-01,0.0,0.0,63,MADERA-2X3,2x3,Maderas
2026-05-01,0.0,0.0,63,MADERA-2X3,2x3,Maderas
2026-06-01,0.0,0.0,63,MADERA-2X3,2x3,Maderas
2026-07-01,0.0,0.0,63,MADERA-2X3,2x3,Maderas
2022-09-01,49.0,230176.47,64,TERRAZA-4,Terraza 4',Maderas
2022-10-01,4.0,18789.92,64,TERRAZA-4,Terraza 4',Maderas
2022-11-01,6.0,28184.87,64,TERRAZA-4,Terraza 4',Maderas
2022-12-01,1.0,4697.48,64,TERRAZA-4,Terraza 4',Maderas
2023-01-01,25.0,117436.98000000001,64,TERRAZA-4,Terraza 4',Maderas
2023-02-01,99.0,465050.42,64,TERRAZA-4,Terraza 4',Maderas
2023-03-01,0.0,0.0,64,TERRAZA-4,Terraza 4',Maderas
2023-04-01,0.0,0.0,64,TERRAZA-4,Terraza 4',Maderas
2023-05-01,1.0,4697.48,64,TERRAZA-4,Terraza 4',Maderas
2023-06-01,18.0,84554.62,64,TERRAZA-4,Terraza 4',Maderas
2023-07-01,0.0,0.0,64,TERRAZA-4,Terraza 4',Maderas
2023-08-01,1.0,4697.48,64,TERRAZA-4,Terraza 4',Maderas
2023-09-01,2.0,9394.96,64,TERRAZA-4,Terraza 4',Maderas
2023-10-01,13.0,61067.229999999996,64,TERRAZA-4,Terraza 4',Maderas
2023-11-01,16.0,75159.66,64,TERRAZA-4,Terraza 4',Maderas
2023-12-01,40.0,187899.16,64,TERRAZA-4,Terraza 4',Maderas
2024-01-01,2.0,9394.96,64,TERRAZA-4,Terraza 4',Maderas
2024-02-01,0.0,0.0,64,TERRAZA-4,Terraza 4',Maderas
2024-03-01,13.0,61067.23,64,TERRAZA-4,Terraza 4',Maderas
2024-04-01,0.0,0.0,64,TERRAZA-4,Terraza 4',Maderas
2024-05-01,1.0,4697.48,64,TERRAZA-4,Terraza 4',Maderas
2024-06-01,0.0,0.0,64,TERRAZA-4,Terraza 4',Maderas
2024-07-01,0.0,0.0,64,TERRAZA-4,Terraza 4',Maderas
2024-08-01,0.0,0.0,64,TERRAZA-4,Terraza 4',Maderas
2024-09-01,0.0,0.0,64,TERRAZA-4,Terraza 4',Maderas
2024-10-01,0.0,0.0,64,TERRAZA-4,Terraza 4',Maderas
2024-11-01,12.0,56369.75,64,TERRAZA-4,Terraza 4',Maderas
2024-12-01,0.0,0.0,64,TERRAZA-4,Terraza 4',Maderas
2025-01-01,0.0,0.0,64,TERRAZA-4,Terraza 4',Maderas
2025-02-01,0.0,0.0,64,TERRAZA-4,Terraza 4',Maderas
2025-03-01,42.0,197294.12,64,TERRAZA-4,Terraza 4',Maderas
2025-04-01,6.0,28184.87,64,TERRAZA-4,Terraza 4',Maderas
2025-05-01,0.0,0.0,64,TERRAZA-4,Terraza 4',Maderas
2025-06-01,0.0,0.0,64,TERRAZA-4,Terraza 4',Maderas
2025-07-01,0.0,0.0,64,TERRAZA-4,Terraza 4',Maderas
2025-08-01,0.0,0.0,64,TERRAZA-4,Terraza 4',Maderas
2025-09-01,0.0,0.0,64,TERRAZA-4,Terraza 4',Maderas
2025-10-01,0.0,0.0,64,TERRAZA-4,Terraza 4',Maderas
2025-11-01,0.0,0.0,64,TERRAZA-4,Terraza 4',Maderas
2025-12-01,0.0,0.0,64,TERRAZA-4,Terraza 4',Maderas
2026-01-01,0.0,0.0,64,TERRAZA-4,Terraza 4',Maderas
2026-02-01,0.0,0.0,64,TERRAZA-4,Terraza 4',Maderas
2026-03-01,0.0,0.0,64,TERRAZA-4,Terraza 4',Maderas
2026-04-01,0.0,0.0,64,TERRAZA-4,Terraza 4',Maderas
2026-05-01,0.0,0.0,64,TERRAZA-4,Terraza 4',Maderas
2026-06-01,0.0,0.0,64,TERRAZA-4,Terraza 4',Maderas
2026-07-01,0.0,0.0,64,TERRAZA-4,Terraza 4',Maderas
2022-11-01,7.0,99941.17,65,LANA-VIDRIO,Lana de Vidrio,Aislación
2022-12-01,55.0,785252.0900000001,65,LANA-VIDRIO,Lana de Vidrio,Aislación
2023-01-01,69.0,985134.46,65,LANA-VIDRIO,Lana de Vidrio,Aislación
2023-02-01,19.0,271268.9,65,LANA-VIDRIO,Lana de Vidrio,Aislación
2023-03-01,19.0,271268.89,65,LANA-VIDRIO,Lana de Vidrio,Aislación
2023-04-01,22.0,314100.83999999997,65,LANA-VIDRIO,Lana de Vidrio,Aislación
2023-05-01,14.0,199882.34999999998,65,LANA-VIDRIO,Lana de Vidrio,Aislación
2023-06-01,17.0,242714.29,65,LANA-VIDRIO,Lana de Vidrio,Aislación
2023-07-01,18.0,256991.59,65,LANA-VIDRIO,Lana de Vidrio,Aislación
2023-08-01,1.0,14277.31,65,LANA-VIDRIO,Lana de Vidrio,Aislación
2023-09-01,1.0,14277.31,65,LANA-VIDRIO,Lana de Vidrio,Aislación
2023-10-01,1.0,14277.31,65,LANA-VIDRIO,Lana de Vidrio,Aislación
2023-11-01,0.0,0.0,65,LANA-VIDRIO,Lana de Vidrio,Aislación
2023-12-01,0.0,0.0,65,LANA-VIDRIO,Lana de Vidrio,Aislación
2024-01-01,13.0,185605.03999999998,65,LANA-VIDRIO,Lana de Vidrio,Aislación
2024-02-01,0.0,0.0,65,LANA-VIDRIO,Lana de Vidrio,Aislación
2024-03-01,31.0,442596.63999999996,65,LANA-VIDRIO,Lana de Vidrio,Aislación
2024-04-01,3.0,42831.93,65,LANA-VIDRIO,Lana de Vidrio,Aislación
2024-05-01,10.0,142773.11,65,LANA-VIDRIO,Lana de Vidrio,Aislación
2024-06-01,1.0,14277.31,65,LANA-VIDRIO,Lana de Vidrio,Aislación
2024-07-01,7.0,99941.17,65,LANA-VIDRIO,Lana de Vidrio,Aislación
2024-08-01,2.0,28554.62,65,LANA-VIDRIO,Lana de Vidrio,Aislación
2024-09-01,11.0,157050.41999999998,65,LANA-VIDRIO,Lana de Vidrio,Aislación
2024-10-01,7.0,99941.17,65,LANA-VIDRIO,Lana de Vidrio,Aislación
2024-11-01,5.0,71386.55,65,LANA-VIDRIO,Lana de Vidrio,Aislación
2024-12-01,9.0,128495.79000000001,65,LANA-VIDRIO,Lana de Vidrio,Aislación
2025-01-01,12.0,171327.72,65,LANA-VIDRIO,Lana de Vidrio,Aislación
2025-02-01,37.0,528260.49,65,LANA-VIDRIO,Lana de Vidrio,Aislación
2025-03-01,28.0,399764.69999999995,65,LANA-VIDRIO,Lana de Vidrio,Aislación
2025-04-01,67.0,956579.83,65,LANA-VIDRIO,Lana de Vidrio,Aislación
2025-05-01,201.0,2869739.49,65,LANA-VIDRIO,Lana de Vidrio,Aislación
2025-06-01,95.0,1356344.54,65,LANA-VIDRIO,Lana de Vidrio,Aislación
2025-07-01,0.0,0.0,65,LANA-VIDRIO,Lana de Vidrio,Aislación
2025-08-01,0.0,0.0,65,LANA-VIDRIO,Lana de Vidrio,Aislación
2025-09-01,0.0,0.0,65,LANA-VIDRIO,Lana de Vidrio,Aislación
2025-10-01,0.0,0.0,65,LANA-VIDRIO,Lana de Vidrio,Aislación
2025-11-01,0.0,0.0,65,LANA-VIDRIO,Lana de Vidrio,Aislación
2025-12-01,0.0,0.0,65,LANA-VIDRIO,Lana de Vidrio,Aislación
2026-01-01,0.0,0.0,65,LANA-VIDRIO,Lana de Vidrio,Aislación
2026-02-01,0.0,0.0,65,LANA-VIDRIO,Lana de Vidrio,Aislación
2026-03-01,0.0,0.0,65,LANA-VIDRIO,Lana de Vidrio,Aislación
2026-04-01,0.0,0.0,65,LANA-VIDRIO,Lana de Vidrio,Aislación
2026-05-01,0.0,0.0,65,LANA-VIDRIO,Lana de Vidrio,Aislación
2026-06-01,0.0,0.0,65,LANA-VIDRIO,Lana de Vidrio,Aislación
2026-07-01,0.0,0.0,65,LANA-VIDRIO,Lana de Vidrio,Aislación
2022-06-01,1183.0,3568882.35,66,ROLLETE-96,Rollete 96,Accesorios
2022-07-01,437.0,1318344.53,66,ROLLETE-96,Rollete 96,Accesorios
2022-08-01,1037.0,3128428.58,66,ROLLETE-96,Rollete 96,Accesorios
2022-09-01,341.0,1028731.12,66,ROLLETE-96,Rollete 96,Accesorios
2022-10-01,412.0,1242924.37,66,ROLLETE-96,Rollete 96,Accesorios
2022-11-01,802.0,2419478.98,66,ROLLETE-96,Rollete 96,Accesorios
2022-12-01,569.0,1716563.03,66,ROLLETE-96,Rollete 96,Accesorios
2023-01-01,363.0,1095100.84,66,ROLLETE-96,Rollete 96,Accesorios
2023-02-01,366.0,1104151.27,66,ROLLETE-96,Rollete 96,Accesorios
2023-03-01,174.0,524924.3600000001,66,ROLLETE-96,Rollete 96,Accesorios
2023-04-01,126.0,380117.64,66,ROLLETE-96,Rollete 96,Accesorios
2023-05-01,60.0,181008.41,66,ROLLETE-96,Rollete 96,Accesorios
2023-06-01,7.0,21117.65,66,ROLLETE-96,Rollete 96,Accesorios
2023-07-01,33.0,99554.61,66,ROLLETE-96,Rollete 96,Accesorios
2023-08-01,58.0,174974.78999999998,66,ROLLETE-96,Rollete 96,Accesorios
2023-09-01,32.0,96537.81,66,ROLLETE-96,Rollete 96,Accesorios
2023-10-01,35.0,105588.23,66,ROLLETE-96,Rollete 96,Accesorios
2023-11-01,0.0,0.0,66,ROLLETE-96,Rollete 96,Accesorios
2023-12-01,77.0,232294.12,66,ROLLETE-96,Rollete 96,Accesorios
2024-01-01,89.0,268495.8,66,ROLLETE-96,Rollete 96,Accesorios
2024-02-01,6.0,18100.84,66,ROLLETE-96,Rollete 96,Accesorios
2024-03-01,101.0,304697.48,66,ROLLETE-96,Rollete 96,Accesorios
2024-04-01,20.0,60336.13,66,ROLLETE-96,Rollete 96,Accesorios
2024-05-01,10.0,30168.07,66,ROLLETE-96,Rollete 96,Accesorios
2024-06-01,25.0,75420.16,66,ROLLETE-96,Rollete 96,Accesorios
2024-07-01,1.0,3016.81,66,ROLLETE-96,Rollete 96,Accesorios
2024-08-01,66.0,199109.24,66,ROLLETE-96,Rollete 96,Accesorios
2024-09-01,3.0,9050.42,66,ROLLETE-96,Rollete 96,Accesorios
2024-10-01,134.0,404252.11,66,ROLLETE-96,Rollete 96,Accesorios
2024-11-01,23.0,69386.55,66,ROLLETE-96,Rollete 96,Accesorios
2024-12-01,35.0,105588.23,66,ROLLETE-96,Rollete 96,Accesorios
2025-01-01,22.0,66369.73999999999,66,ROLLETE-96,Rollete 96,Accesorios
2025-02-01,53.0,159890.75,66,ROLLETE-96,Rollete 96,Accesorios
2025-03-01,63.0,190058.83,66,ROLLETE-96,Rollete 96,Accesorios
2025-04-01,24.0,72403.36,66,ROLLETE-96,Rollete 96,Accesorios
2025-05-01,42.0,126705.87999999999,66,ROLLETE-96,Rollete 96,Accesorios
2025-06-01,9.0,27151.260000000002,66,ROLLETE-96,Rollete 96,Accesorios
2025-07-01,9.0,27151.260000000002,66,ROLLETE-96,Rollete 96,Accesorios
2025-08-01,16.0,48268.91,66,ROLLETE-96,Rollete 96,Accesorios
2025-09-01,24.0,72403.35,66,ROLLETE-96,Rollete 96,Accesorios
2025-10-01,36.0,108605.04000000001,66,ROLLETE-96,Rollete 96,Accesorios
2025-11-01,2.0,6033.61,66,ROLLETE-96,Rollete 96,Accesorios
2025-12-01,15.0,45252.1,66,ROLLETE-96,Rollete 96,Accesorios
2026-01-01,0.0,0.0,66,ROLLETE-96,Rollete 96,Accesorios
2026-02-01,15.0,45252.1,66,ROLLETE-96,Rollete 96,Accesorios
2026-03-01,0.0,0.0,66,ROLLETE-96,Rollete 96,Accesorios
2026-04-01,0.0,0.0,66,ROLLETE-96,Rollete 96,Accesorios
2026-05-01,0.0,0.0,66,ROLLETE-96,Rollete 96,Accesorios
2026-06-01,0.0,0.0,66,ROLLETE-96,Rollete 96,Accesorios
2026-07-01,0.0,0.0,66,ROLLETE-96,Rollete 96,Accesorios
